date,year,month,day,day_of_year,season,city,latitude,longitude,temp_mean_c,temp_max_c,temp_min_c,temp_range_c,feels_like_c,dew_point_c,humidity_pct,precipitation_mm,wind_speed_kmh,wind_direction_deg,pressure_hpa,solar_radiation_mj_m2,sunshine_hours,weather_code,weather_description,nasa_temp_mean_c,nasa_temp_max_c,nasa_temp_min_c,nasa_precipitation_mm,nasa_humidity_pct,nasa_wind_speed_kmh,nasa_wind_direction_deg,nasa_pressure_hpa,data_source,dengue_new_hospitalizations,dengue_deaths,dengue_discharges,dengue_active_cases,dengue_cumulative_cases_yr,dengue_cumulative_deaths_yr,dengue_cfr_running_pct,dengue_dominant_serotype,dengue_alert_level,dengue_source,dengue_7day_avg,dengue_14day_avg,precip_lag7d_mm,precip_lag14d_mm,precip_lag21d_mm,humidity_lag7d_pct,humidity_lag14d_pct,humidity_lag21d_pct
2021-04-10,2021,4,10,100,Pre-Monsoon,Dhaka,23.71,90.41,30.85,37.58,24.33,13.2,30.4,21.0,51.0,1.26,8.28,209.7,1008.6,15.0,7.4,2,Partly cloudy,30.85,37.58,24.33,1.26,50.96,8.28,209.7,1008.6,NASA POWER MERRA-2 (primary) + ERA5-normals sim (solar/sunshine/weather-code),7,0,0,7,7,0,0.0,DENV-3,Watch,DGHS/WHO/PMC anchored estimates (daily distribution),7.0,7.0,,,,,,
2021-04-11,2021,4,11,101,Pre-Monsoon,Dhaka,23.71,90.41,31.9,38.64,25.06,13.6,31.5,22.3,51.8,0.11,9.94,201.0,1009.6,16.7,7.0,61,Moderate rain,31.9,38.64,25.06,0.11,51.76,9.94,201.0,1009.6,NASA POWER MERRA-2 (primary) + ERA5-normals sim (solar/sunshine/weather-code),5,0,7,12,12,0,0.0,DENV-3,Watch,DGHS/WHO/PMC anchored estimates (daily distribution),6.0,6.0,,,,,,
2021-04-12,2021,4,12,102,Pre-Monsoon,Dhaka,23.71,90.41,32.63,39.54,27.03,12.5,32.1,22.4,48.6,0.02,11.63,206.9,1009.6,21.8,6.0,3,Overcast,32.63,39.54,27.03,0.02,48.61,11.63,206.9,1009.6,NASA POWER MERRA-2 (primary) + ERA5-normals sim (solar/sunshine/weather-code),4,0,12,16,16,0,0.0,DENV-3,Watch,DGHS/WHO/PMC anchored estimates (daily distribution),5.3,5.3,,,,,,
2021-04-13,2021,4,13,103,Pre-Monsoon,Dhaka,23.71,90.41,32.7,39.94,26.45,13.5,31.8,21.1,41.9,0.01,12.56,205.9,1008.4,19.5,8.0,1,Mainly clear,32.7,39.94,26.45,0.01,41.9,12.56,205.9,1008.4,NASA POWER MERRA-2 (primary) + ERA5-normals sim (solar/sunshine/weather-code),2,0,16,18,18,0,0.0,DENV-3,Watch,DGHS/WHO/PMC anchored estimates (daily distribution),4.5,4.5,,,,,,
2021-04-14,2021,4,14,104,Pre-Monsoon,Dhaka,23.71,90.41,32.01,39.67,25.12,14.6,31.4,21.6,48.1,0.01,11.81,190.4,1007.6,20.1,7.7,1,Mainly clear,32.01,39.67,25.12,0.01,48.08,11.81,190.4,1007.6,NASA POWER MERRA-2 (primary) + ERA5-normals sim (solar/sunshine/weather-code),3,0,18,21,21,0,0.0,DENV-3,Watch,DGHS/WHO/PMC anchored estimates (daily distribution),4.2,4.2,,,,,,
2021-04-15,2021,4,15,105,Pre-Monsoon,Dhaka,23.71,90.41,30.07,35.28,25.63,9.7,30.0,22.0,59.4,0.02,13.79,171.9,1006.8,15.8,7.6,61,Moderate rain,30.07,35.28,25.63,0.02,59.4,13.79,171.9,1006.8,NASA POWER MERRA-2 (primary) + ERA5-normals sim (solar/sunshine/weather-code),4,0,14,18,25,0,0.0,DENV-3,Watch,DGHS/WHO/PMC anchored estimates (daily distribution),4.2,4.2,,,,,,
2021-04-16,2021,4,16,106,Pre-Monsoon,Dhaka,23.71,90.41,29.48,35.59,25.71,9.9,29.2,20.3,53.9,0.65,14.15,176.5,1007.8,24.8,6.6,3,Overcast,29.48,35.59,25.71,0.65,53.86,14.15,176.5,1007.8,NASA POWER MERRA-2 (primary) + ERA5-normals sim (solar/sunshine/weather-code),4,0,13,17,29,0,0.0,DENV-3,Watch,DGHS/WHO/PMC anchored estimates (daily distribution),4.1,4.1,,,,,,
2021-04-17,2021,4,17,107,Pre-Monsoon,Dhaka,23.71,90.41,28.94,35.37,23.61,11.8,29.0,21.4,62.2,10.83,9.83,154.9,1009.1,21.0,7.3,2,Partly cloudy,28.94,35.37,23.61,10.83,62.23,9.83,154.9,1009.1,NASA POWER MERRA-2 (primary) + ERA5-normals sim (solar/sunshine/weather-code),8,0,13,21,37,0,0.0,DENV-3,Watch,DGHS/WHO/PMC anchored estimates (daily distribution),4.3,4.6,1.26,,,51.0,,
2021-04-18,2021,4,18,108,Pre-Monsoon,Dhaka,23.71,90.41,29.48,35.63,24.12,11.5,29.6,21.9,61.9,14.24,10.98,189.2,1008.5,20.8,6.2,2,Partly cloudy,29.48,35.63,24.12,14.24,61.86,10.98,189.2,1008.5,NASA POWER MERRA-2 (primary) + ERA5-normals sim (solar/sunshine/weather-code),6,0,19,25,43,0,0.0,DENV-3,Watch,DGHS/WHO/PMC anchored estimates (daily distribution),4.4,4.8,0.11,,,51.8,,
2021-04-19,2021,4,19,109,Pre-Monsoon,Dhaka,23.71,90.41,30.91,38.05,24.62,13.4,30.7,21.9,55.1,0.36,15.98,191.4,1005.9,20.7,7.7,3,Overcast,30.91,38.05,24.62,0.36,55.12,15.98,191.4,1005.9,NASA POWER MERRA-2 (primary) + ERA5-normals sim (solar/sunshine/weather-code),3,0,22,25,46,0,0.0,DENV-3,Watch,DGHS/WHO/PMC anchored estimates (daily distribution),4.3,4.6,0.02,,,48.6,,
2021-04-20,2021,4,20,110,Pre-Monsoon,Dhaka,23.71,90.41,31.1,39.03,24.07,15.0,31.0,22.8,58.6,0.51,14.76,185.2,1005.8,19.7,5.2,61,Moderate rain,31.1,39.03,24.07,0.51,58.62,14.76,185.2,1005.8,NASA POWER MERRA-2 (primary) + ERA5-normals sim (solar/sunshine/weather-code),2,0,21,23,48,0,0.0,DENV-3,Watch,DGHS/WHO/PMC anchored estimates (daily distribution),4.3,4.4,0.01,,,41.9,,
2021-04-21,2021,4,21,111,Pre-Monsoon,Dhaka,23.71,90.41,31.62,37.8,25.6,12.2,31.6,23.6,59.8,0.07,12.82,174.8,1007.3,24.3,7.5,61,Moderate rain,31.62,37.8,25.6,0.07,59.81,12.82,174.8,1007.3,NASA POWER MERRA-2 (primary) + ERA5-normals sim (solar/sunshine/weather-code),4,0,19,23,52,0,0.0,DENV-3,Watch,DGHS/WHO/PMC anchored estimates (daily distribution),4.4,4.3,0.01,,,48.1,,
2021-04-22,2021,4,22,112,Pre-Monsoon,Dhaka,23.71,90.41,31.56,38.23,26.01,12.2,31.4,22.9,56.5,4.46,8.28,235.7,1007.4,17.5,6.9,61,Moderate rain,31.56,38.23,26.01,4.46,56.47,8.28,235.7,1007.4,NASA POWER MERRA-2 (primary) + ERA5-normals sim (solar/sunshine/weather-code),3,0,15,18,55,0,0.0,DENV-3,Watch,DGHS/WHO/PMC anchored estimates (daily distribution),4.3,4.2,0.02,,,59.4,,
2021-04-23,2021,4,23,113,Pre-Monsoon,Dhaka,23.71,90.41,31.23,37.65,25.84,11.8,30.8,21.3,50.5,0.07,9.18,1.3,1006.8,20.2,6.1,3,Overcast,31.23,37.65,25.84,0.07,50.46,9.18,1.3,1006.8,NASA POWER MERRA-2 (primary) + ERA5-normals sim (solar/sunshine/weather-code),5,1,11,17,60,1,1.6667,DENV-3,Watch,DGHS/WHO/PMC anchored estimates (daily distribution),4.4,4.3,0.65,,,53.9,,
2021-04-24,2021,4,24,114,Pre-Monsoon,Dhaka,23.71,90.41,31.68,39.27,24.6,14.7,30.6,19.2,37.5,0.0,7.81,43.3,1006.5,17.2,8.7,1,Mainly clear,31.68,39.27,24.6,0.0,37.46,7.81,43.3,1006.5,NASA POWER MERRA-2 (primary) + ERA5-normals sim (solar/sunshine/weather-code),5,0,14,19,65,1,1.5385,DENV-3,Watch,DGHS/WHO/PMC anchored estimates (daily distribution),4.0,4.1,10.83,1.26,,62.2,51.0,
2021-04-25,2021,4,25,115,Pre-Monsoon,Dhaka,23.71,90.41,31.78,39.8,24.34,15.5,31.1,21.2,47.2,0.0,8.14,173.7,1006.0,18.3,8.2,3,Overcast,31.78,39.8,24.34,0.0,47.16,8.14,173.7,1006.0,NASA POWER MERRA-2 (primary) + ERA5-normals sim (solar/sunshine/weather-code),3,0,17,20,68,1,1.4706,DENV-3,Watch,DGHS/WHO/PMC anchored estimates (daily distribution),3.6,4.0,14.24,0.11,,61.9,51.8,
2021-04-26,2021,4,26,116,Pre-Monsoon,Dhaka,23.71,90.41,32.9,40.02,26.1,13.9,32.3,22.5,48.0,0.0,8.82,194.8,1005.5,20.0,6.7,51,Light drizzle,32.9,40.02,26.1,0.0,47.99,8.82,194.8,1005.5,NASA POWER MERRA-2 (primary) + ERA5-normals sim (solar/sunshine/weather-code),2,0,16,18,70,1,1.4286,DENV-3,Watch,DGHS/WHO/PMC anchored estimates (daily distribution),3.4,3.9,0.36,0.02,,55.1,48.6,
2021-04-27,2021,4,27,117,Pre-Monsoon,Dhaka,23.71,90.41,32.72,39.09,27.33,11.8,32.3,23.2,52.2,0.0,12.78,181.0,1006.2,18.3,7.2,51,Light drizzle,32.72,39.09,27.33,0.0,52.16,12.78,181.0,1006.2,NASA POWER MERRA-2 (primary) + ERA5-normals sim (solar/sunshine/weather-code),1,0,15,16,71,1,1.4085,DENV-3,Watch,DGHS/WHO/PMC anchored estimates (daily distribution),3.3,3.8,0.51,0.01,,58.6,41.9,
2021-04-28,2021,4,28,118,Pre-Monsoon,Dhaka,23.71,90.41,31.93,38.48,26.85,11.6,31.8,23.2,56.4,0.03,12.35,162.6,1008.2,25.6,5.6,61,Moderate rain,31.93,38.48,26.85,0.03,56.38,12.35,162.6,1008.2,NASA POWER MERRA-2 (primary) + ERA5-normals sim (solar/sunshine/weather-code),3,0,11,14,74,1,1.3514,DENV-3,Watch,DGHS/WHO/PMC anchored estimates (daily distribution),3.1,3.8,0.07,0.01,,59.8,48.1,
2021-04-29,2021,4,29,119,Pre-Monsoon,Dhaka,23.71,90.41,31.03,35.17,27.34,7.8,30.9,22.4,56.6,1.7,4.93,166.0,1008.3,18.0,4.2,2,Partly cloudy,31.03,35.17,27.34,1.7,56.65,4.93,166.0,1008.3,NASA POWER MERRA-2 (primary) + ERA5-normals sim (solar/sunshine/weather-code),2,0,9,11,76,1,1.3158,DENV-3,Watch,DGHS/WHO/PMC anchored estimates (daily distribution),3.0,3.6,4.46,0.02,,56.5,59.4,
2021-04-30,2021,4,30,120,Pre-Monsoon,Dhaka,23.71,90.41,31.49,37.31,26.3,11.0,31.1,21.9,52.0,2.98,7.42,200.0,1006.9,21.1,5.5,51,Light drizzle,31.49,37.31,26.3,2.98,52.05,7.42,200.0,1006.9,NASA POWER MERRA-2 (primary) + ERA5-normals sim (solar/sunshine/weather-code),1,0,8,9,77,1,1.2987,DENV-3,Watch,DGHS/WHO/PMC anchored estimates (daily distribution),2.4,3.4,0.07,0.65,,50.5,53.9,
2021-05-01,2021,5,1,121,Pre-Monsoon,Dhaka,23.71,90.41,32.01,38.38,26.39,12.0,31.6,22.6,52.8,0.41,11.16,184.1,1007.4,14.4,6.6,1,Mainly clear,32.01,38.38,26.39,0.41,52.82,11.16,184.1,1007.4,NASA POWER MERRA-2 (primary) + ERA5-normals sim (solar/sunshine/weather-code),5,0,7,12,82,1,1.2195,DENV-3,Watch,DGHS/WHO/PMC anchored estimates (daily distribution),2.4,3.2,0.0,10.83,1.26,37.5,62.2,51.0
2021-05-02,2021,5,2,122,Pre-Monsoon,Dhaka,23.71,90.41,31.79,37.79,26.08,11.7,31.5,22.7,54.6,1.51,12.38,185.4,1007.4,20.1,4.0,51,Light drizzle,31.79,37.79,26.08,1.51,54.6,12.38,185.4,1007.4,NASA POWER MERRA-2 (primary) + ERA5-normals sim (solar/sunshine/weather-code),4,0,11,15,86,1,1.1628,DENV-3,Watch,DGHS/WHO/PMC anchored estimates (daily distribution),2.6,3.1,0.0,14.24,0.11,47.2,61.9,51.8
2021-05-03,2021,5,3,123,Pre-Monsoon,Dhaka,23.71,90.41,28.46,31.26,26.23,5.0,29.1,22.8,71.9,14.43,9.47,154.4,1007.0,20.5,6.2,2,Partly cloudy,28.46,31.26,26.23,14.43,71.89,9.47,154.4,1007.0,NASA POWER MERRA-2 (primary) + ERA5-normals sim (solar/sunshine/weather-code),3,0,12,15,89,1,1.1236,DENV-3,Watch,DGHS/WHO/PMC anchored estimates (daily distribution),2.7,3.1,0.0,0.36,0.02,48.0,55.1,48.6
2021-05-04,2021,5,4,124,Pre-Monsoon,Dhaka,23.71,90.41,27.26,30.07,24.79,5.3,28.0,22.2,74.8,27.31,5.87,326.9,1008.2,7.2,2.4,95,Thunderstorm,27.26,30.07,24.79,27.31,74.78,5.87,326.9,1008.2,NASA POWER MERRA-2 (primary) + ERA5-normals sim (solar/sunshine/weather-code),7,0,13,20,96,1,1.0417,DENV-3,Watch,DGHS/WHO/PMC anchored estimates (daily distribution),3.6,3.4,0.0,0.51,0.01,52.2,58.6,41.9
2021-05-05,2021,5,5,125,Pre-Monsoon,Dhaka,23.71,90.41,26.81,29.81,24.1,5.7,27.4,21.0,71.0,4.63,6.34,52.9,1008.5,16.3,4.7,2,Partly cloudy,26.81,29.81,24.1,4.63,71.0,6.34,52.9,1008.5,NASA POWER MERRA-2 (primary) + ERA5-normals sim (solar/sunshine/weather-code),9,0,19,28,105,1,0.9524,DENV-3,Watch,DGHS/WHO/PMC anchored estimates (daily distribution),4.4,3.8,0.03,0.07,0.01,56.4,59.8,48.1
2021-05-06,2021,5,6,126,Pre-Monsoon,Dhaka,23.71,90.41,28.85,34.29,23.28,11.0,29.0,21.3,62.1,2.21,6.91,121.1,1009.1,14.6,6.1,61,Moderate rain,28.85,34.29,23.28,2.21,62.09,6.91,121.1,1009.1,NASA POWER MERRA-2 (primary) + ERA5-normals sim (solar/sunshine/weather-code),8,0,23,31,113,1,0.885,DENV-3,Watch,DGHS/WHO/PMC anchored estimates (daily distribution),5.3,4.1,1.7,4.46,0.02,56.6,56.5,59.4
2021-05-07,2021,5,7,127,Pre-Monsoon,Dhaka,23.71,90.41,29.73,34.73,25.2,9.5,30.1,23.1,66.8,7.8,8.93,180.4,1009.9,8.1,2.4,95,Thunderstorm,29.73,34.73,25.2,7.8,66.76,8.93,180.4,1009.9,NASA POWER MERRA-2 (primary) + ERA5-normals sim (solar/sunshine/weather-code),7,0,27,34,120,1,0.8333,DENV-3,Watch,DGHS/WHO/PMC anchored estimates (daily distribution),6.1,4.3,2.98,0.07,0.65,52.0,50.5,53.9
2021-05-08,2021,5,8,128,Pre-Monsoon,Dhaka,23.71,90.41,29.72,34.17,24.95,9.2,30.0,22.9,66.0,4.98,5.9,189.9,1008.6,11.2,2.6,80,Rain showers,29.72,34.17,24.95,4.98,66.05,5.9,189.9,1008.6,NASA POWER MERRA-2 (primary) + ERA5-normals sim (solar/sunshine/weather-code),7,0,31,38,127,1,0.7874,DENV-3,Watch,DGHS/WHO/PMC anchored estimates (daily distribution),6.4,4.4,0.41,0.0,10.83,52.8,37.5,62.2
2021-05-09,2021,5,9,129,Pre-Monsoon,Dhaka,23.71,90.41,30.59,35.6,25.29,10.3,30.6,22.4,59.2,2.71,5.0,204.7,1007.0,17.0,4.7,51,Light drizzle,30.59,35.6,25.29,2.71,59.23,5.0,204.7,1007.0,NASA POWER MERRA-2 (primary) + ERA5-normals sim (solar/sunshine/weather-code),7,0,31,38,134,1,0.7463,DENV-3,Watch,DGHS/WHO/PMC anchored estimates (daily distribution),6.9,4.7,1.51,0.0,14.24,54.6,47.2,61.9
2021-05-10,2021,5,10,130,Pre-Monsoon,Dhaka,23.71,90.41,29.96,34.82,25.68,9.1,30.3,23.5,67.6,12.97,11.23,210.0,1005.8,19.8,5.5,2,Partly cloudy,29.96,34.82,25.68,12.97,67.62,11.23,210.0,1005.8,NASA POWER MERRA-2 (primary) + ERA5-normals sim (solar/sunshine/weather-code),8,0,29,37,142,1,0.7042,DENV-3,Watch,DGHS/WHO/PMC anchored estimates (daily distribution),7.6,5.1,14.43,0.0,0.36,71.9,48.0,55.1
2021-05-11,2021,5,11,131,Pre-Monsoon,Dhaka,23.71,90.41,29.2,33.0,25.5,7.5,29.8,23.6,72.2,15.59,6.98,185.8,1005.6,16.8,6.5,80,Rain showers,29.2,33.0,25.5,15.59,72.2,6.98,185.8,1005.6,NASA POWER MERRA-2 (primary) + ERA5-normals sim (solar/sunshine/weather-code),4,0,29,33,146,1,0.6849,DENV-3,Watch,DGHS/WHO/PMC anchored estimates (daily distribution),7.1,5.4,27.31,0.0,0.51,74.8,52.2,58.6
2021-05-12,2021,5,12,132,Pre-Monsoon,Dhaka,23.71,90.41,29.07,32.8,25.71,7.1,29.6,23.4,71.5,8.71,4.97,160.0,1004.4,15.5,7.0,1,Mainly clear,29.07,32.8,25.71,8.71,71.5,4.97,160.0,1004.4,NASA POWER MERRA-2 (primary) + ERA5-normals sim (solar/sunshine/weather-code),4,0,26,30,150,1,0.6667,DENV-3,Watch,DGHS/WHO/PMC anchored estimates (daily distribution),6.4,5.4,4.63,0.03,0.07,71.0,56.4,59.8
2021-05-13,2021,5,13,133,Pre-Monsoon,Dhaka,23.71,90.41,29.18,33.8,25.37,8.4,29.8,23.8,73.1,9.53,11.12,184.7,1004.0,15.0,5.6,61,Moderate rain,29.18,33.8,25.37,9.53,73.07,11.12,184.7,1004.0,NASA POWER MERRA-2 (primary) + ERA5-normals sim (solar/sunshine/weather-code),15,0,23,38,165,1,0.6061,DENV-3,Watch,DGHS/WHO/PMC anchored estimates (daily distribution),7.4,6.4,2.21,1.7,4.46,62.1,56.6,56.5
2021-05-14,2021,5,14,134,Pre-Monsoon,Dhaka,23.71,90.41,29.8,34.87,25.36,9.5,30.4,24.1,71.3,10.07,10.04,208.0,1002.8,9.2,1.7,80,Rain showers,29.8,34.87,25.36,10.07,71.32,10.04,208.0,1002.8,NASA POWER MERRA-2 (primary) + ERA5-normals sim (solar/sunshine/weather-code),6,0,31,37,171,1,0.5848,DENV-3,Watch,DGHS/WHO/PMC anchored estimates (daily distribution),7.3,6.7,7.8,2.98,0.07,66.8,52.0,50.5
2021-05-15,2021,5,15,135,Pre-Monsoon,Dhaka,23.71,90.41,31.49,37.99,25.98,12.0,31.9,25.0,67.6,5.81,13.86,190.9,1004.0,18.2,9.6,2,Partly cloudy,31.49,37.99,25.98,5.81,67.64,13.86,190.9,1004.0,NASA POWER MERRA-2 (primary) + ERA5-normals sim (solar/sunshine/weather-code),4,0,29,33,175,1,0.5714,DENV-3,Watch,DGHS/WHO/PMC anchored estimates (daily distribution),6.9,6.6,4.98,0.41,0.0,66.0,52.8,37.5
2021-05-16,2021,5,16,136,Pre-Monsoon,Dhaka,23.71,90.41,31.06,35.59,26.73,8.9,31.6,25.4,71.5,25.07,9.58,196.4,1005.5,19.2,6.3,61,Moderate rain,31.06,35.59,26.73,25.07,71.5,9.58,196.4,1005.5,NASA POWER MERRA-2 (primary) + ERA5-normals sim (solar/sunshine/weather-code),7,0,29,36,182,1,0.5495,DENV-3,Watch,DGHS/WHO/PMC anchored estimates (daily distribution),6.9,6.9,2.71,1.51,0.0,59.2,54.6,47.2
2021-05-17,2021,5,17,137,Pre-Monsoon,Dhaka,23.71,90.41,32.14,37.15,27.29,9.9,32.6,26.0,69.1,3.55,10.3,212.9,1005.2,18.7,7.1,80,Rain showers,32.14,37.15,27.29,3.55,69.09,10.3,212.9,1005.2,NASA POWER MERRA-2 (primary) + ERA5-normals sim (solar/sunshine/weather-code),4,0,32,36,186,1,0.5376,DENV-3,Watch,DGHS/WHO/PMC anchored estimates (daily distribution),6.3,6.9,12.97,14.43,0.0,67.6,71.9,48.0
2021-05-18,2021,5,18,138,Pre-Monsoon,Dhaka,23.71,90.41,31.61,36.67,27.54,9.1,32.3,26.2,72.9,9.86,12.78,211.8,1004.4,18.8,6.6,2,Partly cloudy,31.61,36.67,27.54,9.86,72.92,12.78,211.8,1004.4,NASA POWER MERRA-2 (primary) + ERA5-normals sim (solar/sunshine/weather-code),6,0,21,27,192,1,0.5208,DENV-3,Watch,DGHS/WHO/PMC anchored estimates (daily distribution),6.6,6.9,15.59,27.31,0.0,72.2,74.8,52.2
2021-05-19,2021,5,19,139,Pre-Monsoon,Dhaka,23.71,90.41,30.65,33.96,27.61,6.4,31.5,26.2,77.7,5.42,12.35,211.2,1004.0,7.8,3.2,80,Rain showers,30.65,33.96,27.61,5.42,77.74,12.35,211.2,1004.0,NASA POWER MERRA-2 (primary) + ERA5-normals sim (solar/sunshine/weather-code),5,0,21,26,197,1,0.5076,DENV-3,Watch,DGHS/WHO/PMC anchored estimates (daily distribution),6.7,6.6,8.71,4.63,0.03,71.5,71.0,56.4
2021-05-20,2021,5,20,140,Pre-Monsoon,Dhaka,23.71,90.41,30.98,34.11,27.9,6.2,31.8,26.3,76.8,3.22,12.28,227.5,1003.8,16.9,8.1,3,Overcast,30.98,34.11,27.9,3.22,76.78,12.28,227.5,1003.8,NASA POWER MERRA-2 (primary) + ERA5-normals sim (solar/sunshine/weather-code),3,0,22,25,200,1,0.5,DENV-3,Watch,DGHS/WHO/PMC anchored estimates (daily distribution),5.0,6.2,9.53,2.21,1.7,73.1,62.1,56.6
2021-05-21,2021,5,21,141,Pre-Monsoon,Dhaka,23.71,90.41,30.94,35.39,27.77,7.6,31.6,25.7,73.6,1.53,14.0,213.7,1003.4,19.3,8.2,2,Partly cloudy,30.94,35.39,27.77,1.53,73.61,14.0,213.7,1003.4,NASA POWER MERRA-2 (primary) + ERA5-normals sim (solar/sunshine/weather-code),5,0,18,23,205,1,0.4878,DENV-3,Watch,DGHS/WHO/PMC anchored estimates (daily distribution),4.9,6.1,10.07,7.8,2.98,71.3,66.8,52.0
2021-05-22,2021,5,22,142,Pre-Monsoon,Dhaka,23.71,90.41,31.83,36.9,27.55,9.3,32.4,25.9,70.4,0.13,10.3,222.9,1002.0,9.8,2.2,61,Moderate rain,31.83,36.9,27.55,0.13,70.38,10.3,222.9,1002.0,NASA POWER MERRA-2 (primary) + ERA5-normals sim (solar/sunshine/weather-code),3,0,19,22,208,1,0.4808,DENV-3,Watch,DGHS/WHO/PMC anchored estimates (daily distribution),4.7,5.8,5.81,4.98,0.41,67.6,66.0,52.8
2021-05-23,2021,5,23,143,Pre-Monsoon,Dhaka,23.71,90.41,32.17,36.02,28.89,7.1,32.5,25.6,67.2,0.09,5.22,21.9,1001.4,6.8,3.1,80,Rain showers,32.17,36.02,28.89,0.09,67.25,5.22,21.9,1001.4,NASA POWER MERRA-2 (primary) + ERA5-normals sim (solar/sunshine/weather-code),3,0,16,19,211,1,0.4739,DENV-3,Watch,DGHS/WHO/PMC anchored estimates (daily distribution),4.1,5.5,25.07,2.71,1.51,71.5,59.2,54.6
2021-05-24,2021,5,24,144,Pre-Monsoon,Dhaka,23.71,90.41,29.86,32.88,27.77,5.1,30.8,25.6,78.5,7.78,9.14,56.3,1001.2,20.4,3.4,61,Moderate rain,29.86,32.88,27.77,7.78,78.49,9.14,56.3,1001.2,NASA POWER MERRA-2 (primary) + ERA5-normals sim (solar/sunshine/weather-code),5,0,14,19,216,1,0.463,DENV-3,Watch,DGHS/WHO/PMC anchored estimates (daily distribution),4.3,5.3,3.55,12.97,14.43,69.1,67.6,71.9
2021-05-25,2021,5,25,145,Pre-Monsoon,Dhaka,23.71,90.41,29.57,33.34,26.89,6.5,30.5,25.2,78.2,29.78,17.6,125.8,999.2,6.5,2.5,80,Rain showers,29.57,33.34,26.89,29.78,78.15,17.6,125.8,999.2,NASA POWER MERRA-2 (primary) + ERA5-normals sim (solar/sunshine/weather-code),8,0,16,24,224,1,0.4464,DENV-3,Watch,DGHS/WHO/PMC anchored estimates (daily distribution),4.6,5.6,9.86,15.59,27.31,72.9,72.2,74.8
2021-05-26,2021,5,26,146,Pre-Monsoon,Dhaka,23.71,90.41,28.3,31.47,25.63,5.8,29.2,24.1,78.8,13.97,32.08,132.6,997.8,19.0,6.9,61,Moderate rain,28.3,31.47,25.63,13.97,78.75,32.08,132.6,997.8,NASA POWER MERRA-2 (primary) + ERA5-normals sim (solar/sunshine/weather-code),5,0,19,24,229,1,0.4367,DENV-3,Watch,DGHS/WHO/PMC anchored estimates (daily distribution),4.6,5.6,5.42,8.71,4.63,77.7,71.5,71.0
2021-05-27,2021,5,27,147,Pre-Monsoon,Dhaka,23.71,90.41,29.48,32.98,26.5,6.5,30.4,25.1,78.1,3.6,31.68,149.4,1001.3,10.7,3.2,80,Rain showers,29.48,32.98,26.5,3.6,78.09,31.68,149.4,1001.3,NASA POWER MERRA-2 (primary) + ERA5-normals sim (solar/sunshine/weather-code),3,0,21,24,232,1,0.431,DENV-3,Watch,DGHS/WHO/PMC anchored estimates (daily distribution),4.6,4.8,3.22,9.53,2.21,76.8,73.1,62.1
2021-05-28,2021,5,28,148,Pre-Monsoon,Dhaka,23.71,90.41,30.65,34.94,27.34,7.6,31.5,26.1,77.4,3.69,17.14,162.4,1004.8,14.5,5.4,80,Rain showers,30.65,34.94,27.34,3.69,77.39,17.14,162.4,1004.8,NASA POWER MERRA-2 (primary) + ERA5-normals sim (solar/sunshine/weather-code),2,0,21,23,234,1,0.4274,DENV-3,Watch,DGHS/WHO/PMC anchored estimates (daily distribution),4.1,4.5,1.53,10.07,7.8,73.6,71.3,66.8
2021-05-29,2021,5,29,149,Pre-Monsoon,Dhaka,23.71,90.41,30.64,35.16,26.45,8.7,31.4,25.8,76.0,1.9,11.48,186.9,1004.7,16.6,6.5,1,Mainly clear,30.64,35.16,26.45,1.9,75.96,11.48,186.9,1004.7,NASA POWER MERRA-2 (primary) + ERA5-normals sim (solar/sunshine/weather-code),6,0,18,24,240,1,0.4167,DENV-3,Watch,DGHS/WHO/PMC anchored estimates (daily distribution),4.6,4.6,0.13,5.81,4.98,70.4,67.6,66.0
2021-05-30,2021,5,30,150,Pre-Monsoon,Dhaka,23.71,90.41,30.65,34.64,26.93,7.7,31.4,25.8,75.9,2.57,13.18,197.8,1003.3,19.2,5.0,1,Mainly clear,30.65,34.64,26.93,2.57,75.89,13.18,197.8,1003.3,NASA POWER MERRA-2 (primary) + ERA5-normals sim (solar/sunshine/weather-code),12,0,16,28,252,1,0.3968,DENV-3,Watch,DGHS/WHO/PMC anchored estimates (daily distribution),5.9,5.0,0.09,25.07,2.71,67.2,71.5,59.2
2021-05-31,2021,5,31,151,Pre-Monsoon,Dhaka,23.71,90.41,28.63,30.58,27.4,3.2,30.1,26.6,89.6,50.31,18.79,183.1,1001.8,17.4,8.1,3,Overcast,28.63,30.58,27.4,50.31,89.57,18.79,183.1,1001.8,NASA POWER MERRA-2 (primary) + ERA5-normals sim (solar/sunshine/weather-code),12,0,23,35,264,1,0.3788,DENV-3,Watch,DGHS/WHO/PMC anchored estimates (daily distribution),6.9,5.6,7.78,3.55,12.97,78.5,69.1,67.6
2021-06-01,2021,6,1,152,Monsoon,Dhaka,23.71,90.41,28.9,31.3,27.0,4.3,30.3,26.6,88.7,22.24,13.79,190.7,1002.9,11.6,5.5,3,Overcast,28.9,31.3,27.0,22.24,88.69,13.79,190.7,1002.9,NASA POWER MERRA-2 (primary) + ERA5-normals sim (solar/sunshine/weather-code),47,0,32,79,311,1,0.3215,DENV-3,Moderate,DGHS/WHO/PMC anchored estimates (daily distribution),12.4,8.5,29.78,9.86,15.59,78.2,72.9,72.2
2021-06-02,2021,6,2,153,Monsoon,Dhaka,23.71,90.41,28.37,30.25,26.87,3.4,29.8,26.2,89.1,17.63,10.87,194.6,1004.2,10.8,2.9,51,Light drizzle,28.37,30.25,26.87,17.63,89.1,10.87,194.6,1004.2,NASA POWER MERRA-2 (primary) + ERA5-normals sim (solar/sunshine/weather-code),24,0,77,101,335,1,0.2985,DENV-3,Moderate,DGHS/WHO/PMC anchored estimates (daily distribution),15.1,9.9,13.97,5.42,8.71,78.8,77.7,71.5
2021-06-03,2021,6,3,154,Monsoon,Dhaka,23.71,90.41,29.46,32.62,26.85,5.8,30.7,26.5,85.4,5.57,13.21,201.3,1005.3,6.4,2.3,80,Rain showers,29.46,32.62,26.85,5.57,85.41,13.21,201.3,1005.3,NASA POWER MERRA-2 (primary) + ERA5-normals sim (solar/sunshine/weather-code),25,0,95,120,360,1,0.2778,DENV-3,Moderate,DGHS/WHO/PMC anchored estimates (daily distribution),18.3,11.4,3.6,3.22,9.53,78.1,76.8,73.1
2021-06-04,2021,6,4,155,Monsoon,Dhaka,23.71,90.41,29.51,32.42,27.28,5.1,30.8,26.6,85.3,3.26,12.49,203.9,1005.1,12.1,3.9,3,Overcast,29.51,32.42,27.28,3.26,85.33,12.49,203.9,1005.1,NASA POWER MERRA-2 (primary) + ERA5-normals sim (solar/sunshine/weather-code),30,0,108,138,390,1,0.2564,DENV-3,Moderate,DGHS/WHO/PMC anchored estimates (daily distribution),22.3,13.2,3.69,1.53,10.07,77.4,73.6,71.3
2021-06-05,2021,6,5,156,Monsoon,Dhaka,23.71,90.41,29.17,31.43,27.62,3.8,30.6,27.1,89.6,23.56,11.88,202.0,1003.9,14.8,5.0,2,Partly cloudy,29.17,31.43,27.62,23.56,89.63,11.88,202.0,1003.9,NASA POWER MERRA-2 (primary) + ERA5-normals sim (solar/sunshine/weather-code),15,0,126,141,405,1,0.2469,DENV-3,Watch,DGHS/WHO/PMC anchored estimates (daily distribution),23.6,14.1,1.9,0.13,5.81,76.0,70.4,67.6
2021-06-06,2021,6,6,157,Monsoon,Dhaka,23.71,90.41,29.31,31.99,27.43,4.6,30.8,27.2,89.2,42.06,13.32,191.5,1003.3,10.2,6.4,2,Partly cloudy,29.31,31.99,27.43,42.06,89.25,13.32,191.5,1003.3,NASA POWER MERRA-2 (primary) + ERA5-normals sim (solar/sunshine/weather-code),6,0,94,100,411,1,0.2433,DENV-3,Watch,DGHS/WHO/PMC anchored estimates (daily distribution),22.7,14.3,2.57,0.09,25.07,75.9,67.2,71.5
2021-06-07,2021,6,7,158,Monsoon,Dhaka,23.71,90.41,29.01,31.62,27.24,4.4,30.5,26.9,89.4,31.33,17.86,194.2,1002.4,10.7,5.1,51,Light drizzle,29.01,31.62,27.24,31.33,89.4,17.86,194.2,1002.4,NASA POWER MERRA-2 (primary) + ERA5-normals sim (solar/sunshine/weather-code),5,0,76,81,416,1,0.2404,DENV-3,Watch,DGHS/WHO/PMC anchored estimates (daily distribution),21.7,14.3,50.31,7.78,3.55,89.6,78.5,69.1
2021-06-08,2021,6,8,159,Monsoon,Dhaka,23.71,90.41,28.12,29.23,27.16,2.1,29.8,26.7,93.1,20.46,14.83,193.9,1001.3,9.9,1.6,80,Rain showers,28.12,29.23,27.16,20.46,93.13,14.83,193.9,1001.3,NASA POWER MERRA-2 (primary) + ERA5-normals sim (solar/sunshine/weather-code),11,0,56,67,427,1,0.2342,DENV-3,Watch,DGHS/WHO/PMC anchored estimates (daily distribution),16.6,14.5,22.24,29.78,9.86,88.7,78.2,72.9
2021-06-09,2021,6,9,160,Monsoon,Dhaka,23.71,90.41,28.04,30.08,26.68,3.4,29.5,25.7,88.5,19.07,12.28,162.9,1000.7,7.1,1.9,95,Thunderstorm,28.04,30.08,26.68,19.07,88.46,12.28,162.9,1000.7,NASA POWER MERRA-2 (primary) + ERA5-normals sim (solar/sunshine/weather-code),11,0,37,48,438,1,0.2283,DENV-3,Watch,DGHS/WHO/PMC anchored estimates (daily distribution),14.7,14.9,17.63,13.97,5.42,89.1,78.8,77.7
2021-06-10,2021,6,10,161,Monsoon,Dhaka,23.71,90.41,28.12,30.59,26.11,4.5,29.4,25.2,85.2,7.65,6.84,166.2,999.4,7.9,3.2,2,Partly cloudy,28.12,30.59,26.11,7.65,85.19,6.84,166.2,999.4,NASA POWER MERRA-2 (primary) + ERA5-normals sim (solar/sunshine/weather-code),19,0,33,52,457,1,0.2188,DENV-3,Watch,DGHS/WHO/PMC anchored estimates (daily distribution),13.9,16.1,5.57,3.6,3.22,85.4,78.1,76.8
2021-06-11,2021,6,11,162,Monsoon,Dhaka,23.71,90.41,27.28,28.72,25.92,2.8,28.9,25.9,93.1,18.09,15.91,109.2,997.1,15.4,4.7,51,Light drizzle,27.28,28.72,25.92,18.09,93.09,15.91,109.2,997.1,NASA POWER MERRA-2 (primary) + ERA5-normals sim (solar/sunshine/weather-code),30,0,46,76,487,1,0.2053,DENV-3,Moderate,DGHS/WHO/PMC anchored estimates (daily distribution),13.9,18.1,3.26,3.69,1.53,85.3,77.4,73.6
2021-06-12,2021,6,12,163,Monsoon,Dhaka,23.71,90.41,27.92,29.84,26.32,3.5,29.5,26.3,92.0,14.93,16.7,124.5,997.7,9.3,6.2,3,Overcast,27.92,29.84,26.32,14.93,92.0,16.7,124.5,997.7,NASA POWER MERRA-2 (primary) + ERA5-normals sim (solar/sunshine/weather-code),21,0,71,92,508,1,0.1969,DENV-3,Moderate,DGHS/WHO/PMC anchored estimates (daily distribution),14.7,19.1,23.56,1.9,0.13,89.6,76.0,70.4
2021-06-13,2021,6,13,164,Monsoon,Dhaka,23.71,90.41,28.9,32.11,26.42,5.7,30.2,26.3,86.8,4.55,17.93,133.4,998.4,12.1,5.8,61,Moderate rain,28.9,32.11,26.42,4.55,86.81,17.93,133.4,998.4,NASA POWER MERRA-2 (primary) + ERA5-normals sim (solar/sunshine/weather-code),16,0,81,97,524,1,0.1908,DENV-3,Watch,DGHS/WHO/PMC anchored estimates (daily distribution),16.1,19.4,42.06,2.57,0.09,89.2,75.9,67.2
2021-06-14,2021,6,14,165,Monsoon,Dhaka,23.71,90.41,29.1,32.0,27.24,4.8,30.5,26.7,87.9,8.44,21.28,164.7,996.7,15.2,5.1,61,Moderate rain,29.1,32.0,27.24,8.44,87.91,21.28,164.7,996.7,NASA POWER MERRA-2 (primary) + ERA5-normals sim (solar/sunshine/weather-code),8,0,86,94,532,1,0.188,DENV-3,Watch,DGHS/WHO/PMC anchored estimates (daily distribution),16.6,19.1,31.33,50.31,7.78,89.4,89.6,78.5
2021-06-15,2021,6,15,166,Monsoon,Dhaka,23.71,90.41,28.55,31.03,27.05,4.0,30.0,26.6,90.0,18.65,18.54,156.3,995.4,16.0,3.9,61,Moderate rain,28.55,31.03,27.05,18.65,90.01,18.54,156.3,995.4,NASA POWER MERRA-2 (primary) + ERA5-normals sim (solar/sunshine/weather-code),32,0,75,107,564,1,0.1773,DENV-3,Moderate,DGHS/WHO/PMC anchored estimates (daily distribution),19.6,18.1,20.46,22.24,29.78,93.1,88.7,78.2
2021-06-16,2021,6,16,167,Monsoon,Dhaka,23.71,90.41,28.12,30.1,26.2,3.9,29.6,26.0,89.4,6.88,17.93,164.4,997.2,13.9,4.1,61,Moderate rain,28.12,30.1,26.2,6.88,89.44,17.93,164.4,997.2,NASA POWER MERRA-2 (primary) + ERA5-normals sim (solar/sunshine/weather-code),31,0,77,108,595,1,0.1681,DENV-3,Moderate,DGHS/WHO/PMC anchored estimates (daily distribution),22.4,18.6,19.07,17.63,13.97,88.5,89.1,78.8
2021-06-17,2021,6,17,168,Monsoon,Dhaka,23.71,90.41,27.39,30.32,24.95,5.4,28.8,25.0,88.0,16.59,22.36,167.1,1000.6,16.7,3.9,51,Light drizzle,27.39,30.32,24.95,16.59,88.01,22.36,167.1,1000.6,NASA POWER MERRA-2 (primary) + ERA5-normals sim (solar/sunshine/weather-code),24,0,87,111,619,1,0.1616,DENV-3,Moderate,DGHS/WHO/PMC anchored estimates (daily distribution),23.1,18.5,7.65,5.57,3.6,85.2,85.4,78.1
2021-06-18,2021,6,18,169,Monsoon,Dhaka,23.71,90.41,27.51,30.71,24.73,6.0,28.9,25.2,88.6,34.14,14.11,151.1,1001.9,20.1,7.0,3,Overcast,27.51,30.71,24.73,34.14,88.56,14.11,151.1,1001.9,NASA POWER MERRA-2 (primary) + ERA5-normals sim (solar/sunshine/weather-code),16,0,95,111,635,1,0.1575,DENV-3,Watch,DGHS/WHO/PMC anchored estimates (daily distribution),21.1,17.5,18.09,3.26,3.69,93.1,85.3,77.4
2021-06-19,2021,6,19,170,Monsoon,Dhaka,23.71,90.41,27.35,30.1,25.59,4.5,28.8,25.1,88.6,36.04,15.91,179.6,1002.8,16.4,3.8,80,Rain showers,27.35,30.1,25.59,36.04,88.57,15.91,179.6,1002.8,NASA POWER MERRA-2 (primary) + ERA5-normals sim (solar/sunshine/weather-code),19,0,103,122,654,1,0.1529,DENV-3,Watch,DGHS/WHO/PMC anchored estimates (daily distribution),20.9,17.8,14.93,23.56,1.9,92.0,89.6,76.0
2021-06-20,2021,6,20,171,Monsoon,Dhaka,23.71,90.41,27.16,28.87,25.75,3.1,28.7,25.3,90.5,17.92,17.75,200.6,1002.2,6.9,1.3,80,Rain showers,27.16,28.87,25.75,17.92,90.51,17.75,200.6,1002.2,NASA POWER MERRA-2 (primary) + ERA5-normals sim (solar/sunshine/weather-code),11,0,90,101,665,1,0.1504,DENV-3,Watch,DGHS/WHO/PMC anchored estimates (daily distribution),20.1,18.1,4.55,42.06,2.57,86.8,89.2,75.9
2021-06-21,2021,6,21,172,Monsoon,Dhaka,23.71,90.41,27.69,30.28,25.45,4.8,29.2,25.8,90.4,25.28,14.98,198.3,1001.6,5.0,4.3,80,Rain showers,27.69,30.28,25.45,25.28,90.36,14.98,198.3,1001.6,NASA POWER MERRA-2 (primary) + ERA5-normals sim (solar/sunshine/weather-code),13,0,70,83,678,1,0.1475,DENV-3,Watch,DGHS/WHO/PMC anchored estimates (daily distribution),20.9,18.7,8.44,31.33,50.31,87.9,89.4,89.6
2021-06-22,2021,6,22,173,Monsoon,Dhaka,23.71,90.41,27.77,30.57,25.16,5.4,29.2,25.3,87.8,4.26,15.95,163.8,1002.4,9.2,4.7,61,Moderate rain,27.77,30.57,25.16,4.26,87.79,15.95,163.8,1002.4,NASA POWER MERRA-2 (primary) + ERA5-normals sim (solar/sunshine/weather-code),19,0,59,78,697,1,0.1435,DENV-3,Watch,DGHS/WHO/PMC anchored estimates (daily distribution),19.0,19.3,18.65,20.46,22.24,90.0,93.1,88.7
2021-06-23,2021,6,23,174,Monsoon,Dhaka,23.71,90.41,28.09,31.82,24.88,6.9,29.4,25.5,86.9,4.87,14.87,177.3,1003.4,6.2,1.0,95,Thunderstorm,28.09,31.82,24.88,4.87,86.91,14.87,177.3,1003.4,NASA POWER MERRA-2 (primary) + ERA5-normals sim (solar/sunshine/weather-code),25,0,62,87,722,1,0.1385,DENV-3,Moderate,DGHS/WHO/PMC anchored estimates (daily distribution),18.1,20.3,6.88,19.07,17.63,89.4,88.5,89.1
2021-06-24,2021,6,24,175,Monsoon,Dhaka,23.71,90.41,28.48,32.01,25.56,6.4,29.9,26.1,88.0,3.99,16.16,174.4,1002.1,5.6,2.6,80,Rain showers,28.48,32.01,25.56,3.99,87.97,16.16,174.4,1002.1,NASA POWER MERRA-2 (primary) + ERA5-normals sim (solar/sunshine/weather-code),27,0,68,95,749,1,0.1335,DENV-3,Moderate,DGHS/WHO/PMC anchored estimates (daily distribution),18.6,20.9,16.59,7.65,5.57,88.0,85.2,85.4
2021-06-25,2021,6,25,176,Monsoon,Dhaka,23.71,90.41,28.18,31.22,25.64,5.6,29.5,25.6,87.3,3.98,16.02,169.1,1001.3,6.7,1.8,95,Thunderstorm,28.18,31.22,25.64,3.98,87.31,16.02,169.1,1001.3,NASA POWER MERRA-2 (primary) + ERA5-normals sim (solar/sunshine/weather-code),16,0,84,100,765,1,0.1307,DENV-3,Watch,DGHS/WHO/PMC anchored estimates (daily distribution),18.6,19.9,34.14,18.09,3.26,88.6,93.1,85.3
2021-06-26,2021,6,26,177,Monsoon,Dhaka,23.71,90.41,28.46,31.79,26.0,5.8,29.9,26.2,88.5,7.6,16.49,171.2,1002.8,6.0,1.9,80,Rain showers,28.46,31.79,26.0,7.6,88.46,16.49,171.2,1002.8,NASA POWER MERRA-2 (primary) + ERA5-normals sim (solar/sunshine/weather-code),7,0,87,94,772,1,0.1295,DENV-3,Watch,DGHS/WHO/PMC anchored estimates (daily distribution),16.9,18.9,36.04,14.93,23.56,88.6,92.0,89.6
2021-06-27,2021,6,27,178,Monsoon,Dhaka,23.71,90.41,28.72,31.85,26.27,5.6,30.1,26.3,88.0,2.5,16.24,180.0,1005.2,12.7,5.0,80,Rain showers,28.72,31.85,26.27,2.5,88.01,16.24,180.0,1005.2,NASA POWER MERRA-2 (primary) + ERA5-normals sim (solar/sunshine/weather-code),5,0,75,80,777,1,0.1287,DENV-3,Watch,DGHS/WHO/PMC anchored estimates (daily distribution),16.0,18.1,17.92,4.55,42.06,90.5,86.8,89.2
2021-06-28,2021,6,28,179,Monsoon,Dhaka,23.71,90.41,28.45,31.01,26.43,4.6,29.9,26.3,89.4,5.93,16.96,203.9,1004.7,8.2,1.9,80,Rain showers,28.45,31.01,26.43,5.93,89.39,16.96,203.9,1004.7,NASA POWER MERRA-2 (primary) + ERA5-normals sim (solar/sunshine/weather-code),36,1,54,91,813,2,0.246,DENV-3,Moderate,DGHS/WHO/PMC anchored estimates (daily distribution),19.3,20.1,25.28,8.44,31.33,90.4,87.9,89.4
2021-06-29,2021,6,29,180,Monsoon,Dhaka,23.71,90.41,28.53,30.99,26.69,4.3,30.1,26.7,90.8,12.99,18.04,206.1,1002.8,6.4,2.0,61,Moderate rain,28.53,30.99,26.69,12.99,90.8,18.04,206.1,1002.8,NASA POWER MERRA-2 (primary) + ERA5-normals sim (solar/sunshine/weather-code),21,0,64,85,834,2,0.2398,DENV-3,Moderate,DGHS/WHO/PMC anchored estimates (daily distribution),19.6,19.3,4.26,18.65,20.46,87.8,90.0,93.1
2021-06-30,2021,6,30,181,Monsoon,Dhaka,23.71,90.41,28.98,31.53,27.17,4.4,30.5,27.0,90.2,41.95,17.57,210.2,1000.8,16.6,6.4,61,Moderate rain,28.98,31.53,27.17,41.95,90.15,17.57,210.2,1000.8,NASA POWER MERRA-2 (primary) + ERA5-normals sim (solar/sunshine/weather-code),19,0,69,88,853,2,0.2345,DENV-3,Watch,DGHS/WHO/PMC anchored estimates (daily distribution),18.7,18.4,4.87,6.88,19.07,86.9,89.4,88.5
2021-07-01,2021,7,1,182,Monsoon,Dhaka,23.71,90.41,28.4,30.52,26.59,3.9,30.0,26.8,91.8,51.59,20.81,193.8,1000.0,14.2,3.9,80,Rain showers,28.4,30.52,26.59,51.59,91.78,20.81,193.8,1000.0,NASA POWER MERRA-2 (primary) + ERA5-normals sim (solar/sunshine/weather-code),81,0,81,162,934,2,0.2141,DENV-3,High,DGHS/WHO/PMC anchored estimates (daily distribution),26.4,22.5,3.99,16.59,7.65,88.0,88.0,85.2
2021-07-02,2021,7,2,183,Monsoon,Dhaka,23.71,90.41,27.69,29.99,26.08,3.9,29.2,25.7,90.2,34.2,22.39,186.8,1001.5,14.8,4.3,3,Overcast,27.69,29.99,26.08,34.2,90.15,22.39,186.8,1001.5,NASA POWER MERRA-2 (primary) + ERA5-normals sim (solar/sunshine/weather-code),50,0,157,207,984,2,0.2033,DENV-3,Moderate,DGHS/WHO/PMC anchored estimates (daily distribution),31.3,24.9,3.98,34.14,18.09,87.3,88.6,93.1
2021-07-03,2021,7,3,184,Monsoon,Dhaka,23.71,90.41,28.33,31.04,26.62,4.4,29.9,26.6,91.1,22.22,21.49,185.4,1001.9,12.0,5.9,80,Rain showers,28.33,31.04,26.62,22.22,91.07,21.49,185.4,1001.9,NASA POWER MERRA-2 (primary) + ERA5-normals sim (solar/sunshine/weather-code),66,0,171,237,1050,2,0.1905,DENV-3,Moderate,DGHS/WHO/PMC anchored estimates (daily distribution),39.7,28.3,7.6,36.04,14.93,88.5,88.6,92.0
2021-07-04,2021,7,4,185,Monsoon,Dhaka,23.71,90.41,29.01,32.66,26.26,6.4,30.3,26.2,86.0,19.28,12.06,195.0,1002.6,4.2,1.1,95,Thunderstorm,29.01,32.66,26.26,19.28,86.02,12.06,195.0,1002.6,NASA POWER MERRA-2 (primary) + ERA5-normals sim (solar/sunshine/weather-code),37,0,216,253,1087,2,0.184,DENV-3,Moderate,DGHS/WHO/PMC anchored estimates (daily distribution),44.3,30.1,2.5,17.92,4.55,88.0,90.5,86.8
2021-07-05,2021,7,5,186,Monsoon,Dhaka,23.71,90.41,28.96,32.12,26.43,5.7,30.4,26.9,89.8,3.48,16.45,169.8,1002.3,9.5,3.2,80,Rain showers,28.96,32.12,26.43,3.48,89.75,16.45,169.8,1002.3,NASA POWER MERRA-2 (primary) + ERA5-normals sim (solar/sunshine/weather-code),30,0,234,264,1117,2,0.1791,DENV-3,Moderate,DGHS/WHO/PMC anchored estimates (daily distribution),43.4,31.4,5.93,25.28,8.44,89.4,90.4,87.9
2021-07-06,2021,7,6,187,Monsoon,Dhaka,23.71,90.41,29.05,31.77,27.15,4.6,30.5,27.0,89.5,22.23,12.96,201.8,1000.9,11.1,6.2,3,Overcast,29.05,31.77,27.15,22.23,89.48,12.96,201.8,1000.9,NASA POWER MERRA-2 (primary) + ERA5-normals sim (solar/sunshine/weather-code),103,0,183,286,1220,2,0.1639,DENV-3,High,DGHS/WHO/PMC anchored estimates (daily distribution),55.1,37.4,12.99,4.26,18.65,90.8,87.8,90.0
2021-07-07,2021,7,7,188,Monsoon,Dhaka,23.71,90.41,28.72,31.03,27.26,3.8,30.3,27.1,91.7,16.87,16.13,179.3,1001.7,9.6,4.7,2,Partly cloudy,28.72,31.03,27.26,16.87,91.67,16.13,179.3,1001.7,NASA POWER MERRA-2 (primary) + ERA5-normals sim (solar/sunshine/weather-code),94,1,235,330,1314,3,0.2283,DENV-3,High,DGHS/WHO/PMC anchored estimates (daily distribution),65.9,42.3,41.95,4.87,6.88,90.2,86.9,89.4
2021-07-08,2021,7,8,189,Monsoon,Dhaka,23.71,90.41,28.61,31.46,26.48,5.0,30.1,26.6,89.9,11.93,15.12,158.5,1002.0,11.5,4.2,80,Rain showers,28.61,31.46,26.48,11.93,89.93,15.12,158.5,1002.0,NASA POWER MERRA-2 (primary) + ERA5-normals sim (solar/sunshine/weather-code),96,1,263,360,1410,4,0.2837,DENV-3,High,DGHS/WHO/PMC anchored estimates (daily distribution),68.0,47.2,51.59,3.99,16.59,91.8,88.0,88.0
2021-07-09,2021,7,9,190,Monsoon,Dhaka,23.71,90.41,28.68,31.87,26.03,5.8,30.0,26.1,87.3,1.33,11.63,166.3,1000.9,6.2,3.0,2,Partly cloudy,28.68,31.87,26.03,1.33,87.31,11.63,166.3,1000.9,NASA POWER MERRA-2 (primary) + ERA5-normals sim (solar/sunshine/weather-code),44,0,323,367,1454,4,0.2751,DENV-3,Moderate,DGHS/WHO/PMC anchored estimates (daily distribution),67.1,49.2,34.2,3.98,34.14,90.2,87.3,88.6
2021-07-10,2021,7,10,191,Monsoon,Dhaka,23.71,90.41,28.7,31.66,26.2,5.5,30.1,26.1,87.1,3.0,8.68,150.6,1001.2,10.1,2.4,80,Rain showers,28.7,31.66,26.2,3.0,87.12,8.68,150.6,1001.2,NASA POWER MERRA-2 (primary) + ERA5-normals sim (solar/sunshine/weather-code),29,0,337,366,1483,4,0.2697,DENV-3,Moderate,DGHS/WHO/PMC anchored estimates (daily distribution),61.9,50.8,22.22,7.6,36.04,91.1,88.5,88.6
2021-07-11,2021,7,11,192,Monsoon,Dhaka,23.71,90.41,29.05,32.13,26.49,5.6,30.4,26.4,86.9,11.03,8.75,124.3,1003.2,4.0,2.0,80,Rain showers,29.05,32.13,26.49,11.03,86.92,8.75,124.3,1003.2,NASA POWER MERRA-2 (primary) + ERA5-normals sim (solar/sunshine/weather-code),29,0,263,292,1512,4,0.2646,DENV-3,Moderate,DGHS/WHO/PMC anchored estimates (daily distribution),60.7,52.5,19.28,2.5,17.92,86.0,88.0,90.5
2021-07-12,2021,7,12,193,Monsoon,Dhaka,23.71,90.41,29.0,32.8,26.59,6.2,30.2,25.8,83.8,5.16,7.92,157.9,1004.5,7.4,0.6,80,Rain showers,29.0,32.8,26.59,5.16,83.78,7.92,157.9,1004.5,NASA POWER MERRA-2 (primary) + ERA5-normals sim (solar/sunshine/weather-code),30,0,198,228,1542,4,0.2594,DENV-3,Moderate,DGHS/WHO/PMC anchored estimates (daily distribution),60.7,52.1,3.48,5.93,25.28,89.8,89.4,90.4
2021-07-13,2021,7,13,194,Monsoon,Dhaka,23.71,90.41,28.12,30.88,26.24,4.6,29.6,26.2,90.2,5.76,16.74,150.4,1003.9,12.5,5.7,2,Partly cloudy,28.12,30.88,26.24,5.76,90.2,16.74,150.4,1003.9,NASA POWER MERRA-2 (primary) + ERA5-normals sim (solar/sunshine/weather-code),56,0,132,188,1598,4,0.2503,DENV-3,Moderate,DGHS/WHO/PMC anchored estimates (daily distribution),54.0,54.6,22.23,12.99,4.26,89.5,90.8,87.8
2021-07-14,2021,7,14,195,Monsoon,Dhaka,23.71,90.41,28.51,31.51,26.24,5.3,29.9,25.9,87.1,3.3,14.22,171.6,1004.5,12.9,4.9,2,Partly cloudy,28.51,31.51,26.24,3.3,87.06,14.22,171.6,1004.5,NASA POWER MERRA-2 (primary) + ERA5-normals sim (solar/sunshine/weather-code),61,0,144,205,1659,4,0.2411,DENV-3,Moderate,DGHS/WHO/PMC anchored estimates (daily distribution),49.3,57.6,16.87,41.95,4.87,91.7,90.2,86.9
2021-07-15,2021,7,15,196,Monsoon,Dhaka,23.71,90.41,28.96,31.64,26.14,5.5,30.2,25.9,84.8,1.67,7.24,181.4,1004.6,9.0,3.7,3,Overcast,28.96,31.64,26.14,1.67,84.85,7.24,181.4,1004.6,NASA POWER MERRA-2 (primary) + ERA5-normals sim (solar/sunshine/weather-code),89,0,176,265,1748,4,0.2288,DENV-3,High,DGHS/WHO/PMC anchored estimates (daily distribution),48.3,58.1,11.93,51.59,3.99,89.9,91.8,88.0
2021-07-16,2021,7,16,197,Monsoon,Dhaka,23.71,90.41,28.44,30.67,26.51,4.2,29.7,25.6,85.6,11.33,7.52,195.3,1006.0,11.5,4.2,51,Light drizzle,28.44,30.67,26.51,11.33,85.57,7.52,195.3,1006.0,NASA POWER MERRA-2 (primary) + ERA5-normals sim (solar/sunshine/weather-code),50,0,236,286,1798,4,0.2225,DENV-3,Moderate,DGHS/WHO/PMC anchored estimates (daily distribution),49.1,58.1,1.33,34.2,3.98,87.3,90.2,87.3
2021-07-17,2021,7,17,198,Monsoon,Dhaka,23.71,90.41,28.73,30.96,26.91,4.1,30.2,26.4,88.5,8.06,10.91,209.5,1004.5,14.8,6.0,2,Partly cloudy,28.73,30.96,26.91,8.06,88.53,10.91,209.5,1004.5,NASA POWER MERRA-2 (primary) + ERA5-normals sim (solar/sunshine/weather-code),47,0,256,303,1845,4,0.2168,DENV-3,Moderate,DGHS/WHO/PMC anchored estimates (daily distribution),51.7,56.8,3.0,22.22,7.6,87.1,91.1,88.5
2021-07-18,2021,7,18,199,Monsoon,Dhaka,23.71,90.41,27.97,29.49,26.59,2.9,29.4,25.8,89.3,9.24,8.06,222.3,1002.3,11.1,2.2,2,Partly cloudy,27.97,29.49,26.59,9.24,89.26,8.06,222.3,1002.3,NASA POWER MERRA-2 (primary) + ERA5-normals sim (solar/sunshine/weather-code),64,0,247,311,1909,4,0.2095,DENV-3,Moderate,DGHS/WHO/PMC anchored estimates (daily distribution),56.7,58.7,11.03,19.28,2.5,86.9,86.0,88.0
2021-07-19,2021,7,19,200,Monsoon,Dhaka,23.71,90.41,27.82,29.46,26.81,2.7,29.4,26.0,90.9,18.87,11.02,205.5,1000.5,11.6,3.4,61,Moderate rain,27.82,29.46,26.81,18.87,90.91,11.02,205.5,1000.5,NASA POWER MERRA-2 (primary) + ERA5-normals sim (solar/sunshine/weather-code),44,0,250,294,1953,4,0.2048,DENV-3,Moderate,DGHS/WHO/PMC anchored estimates (daily distribution),58.7,59.7,5.16,3.48,5.93,83.8,89.8,89.4
2021-07-20,2021,7,20,201,Monsoon,Dhaka,23.71,90.41,29.02,32.09,26.47,5.6,30.3,26.1,85.3,20.52,8.14,200.3,999.7,9.1,4.2,61,Moderate rain,29.02,32.09,26.47,20.52,85.34,8.14,200.3,999.7,NASA POWER MERRA-2 (primary) + ERA5-normals sim (solar/sunshine/weather-code),29,0,205,234,1982,4,0.2018,DENV-3,Moderate,DGHS/WHO/PMC anchored estimates (daily distribution),54.9,54.4,5.76,22.23,12.99,90.2,89.5,90.8
2021-07-21,2021,7,21,202,Monsoon,Dhaka,23.71,90.41,28.94,31.49,26.29,5.2,30.2,26.0,85.2,6.97,8.32,146.9,997.4,8.0,4.8,51,Light drizzle,28.94,31.49,26.29,6.97,85.2,8.32,146.9,997.4,NASA POWER MERRA-2 (primary) + ERA5-normals sim (solar/sunshine/weather-code),76,0,184,260,2058,4,0.1944,DENV-3,Moderate,DGHS/WHO/PMC anchored estimates (daily distribution),57.0,53.1,3.3,16.87,41.95,87.1,91.7,90.2
2021-07-22,2021,7,22,203,Monsoon,Dhaka,23.71,90.41,28.83,32.21,26.37,5.8,30.2,26.2,87.1,12.75,15.8,127.8,996.1,4.7,2.0,61,Moderate rain,28.83,32.21,26.37,12.75,87.12,15.8,127.8,996.1,NASA POWER MERRA-2 (primary) + ERA5-normals sim (solar/sunshine/weather-code),105,1,212,318,2163,5,0.2312,DENV-3,High,DGHS/WHO/PMC anchored estimates (daily distribution),59.3,53.8,1.67,11.93,51.59,84.8,89.9,91.8
2021-07-23,2021,7,23,204,Monsoon,Dhaka,23.71,90.41,28.15,30.1,26.65,3.5,29.7,26.5,91.8,10.76,22.82,137.9,997.3,8.7,1.5,80,Rain showers,28.15,30.1,26.65,10.76,91.76,22.82,137.9,997.3,NASA POWER MERRA-2 (primary) + ERA5-normals sim (solar/sunshine/weather-code),59,0,254,313,2222,5,0.225,DENV-3,Moderate,DGHS/WHO/PMC anchored estimates (daily distribution),60.6,54.9,11.33,1.33,34.2,85.6,87.3,90.2
2021-07-24,2021,7,24,205,Monsoon,Dhaka,23.71,90.41,28.67,31.08,27.01,4.1,30.2,27.0,91.4,35.51,23.58,154.0,998.8,4.6,1.6,61,Moderate rain,28.67,31.08,27.01,35.51,91.4,23.58,154.0,998.8,NASA POWER MERRA-2 (primary) + ERA5-normals sim (solar/sunshine/weather-code),46,0,269,315,2268,5,0.2205,DENV-3,Moderate,DGHS/WHO/PMC anchored estimates (daily distribution),60.4,56.1,8.06,3.0,22.22,88.5,87.1,91.1
2021-07-25,2021,7,25,206,Monsoon,Dhaka,23.71,90.41,28.79,31.55,26.63,4.9,30.3,26.8,89.9,8.27,14.72,162.7,999.0,10.6,4.5,61,Moderate rain,28.79,31.55,26.63,8.27,89.9,14.72,162.7,999.0,NASA POWER MERRA-2 (primary) + ERA5-normals sim (solar/sunshine/weather-code),68,0,286,354,2336,5,0.214,DENV-3,Moderate,DGHS/WHO/PMC anchored estimates (daily distribution),61.0,58.9,9.24,11.03,19.28,89.3,86.9,86.0
2021-07-26,2021,7,26,207,Monsoon,Dhaka,23.71,90.41,29.84,32.99,27.3,5.7,31.2,27.2,87.0,3.24,6.73,188.3,996.3,5.6,1.6,61,Moderate rain,29.84,32.99,27.3,3.24,86.95,6.73,188.3,996.3,NASA POWER MERRA-2 (primary) + ERA5-normals sim (solar/sunshine/weather-code),75,0,278,353,2411,5,0.2074,DENV-3,Moderate,DGHS/WHO/PMC anchored estimates (daily distribution),65.4,62.1,18.87,5.16,3.48,90.9,83.8,89.8
2021-07-27,2021,7,27,208,Monsoon,Dhaka,23.71,90.41,29.63,31.93,27.89,4.0,31.2,27.7,90.5,15.34,6.26,259.5,993.3,12.3,5.5,51,Light drizzle,29.63,31.93,27.89,15.34,90.46,6.26,259.5,993.3,NASA POWER MERRA-2 (primary) + ERA5-normals sim (solar/sunshine/weather-code),34,0,248,282,2445,5,0.2045,DENV-3,Moderate,DGHS/WHO/PMC anchored estimates (daily distribution),66.1,60.5,20.52,5.76,22.23,85.3,90.2,89.5
2021-07-28,2021,7,28,209,Monsoon,Dhaka,23.71,90.41,28.63,30.46,27.22,3.2,30.3,27.4,93.8,14.85,21.06,220.7,992.2,6.0,6.3,51,Light drizzle,28.63,30.46,27.22,14.85,93.83,21.06,220.7,992.2,NASA POWER MERRA-2 (primary) + ERA5-normals sim (solar/sunshine/weather-code),23,0,223,246,2468,5,0.2026,DENV-3,Moderate,DGHS/WHO/PMC anchored estimates (daily distribution),58.6,57.8,6.97,3.3,16.87,85.2,87.1,91.7
2021-07-29,2021,7,29,210,Monsoon,Dhaka,23.71,90.41,27.63,29.06,26.69,2.4,29.3,26.2,92.7,29.18,34.2,139.9,993.4,15.8,3.7,3,Overcast,27.63,29.06,26.69,29.18,92.7,34.2,139.9,993.4,NASA POWER MERRA-2 (primary) + ERA5-normals sim (solar/sunshine/weather-code),33,0,200,233,2501,5,0.1999,DENV-3,Moderate,DGHS/WHO/PMC anchored estimates (daily distribution),48.3,53.8,12.75,1.67,11.93,87.1,84.8,89.9
2021-07-30,2021,7,30,211,Monsoon,Dhaka,23.71,90.41,28.25,31.01,26.64,4.4,29.8,26.4,90.6,21.24,26.75,160.7,998.6,6.5,1.6,61,Moderate rain,28.25,31.01,26.64,21.24,90.56,26.75,160.7,998.6,NASA POWER MERRA-2 (primary) + ERA5-normals sim (solar/sunshine/weather-code),63,0,165,228,2564,5,0.195,DENV-3,Moderate,DGHS/WHO/PMC anchored estimates (daily distribution),48.9,54.7,10.76,11.33,1.33,91.8,85.6,87.3
2021-07-31,2021,7,31,212,Monsoon,Dhaka,23.71,90.41,28.29,31.19,26.55,4.6,29.8,26.4,90.3,13.59,18.5,173.1,1000.5,6.8,1.8,95,Thunderstorm,28.29,31.19,26.55,13.59,90.3,18.5,173.1,1000.5,NASA POWER MERRA-2 (primary) + ERA5-normals sim (solar/sunshine/weather-code),59,0,153,212,2623,5,0.1906,DENV-3,Moderate,DGHS/WHO/PMC anchored estimates (daily distribution),50.7,55.6,35.51,8.06,3.0,91.4,88.5,87.1
2021-08-01,2021,8,1,213,Monsoon,Dhaka,23.71,90.41,27.87,29.86,26.35,3.5,29.5,26.3,91.9,21.6,11.74,186.0,999.5,16.0,4.7,3,Overcast,27.87,29.86,26.35,21.6,91.86,11.74,186.0,999.5,NASA POWER MERRA-2 (primary) + ERA5-normals sim (solar/sunshine/weather-code),88,0,178,266,2711,5,0.1844,DENV-3,High,DGHS/WHO/PMC anchored estimates (daily distribution),53.6,57.3,8.27,9.24,11.03,89.9,89.3,86.9
2021-08-02,2021,8,2,214,Monsoon,Dhaka,23.71,90.41,28.1,30.76,26.25,4.5,29.6,26.2,90.4,4.62,12.42,188.3,999.7,14.8,5.6,80,Rain showers,28.1,30.76,26.25,4.62,90.38,12.42,188.3,999.7,NASA POWER MERRA-2 (primary) + ERA5-normals sim (solar/sunshine/weather-code),80,1,242,323,2791,6,0.215,DENV-3,High,DGHS/WHO/PMC anchored estimates (daily distribution),54.3,59.9,3.24,18.87,5.16,87.0,90.9,83.8
2021-08-03,2021,8,3,215,Monsoon,Dhaka,23.71,90.41,28.84,32.28,26.28,6.0,30.2,26.4,87.7,12.76,7.7,176.1,999.7,4.3,1.8,80,Rain showers,28.84,32.28,26.28,12.76,87.67,7.7,176.1,999.7,NASA POWER MERRA-2 (primary) + ERA5-normals sim (solar/sunshine/weather-code),261,0,290,551,3052,6,0.1966,DENV-3,Critical,DGHS/WHO/PMC anchored estimates (daily distribution),86.7,76.4,15.34,20.52,5.76,90.5,85.3,90.2
2021-08-04,2021,8,4,216,Monsoon,Dhaka,23.71,90.41,28.56,31.99,26.27,5.7,30.0,26.3,88.8,10.75,12.17,138.0,999.8,8.5,2.0,95,Thunderstorm,28.56,31.99,26.27,10.75,88.75,12.17,138.0,999.8,NASA POWER MERRA-2 (primary) + ERA5-normals sim (solar/sunshine/weather-code),158,0,488,646,3210,6,0.1869,DENV-3,High,DGHS/WHO/PMC anchored estimates (daily distribution),106.0,82.3,14.85,6.97,3.3,93.8,85.2,87.1
2021-08-05,2021,8,5,217,Monsoon,Dhaka,23.71,90.41,29.59,33.16,25.91,7.2,30.8,26.4,84.2,11.55,8.14,58.0,998.4,10.5,6.1,61,Moderate rain,29.59,33.16,25.91,11.55,84.21,8.14,58.0,998.4,NASA POWER MERRA-2 (primary) + ERA5-normals sim (solar/sunshine/weather-code),193,2,585,780,3403,8,0.2351,DENV-3,High,DGHS/WHO/PMC anchored estimates (daily distribution),128.9,88.6,29.18,12.75,1.67,92.7,87.1,84.8
2021-08-06,2021,8,6,218,Monsoon,Dhaka,23.71,90.41,28.17,29.55,27.11,2.4,29.9,27.1,94.6,46.28,20.09,247.4,997.2,17.1,4.8,61,Moderate rain,28.17,29.55,27.11,46.28,94.62,20.09,247.4,997.2,NASA POWER MERRA-2 (primary) + ERA5-normals sim (solar/sunshine/weather-code),128,2,690,820,3531,10,0.2832,DENV-3,High,DGHS/WHO/PMC anchored estimates (daily distribution),138.1,93.5,21.24,10.76,11.33,90.6,91.8,85.6
2021-08-07,2021,8,7,219,Monsoon,Dhaka,23.71,90.41,28.54,30.69,27.0,3.7,30.1,26.7,91.0,34.68,19.33,204.3,1001.4,14.1,6.2,61,Moderate rain,28.54,30.69,27.0,34.68,90.97,19.33,204.3,1001.4,NASA POWER MERRA-2 (primary) + ERA5-normals sim (solar/sunshine/weather-code),63,0,740,803,3594,10,0.2782,DENV-3,Moderate,DGHS/WHO/PMC anchored estimates (daily distribution),138.7,94.7,13.59,35.51,8.06,90.3,91.4,88.5
2021-08-08,2021,8,8,220,Monsoon,Dhaka,23.71,90.41,28.88,31.72,26.86,4.9,30.4,27.0,90.6,9.45,13.97,197.6,1004.1,12.7,5.0,80,Rain showers,28.88,31.72,26.86,9.45,90.58,13.97,197.6,1004.1,NASA POWER MERRA-2 (primary) + ERA5-normals sim (solar/sunshine/weather-code),90,0,542,632,3684,10,0.2714,DENV-3,High,DGHS/WHO/PMC anchored estimates (daily distribution),139.0,96.3,21.6,8.27,9.24,91.9,89.9,89.3
2021-08-09,2021,8,9,221,Monsoon,Dhaka,23.71,90.41,29.07,32.14,26.27,5.9,30.5,26.9,89.1,9.49,11.88,204.0,1003.6,9.7,4.3,61,Moderate rain,29.07,32.14,26.27,9.49,89.09,11.88,204.0,1003.6,NASA POWER MERRA-2 (primary) + ERA5-normals sim (solar/sunshine/weather-code),152,1,473,626,3836,11,0.2868,DENV-3,High,DGHS/WHO/PMC anchored estimates (daily distribution),149.3,101.8,4.62,3.24,18.87,90.4,87.0,90.9
2021-08-10,2021,8,10,222,Monsoon,Dhaka,23.71,90.41,28.97,31.41,27.04,4.4,30.5,27.2,91.4,9.28,14.62,196.3,1001.4,13.0,7.4,3,Overcast,28.97,31.41,27.04,9.28,91.4,14.62,196.3,1001.4,NASA POWER MERRA-2 (primary) + ERA5-normals sim (solar/sunshine/weather-code),242,1,432,675,4078,12,0.2943,DENV-3,Critical,DGHS/WHO/PMC anchored estimates (daily distribution),146.6,116.6,12.76,15.34,20.52,87.7,90.5,85.3
2021-08-11,2021,8,11,223,Monsoon,Dhaka,23.71,90.41,29.06,31.45,27.37,4.1,30.6,27.2,90.9,5.69,14.8,181.0,1001.5,13.8,5.4,80,Rain showers,29.06,31.45,27.37,5.69,90.86,14.8,181.0,1001.5,NASA POWER MERRA-2 (primary) + ERA5-normals sim (solar/sunshine/weather-code),152,1,546,699,4230,13,0.3073,DENV-3,High,DGHS/WHO/PMC anchored estimates (daily distribution),145.7,125.9,10.75,14.85,6.97,88.8,93.8,85.2
2021-08-12,2021,8,12,224,Monsoon,Dhaka,23.71,90.41,28.5,30.19,27.68,2.5,30.1,26.8,91.5,18.22,20.95,165.3,1003.0,16.9,3.5,61,Moderate rain,28.5,30.19,27.68,18.22,91.52,20.95,165.3,1003.0,NASA POWER MERRA-2 (primary) + ERA5-normals sim (solar/sunshine/weather-code),106,0,636,742,4336,13,0.2998,DENV-3,High,DGHS/WHO/PMC anchored estimates (daily distribution),133.3,131.1,11.55,29.18,12.75,84.2,92.7,87.1
2021-08-13,2021,8,13,225,Monsoon,Dhaka,23.71,90.41,28.1,30.11,26.69,3.4,29.5,25.6,87.5,31.42,15.01,202.2,1002.2,13.9,3.6,51,Light drizzle,28.1,30.11,26.69,31.42,87.53,15.01,202.2,1002.2,NASA POWER MERRA-2 (primary) + ERA5-normals sim (solar/sunshine/weather-code),119,2,650,771,4455,15,0.3367,DENV-3,High,DGHS/WHO/PMC anchored estimates (daily distribution),132.0,135.1,46.28,21.24,10.76,94.6,90.6,91.8
2021-08-14,2021,8,14,226,Monsoon,Dhaka,23.71,90.41,29.02,32.04,26.64,5.4,30.5,26.8,88.7,13.71,13.93,196.2,1000.6,12.4,3.8,2,Partly cloudy,29.02,32.04,26.64,13.71,88.73,13.93,196.2,1000.6,NASA POWER MERRA-2 (primary) + ERA5-normals sim (solar/sunshine/weather-code),65,0,619,684,4520,15,0.3319,DENV-3,Moderate,DGHS/WHO/PMC anchored estimates (daily distribution),132.3,135.5,34.68,13.59,35.51,91.0,90.3,91.4
2021-08-15,2021,8,15,227,Monsoon,Dhaka,23.71,90.41,28.29,30.9,26.58,4.3,29.9,26.6,91.6,18.58,10.44,184.8,1002.1,8.4,5.6,51,Light drizzle,28.29,30.9,26.58,18.58,91.6,10.44,184.8,1002.1,NASA POWER MERRA-2 (primary) + ERA5-normals sim (solar/sunshine/weather-code),86,0,442,528,4606,15,0.3257,DENV-3,High,DGHS/WHO/PMC anchored estimates (daily distribution),131.7,135.4,9.45,21.6,8.27,90.6,91.9,89.9
2021-08-16,2021,8,16,228,Monsoon,Dhaka,23.71,90.41,28.35,31.79,25.83,6.0,29.8,26.3,89.7,7.32,10.8,157.0,1004.1,15.0,4.0,3,Overcast,28.35,31.79,25.83,7.32,89.68,10.8,157.0,1004.1,NASA POWER MERRA-2 (primary) + ERA5-normals sim (solar/sunshine/weather-code),116,0,376,492,4722,15,0.3177,DENV-3,High,DGHS/WHO/PMC anchored estimates (daily distribution),126.6,137.9,9.49,4.62,3.24,89.1,90.4,87.0
2021-08-17,2021,8,17,229,Monsoon,Dhaka,23.71,90.41,28.16,31.1,26.5,4.6,29.7,26.4,91.1,15.24,15.7,163.7,1004.6,13.9,4.6,61,Moderate rain,28.16,31.1,26.5,15.24,91.1,15.7,163.7,1004.6,NASA POWER MERRA-2 (primary) + ERA5-normals sim (solar/sunshine/weather-code),99,0,386,485,4821,15,0.3111,DENV-3,High,DGHS/WHO/PMC anchored estimates (daily distribution),106.1,126.4,9.28,12.76,15.34,91.4,87.7,90.5
2021-08-18,2021,8,18,230,Monsoon,Dhaka,23.71,90.41,27.62,29.46,26.37,3.1,29.3,26.5,94.4,17.26,16.88,166.8,1003.4,12.1,5.1,80,Rain showers,27.62,29.46,26.37,17.26,94.4,16.88,166.8,1003.4,NASA POWER MERRA-2 (primary) + ERA5-normals sim (solar/sunshine/weather-code),96,0,366,462,4917,15,0.3051,DENV-3,High,DGHS/WHO/PMC anchored estimates (daily distribution),98.1,121.9,5.69,10.75,14.85,90.9,88.8,93.8
2021-08-19,2021,8,19,231,Monsoon,Dhaka,23.71,90.41,27.34,28.86,26.01,2.8,29.0,25.9,93.0,9.57,16.74,172.2,1004.3,14.6,3.6,61,Moderate rain,27.34,28.86,26.01,9.57,93.05,16.74,172.2,1004.3,NASA POWER MERRA-2 (primary) + ERA5-normals sim (solar/sunshine/weather-code),224,0,397,621,5141,15,0.2918,DENV-3,Critical,DGHS/WHO/PMC anchored estimates (daily distribution),115.0,124.1,18.22,11.55,29.18,91.5,84.2,92.7
2021-08-20,2021,8,20,232,Monsoon,Dhaka,23.71,90.41,27.75,30.57,25.72,4.9,29.3,25.9,90.8,3.69,14.44,171.5,1006.7,12.0,5.5,61,Moderate rain,27.75,30.57,25.72,3.69,90.75,14.44,171.5,1006.7,NASA POWER MERRA-2 (primary) + ERA5-normals sim (solar/sunshine/weather-code),167,0,535,702,5308,15,0.2826,DENV-3,High,DGHS/WHO/PMC anchored estimates (daily distribution),121.9,126.9,31.42,46.28,21.24,87.5,94.6,90.6
2021-08-21,2021,8,21,233,Monsoon,Dhaka,23.71,90.41,28.02,31.34,25.45,5.9,29.4,25.6,88.0,0.93,9.79,195.0,1007.8,10.3,4.7,3,Overcast,28.02,31.34,25.45,0.93,87.98,9.79,195.0,1007.8,NASA POWER MERRA-2 (primary) + ERA5-normals sim (solar/sunshine/weather-code),110,1,585,696,5418,16,0.2953,DENV-3,High,DGHS/WHO/PMC anchored estimates (daily distribution),128.3,130.3,13.71,34.68,13.59,88.7,91.0,90.3
2021-08-22,2021,8,22,234,Monsoon,Dhaka,23.71,90.41,28.5,31.55,25.84,5.7,29.8,25.9,86.8,4.52,12.38,231.9,1005.9,7.8,1.6,80,Rain showers,28.5,31.55,25.84,4.52,86.85,12.38,231.9,1005.9,NASA POWER MERRA-2 (primary) + ERA5-normals sim (solar/sunshine/weather-code),47,0,597,644,5465,16,0.2928,DENV-3,Moderate,DGHS/WHO/PMC anchored estimates (daily distribution),122.7,127.2,18.58,9.45,21.6,91.6,90.6,91.9
2021-08-23,2021,8,23,235,Monsoon,Dhaka,23.71,90.41,28.86,31.85,26.07,5.8,30.3,26.7,89.0,7.43,13.97,228.2,1004.3,6.2,2.0,80,Rain showers,28.86,31.85,26.07,7.43,88.97,13.97,228.2,1004.3,NASA POWER MERRA-2 (primary) + ERA5-normals sim (solar/sunshine/weather-code),115,0,548,663,5580,16,0.2867,DENV-3,High,DGHS/WHO/PMC anchored estimates (daily distribution),122.6,124.6,7.32,9.49,4.62,89.7,89.1,90.4
2021-08-24,2021,8,24,236,Monsoon,Dhaka,23.71,90.41,28.41,30.78,27.06,3.7,30.0,26.7,91.6,11.26,12.49,204.1,1002.9,9.6,3.0,51,Light drizzle,28.41,30.78,27.06,11.26,91.63,12.49,204.1,1002.9,NASA POWER MERRA-2 (primary) + ERA5-normals sim (solar/sunshine/weather-code),70,0,439,509,5650,16,0.2832,DENV-3,Moderate,DGHS/WHO/PMC anchored estimates (daily distribution),118.4,112.3,15.24,9.28,12.76,91.1,91.4,87.7
2021-08-25,2021,8,25,237,Monsoon,Dhaka,23.71,90.41,28.16,30.4,27.03,3.4,29.7,26.4,91.3,15.67,13.21,188.9,1000.9,16.5,4.0,51,Light drizzle,28.16,30.4,27.03,15.67,91.28,13.21,188.9,1000.9,NASA POWER MERRA-2 (primary) + ERA5-normals sim (solar/sunshine/weather-code),72,0,342,414,5722,16,0.2796,DENV-3,Moderate,DGHS/WHO/PMC anchored estimates (daily distribution),115.0,106.6,17.26,5.69,10.75,94.4,90.9,88.8
2021-08-26,2021,8,26,238,Monsoon,Dhaka,23.71,90.41,28.34,31.05,26.43,4.6,29.9,26.4,90.4,2.96,15.59,166.7,1000.4,4.5,1.9,80,Rain showers,28.34,31.05,26.43,2.96,90.35,15.59,166.7,1000.4,NASA POWER MERRA-2 (primary) + ERA5-normals sim (solar/sunshine/weather-code),94,4,300,398,5816,20,0.3439,DENV-3,High,DGHS/WHO/PMC anchored estimates (daily distribution),96.4,105.7,9.57,18.22,11.55,93.0,91.5,84.2
2021-08-27,2021,8,27,239,Monsoon,Dhaka,23.71,90.41,27.4,29.47,26.16,3.3,29.0,25.9,92.5,18.96,12.85,147.3,1002.4,16.5,4.8,61,Moderate rain,27.4,29.47,26.16,18.96,92.52,12.85,147.3,1002.4,NASA POWER MERRA-2 (primary) + ERA5-normals sim (solar/sunshine/weather-code),228,0,351,579,6044,20,0.3309,DENV-3,Critical,DGHS/WHO/PMC anchored estimates (daily distribution),105.1,113.5,3.69,31.42,46.28,90.8,87.5,94.6
2021-08-28,2021,8,28,240,Monsoon,Dhaka,23.71,90.41,27.64,29.92,25.69,4.2,29.2,25.8,91.0,4.73,11.88,137.7,1002.4,9.4,7.2,3,Overcast,27.64,29.92,25.69,4.73,91.03,11.88,137.7,1002.4,NASA POWER MERRA-2 (primary) + ERA5-normals sim (solar/sunshine/weather-code),226,1,463,690,6270,21,0.3349,DENV-3,Critical,DGHS/WHO/PMC anchored estimates (daily distribution),121.7,125.0,0.93,13.71,34.68,88.0,88.7,91.0
2021-08-29,2021,8,29,241,Monsoon,Dhaka,23.71,90.41,27.32,29.49,25.53,4.0,28.9,25.7,92.1,3.26,12.82,143.8,1003.6,5.2,2.1,95,Thunderstorm,27.32,29.49,25.53,3.26,92.08,12.82,143.8,1003.6,NASA POWER MERRA-2 (primary) + ERA5-normals sim (solar/sunshine/weather-code),135,0,620,755,6405,21,0.3279,DENV-3,High,DGHS/WHO/PMC anchored estimates (daily distribution),134.3,128.5,4.52,18.58,9.45,86.8,91.6,90.6
2021-08-30,2021,8,30,242,Monsoon,Dhaka,23.71,90.41,27.08,28.96,25.58,3.4,28.7,25.6,92.5,9.08,10.04,143.2,1006.3,15.5,5.5,51,Light drizzle,27.08,28.96,25.58,9.08,92.49,10.04,143.2,1006.3,NASA POWER MERRA-2 (primary) + ERA5-normals sim (solar/sunshine/weather-code),247,0,683,930,6652,21,0.3157,DENV-3,Critical,DGHS/WHO/PMC anchored estimates (daily distribution),153.1,137.9,7.43,7.32,9.49,89.0,89.7,89.1
2021-08-31,2021,8,31,243,Monsoon,Dhaka,23.71,90.41,28.15,31.58,25.33,6.2,29.6,25.8,88.5,3.01,10.44,167.5,1007.3,10.4,3.1,80,Rain showers,28.15,31.58,25.33,3.01,88.52,10.44,167.5,1007.3,NASA POWER MERRA-2 (primary) + ERA5-normals sim (solar/sunshine/weather-code),219,1,835,1055,6871,22,0.3202,DENV-3,Critical,DGHS/WHO/PMC anchored estimates (daily distribution),174.4,146.4,11.26,15.24,9.28,91.6,91.1,91.4
2021-09-01,2021,9,1,244,Monsoon,Dhaka,23.71,90.41,27.55,29.22,25.87,3.3,29.0,25.4,89.1,4.84,7.13,243.0,1006.8,14.5,3.6,80,Rain showers,27.55,29.22,25.87,4.84,89.13,7.13,243.0,1006.8,NASA POWER MERRA-2 (primary) + ERA5-normals sim (solar/sunshine/weather-code),24,0,827,851,6895,22,0.3191,DENV-3,Moderate,DGHS/WHO/PMC anchored estimates (daily distribution),167.6,141.3,15.67,17.26,5.69,91.3,94.4,90.9
2021-09-02,2021,9,2,245,Monsoon,Dhaka,23.71,90.41,26.93,28.62,25.09,3.5,28.5,25.3,91.9,14.28,8.21,297.5,1005.0,8.9,5.5,61,Moderate rain,26.93,28.62,25.09,14.28,91.86,8.21,297.5,1005.0,NASA POWER MERRA-2 (primary) + ERA5-normals sim (solar/sunshine/weather-code),434,2,623,1059,7329,24,0.3275,DENV-3,Critical,DGHS/WHO/PMC anchored estimates (daily distribution),216.1,156.3,2.96,9.57,18.22,90.4,93.0,91.5
2021-09-03,2021,9,3,246,Monsoon,Dhaka,23.71,90.41,28.12,32.08,23.62,8.5,29.2,24.3,80.9,1.74,6.16,314.9,1003.3,8.5,3.8,80,Rain showers,28.12,32.08,23.62,1.74,80.91,6.16,314.9,1003.3,NASA POWER MERRA-2 (primary) + ERA5-normals sim (solar/sunshine/weather-code),342,0,924,1266,7671,24,0.3129,DENV-3,Critical,DGHS/WHO/PMC anchored estimates (daily distribution),232.4,168.8,18.96,3.69,31.42,92.5,90.8,87.5
2021-09-04,2021,9,4,247,Monsoon,Dhaka,23.71,90.41,28.96,32.91,25.1,7.8,30.1,25.5,82.7,3.35,5.94,246.1,1002.1,5.6,2.2,80,Rain showers,28.96,32.91,25.1,3.35,82.68,5.94,246.1,1002.1,NASA POWER MERRA-2 (primary) + ERA5-normals sim (solar/sunshine/weather-code),142,1,1018,1161,7813,25,0.32,DENV-3,High,DGHS/WHO/PMC anchored estimates (daily distribution),220.4,171.1,4.73,0.93,13.71,91.0,88.0,88.7
2021-09-05,2021,9,5,248,Monsoon,Dhaka,23.71,90.41,28.91,31.66,26.07,5.6,30.2,26.2,86.5,17.97,7.27,149.4,1001.9,10.3,5.8,3,Overcast,28.91,31.66,26.07,17.97,86.5,7.27,149.4,1001.9,NASA POWER MERRA-2 (primary) + ERA5-normals sim (solar/sunshine/weather-code),312,1,941,1254,8125,26,0.32,DENV-3,Critical,DGHS/WHO/PMC anchored estimates (daily distribution),245.7,190.0,3.26,4.52,18.58,92.1,86.8,91.6
2021-09-06,2021,9,6,249,Monsoon,Dhaka,23.71,90.41,28.09,30.3,26.41,3.9,29.6,26.2,90.6,13.54,15.8,135.1,1004.9,16.7,6.4,80,Rain showers,28.09,30.3,26.41,13.54,90.56,15.8,135.1,1004.9,NASA POWER MERRA-2 (primary) + ERA5-normals sim (solar/sunshine/weather-code),335,1,1229,1565,8460,27,0.3191,DENV-3,Critical,DGHS/WHO/PMC anchored estimates (daily distribution),258.3,205.7,9.08,7.43,7.32,92.5,89.0,89.7
2021-09-07,2021,9,7,250,Monsoon,Dhaka,23.71,90.41,27.71,30.67,25.78,4.9,29.2,25.9,90.8,7.91,15.44,151.0,1007.6,10.9,7.4,3,Overcast,27.71,30.67,25.78,7.91,90.75,15.44,151.0,1007.6,NASA POWER MERRA-2 (primary) + ERA5-normals sim (solar/sunshine/weather-code),272,2,1129,1403,8732,29,0.3321,DENV-3,Critical,DGHS/WHO/PMC anchored estimates (daily distribution),265.9,220.1,3.01,11.26,15.24,88.5,91.6,91.1
2021-09-08,2021,9,8,251,Monsoon,Dhaka,23.71,90.41,27.91,30.91,25.12,5.8,29.3,25.6,88.2,2.45,9.0,164.5,1006.1,7.5,4.9,2,Partly cloudy,27.91,30.91,25.12,2.45,88.16,9.0,164.5,1006.1,NASA POWER MERRA-2 (primary) + ERA5-normals sim (solar/sunshine/weather-code),380,2,1059,1441,9112,31,0.3402,DENV-3,Critical,DGHS/WHO/PMC anchored estimates (daily distribution),316.7,242.1,4.84,15.67,17.26,89.1,91.3,94.4
2021-09-09,2021,9,9,252,Monsoon,Dhaka,23.71,90.41,28.7,30.62,26.43,4.2,29.9,25.5,83.8,3.19,4.0,92.0,1004.2,11.6,7.2,3,Overcast,28.7,30.62,26.43,3.19,83.79,4.0,92.0,1004.2,NASA POWER MERRA-2 (primary) + ERA5-normals sim (solar/sunshine/weather-code),292,0,1299,1591,9404,31,0.3296,DENV-3,Critical,DGHS/WHO/PMC anchored estimates (daily distribution),296.4,256.3,14.28,2.96,9.57,91.9,90.4,93.0
2021-09-10,2021,9,10,253,Monsoon,Dhaka,23.71,90.41,28.15,30.75,25.55,5.2,29.6,26.1,89.7,4.57,10.08,37.6,1002.9,11.7,5.5,80,Rain showers,28.15,30.75,25.55,4.57,89.74,10.08,37.6,1002.9,NASA POWER MERRA-2 (primary) + ERA5-normals sim (solar/sunshine/weather-code),316,0,1279,1595,9720,31,0.3189,DENV-3,Critical,DGHS/WHO/PMC anchored estimates (daily distribution),292.7,262.6,1.74,18.96,3.69,80.9,92.5,90.8
2021-09-11,2021,9,11,254,Monsoon,Dhaka,23.71,90.41,28.27,31.28,25.7,5.6,29.7,25.8,87.8,11.46,10.26,116.3,1003.0,19.3,6.5,2,Partly cloudy,28.27,31.28,25.7,11.46,87.79,10.26,116.3,1003.0,NASA POWER MERRA-2 (primary) + ERA5-normals sim (solar/sunshine/weather-code),252,1,1259,1512,9972,32,0.3209,DENV-3,Critical,DGHS/WHO/PMC anchored estimates (daily distribution),308.4,264.4,3.35,4.73,0.93,82.7,91.0,88.0
2021-09-12,2021,9,12,255,Monsoon,Dhaka,23.71,90.41,27.99,31.47,25.84,5.6,29.5,26.0,89.9,1.35,16.45,115.9,1000.1,15.1,4.8,61,Moderate rain,27.99,31.47,25.84,1.35,89.94,16.45,115.9,1000.1,NASA POWER MERRA-2 (primary) + ERA5-normals sim (solar/sunshine/weather-code),197,1,1239,1437,10169,33,0.3245,DENV-3,High,DGHS/WHO/PMC anchored estimates (daily distribution),292.0,268.9,17.97,3.26,4.52,86.5,92.1,86.8
2021-09-13,2021,9,13,256,Monsoon,Dhaka,23.71,90.41,27.66,30.25,25.85,4.4,29.2,25.9,91.4,2.41,21.85,134.8,1001.3,9.3,2.8,51,Light drizzle,27.66,30.25,25.85,2.41,91.43,21.85,134.8,1001.3,NASA POWER MERRA-2 (primary) + ERA5-normals sim (solar/sunshine/weather-code),133,0,1057,1190,10302,33,0.3203,DENV-3,High,DGHS/WHO/PMC anchored estimates (daily distribution),263.1,260.7,13.54,9.08,7.43,90.6,92.5,89.0
2021-09-14,2021,9,14,257,Monsoon,Dhaka,23.71,90.41,27.42,29.35,26.11,3.2,29.1,26.0,93.0,9.87,15.88,135.6,1005.6,15.0,4.6,61,Moderate rain,27.42,29.35,26.11,9.87,93.05,15.88,135.6,1005.6,NASA POWER MERRA-2 (primary) + ERA5-normals sim (solar/sunshine/weather-code),267,1,897,1165,10569,34,0.3217,DENV-3,Critical,DGHS/WHO/PMC anchored estimates (daily distribution),262.4,264.1,7.91,3.01,11.26,90.8,88.5,91.6
2021-09-15,2021,9,15,258,Monsoon,Dhaka,23.71,90.41,28.34,31.63,25.28,6.3,29.8,26.0,88.2,10.4,8.57,173.7,1006.3,10.6,1.9,61,Moderate rain,28.34,31.63,25.28,10.4,88.15,8.57,173.7,1006.3,NASA POWER MERRA-2 (primary) + ERA5-normals sim (solar/sunshine/weather-code),720,1,848,1569,11289,35,0.31,DENV-3,Critical,DGHS/WHO/PMC anchored estimates (daily distribution),311.0,313.9,2.45,4.84,15.67,88.2,89.1,91.3
2021-09-16,2021,9,16,259,Monsoon,Dhaka,23.71,90.41,27.61,30.04,25.77,4.3,29.1,25.8,90.7,9.07,9.65,223.6,1004.0,15.1,7.8,2,Partly cloudy,27.61,30.04,25.77,9.07,90.71,9.65,223.6,1004.0,NASA POWER MERRA-2 (primary) + ERA5-normals sim (solar/sunshine/weather-code),391,2,1315,1708,11680,37,0.3168,DENV-3,Critical,DGHS/WHO/PMC anchored estimates (daily distribution),325.1,310.8,3.19,14.28,2.96,83.8,91.9,90.4
2021-09-17,2021,9,17,260,Monsoon,Dhaka,23.71,90.41,27.97,31.29,25.62,5.7,29.4,25.7,88.8,8.88,8.89,178.6,1003.5,7.8,1.2,80,Rain showers,27.97,31.29,25.62,8.88,88.82,8.89,178.6,1003.5,NASA POWER MERRA-2 (primary) + ERA5-normals sim (solar/sunshine/weather-code),215,1,1510,1726,11895,38,0.3195,DENV-3,Critical,DGHS/WHO/PMC anchored estimates (daily distribution),310.7,301.7,4.57,1.74,18.96,89.7,80.9,92.5
2021-09-18,2021,9,18,261,Monsoon,Dhaka,23.71,90.41,27.0,28.61,25.52,3.1,28.6,25.4,91.9,16.1,8.6,192.9,1005.4,17.3,4.0,2,Partly cloudy,27.0,28.61,25.52,16.1,91.91,8.6,192.9,1005.4,NASA POWER MERRA-2 (primary) + ERA5-normals sim (solar/sunshine/weather-code),166,1,1592,1759,12061,39,0.3234,DENV-3,High,DGHS/WHO/PMC anchored estimates (daily distribution),298.4,303.4,11.46,3.35,4.73,87.8,82.7,91.0
2021-09-19,2021,9,19,262,Monsoon,Dhaka,23.71,90.41,27.3,29.5,25.75,3.8,28.8,25.3,89.8,38.59,5.83,169.2,1006.7,16.7,5.6,3,Overcast,27.3,29.5,25.75,38.59,89.76,5.83,169.2,1006.7,NASA POWER MERRA-2 (primary) + ERA5-normals sim (solar/sunshine/weather-code),77,0,1492,1569,12138,39,0.3213,DENV-3,Moderate,DGHS/WHO/PMC anchored estimates (daily distribution),281.3,286.6,1.35,17.97,3.26,89.9,86.5,92.1
2021-09-20,2021,9,20,263,Monsoon,Dhaka,23.71,90.41,26.7,28.91,25.3,3.6,28.4,25.4,93.3,10.31,11.45,157.2,1006.1,16.3,5.7,3,Overcast,26.7,28.91,25.3,10.31,93.33,11.45,157.2,1006.1,NASA POWER MERRA-2 (primary) + ERA5-normals sim (solar/sunshine/weather-code),153,0,849,1002,12291,39,0.3173,DENV-3,High,DGHS/WHO/PMC anchored estimates (daily distribution),284.1,273.6,2.41,13.54,9.08,91.4,90.6,92.5
2021-09-21,2021,9,21,264,Monsoon,Dhaka,23.71,90.41,26.78,29.0,25.32,3.7,28.4,25.2,92.1,2.0,10.73,142.4,1005.6,16.2,6.7,61,Moderate rain,26.78,29.0,25.32,2.0,92.09,10.73,142.4,1005.6,NASA POWER MERRA-2 (primary) + ERA5-normals sim (solar/sunshine/weather-code),189,1,610,800,12480,40,0.3205,DENV-3,High,DGHS/WHO/PMC anchored estimates (daily distribution),273.0,267.7,9.87,7.91,3.01,93.0,90.8,88.5
2021-09-22,2021,9,22,265,Monsoon,Dhaka,23.71,90.41,26.56,28.98,24.91,4.1,28.1,24.7,90.8,4.79,9.32,152.1,1004.6,19.0,6.7,3,Overcast,26.56,28.98,24.91,4.79,90.77,9.32,152.1,1004.6,NASA POWER MERRA-2 (primary) + ERA5-normals sim (solar/sunshine/weather-code),222,0,585,807,12702,40,0.3149,DENV-3,Critical,DGHS/WHO/PMC anchored estimates (daily distribution),201.9,256.4,10.4,2.45,4.84,88.2,88.2,89.1
2021-09-23,2021,9,23,266,Monsoon,Dhaka,23.71,90.41,28.21,32.14,24.54,7.6,29.4,24.9,83.5,1.81,7.09,130.1,1005.9,12.2,6.2,3,Overcast,28.21,32.14,24.54,1.81,83.48,7.09,130.1,1005.9,NASA POWER MERRA-2 (primary) + ERA5-normals sim (solar/sunshine/weather-code),371,4,637,1012,13073,44,0.3366,DENV-3,Critical,DGHS/WHO/PMC anchored estimates (daily distribution),199.0,262.1,9.07,3.19,14.28,90.7,83.8,91.9
2021-09-24,2021,9,24,267,Monsoon,Dhaka,23.71,90.41,28.58,32.16,25.44,6.7,29.8,25.4,84.2,0.38,6.26,317.3,1005.8,6.6,1.7,80,Rain showers,28.58,32.16,25.44,0.38,84.19,6.26,317.3,1005.8,NASA POWER MERRA-2 (primary) + ERA5-normals sim (solar/sunshine/weather-code),223,0,935,1158,13296,44,0.3309,DENV-3,Critical,DGHS/WHO/PMC anchored estimates (daily distribution),200.1,255.4,8.88,4.57,1.74,88.8,89.7,80.9
2021-09-25,2021,9,25,268,Monsoon,Dhaka,23.71,90.41,28.46,31.56,25.95,5.6,29.7,25.5,85.2,15.72,6.77,171.7,1004.6,13.5,5.9,80,Rain showers,28.46,31.56,25.95,15.72,85.25,6.77,171.7,1004.6,NASA POWER MERRA-2 (primary) + ERA5-normals sim (solar/sunshine/weather-code),170,2,1003,1175,13466,46,0.3416,DENV-3,High,DGHS/WHO/PMC anchored estimates (daily distribution),200.7,249.6,16.1,11.46,3.35,91.9,87.8,82.7
2021-09-26,2021,9,26,269,Monsoon,Dhaka,23.71,90.41,28.77,31.89,25.48,6.4,30.0,25.7,84.8,13.24,6.01,130.0,1004.0,6.3,2.2,95,Thunderstorm,28.77,31.89,25.48,13.24,84.77,6.01,130.0,1004.0,NASA POWER MERRA-2 (primary) + ERA5-normals sim (solar/sunshine/weather-code),86,0,986,1072,13552,46,0.3394,DENV-3,High,DGHS/WHO/PMC anchored estimates (daily distribution),202.0,241.6,38.59,1.35,17.97,89.8,89.9,86.5
2021-09-27,2021,9,27,270,Monsoon,Dhaka,23.71,90.41,28.06,31.07,26.14,4.9,29.5,25.9,89.3,12.63,9.76,116.1,1004.3,10.9,7.6,3,Overcast,28.06,31.07,26.14,12.63,89.27,9.76,116.1,1004.3,NASA POWER MERRA-2 (primary) + ERA5-normals sim (solar/sunshine/weather-code),114,0,850,964,13666,46,0.3366,DENV-3,High,DGHS/WHO/PMC anchored estimates (daily distribution),196.4,240.3,10.31,2.41,13.54,93.3,91.4,90.6
2021-09-28,2021,9,28,271,Monsoon,Dhaka,23.71,90.41,26.81,28.58,25.36,3.2,28.4,25.3,92.7,13.87,11.77,142.4,1007.1,16.4,6.8,2,Partly cloudy,26.81,28.58,25.36,13.87,92.73,11.77,142.4,1007.1,NASA POWER MERRA-2 (primary) + ERA5-normals sim (solar/sunshine/weather-code),50,0,593,643,13716,46,0.3354,DENV-3,Moderate,DGHS/WHO/PMC anchored estimates (daily distribution),176.6,224.8,2.0,9.87,7.91,92.1,93.0,90.8
2021-09-29,2021,9,29,272,Monsoon,Dhaka,23.71,90.41,26.92,29.52,25.18,4.3,28.5,25.1,90.7,8.97,10.62,133.5,1008.0,4.5,2.8,80,Rain showers,26.92,29.52,25.18,8.97,90.69,10.62,133.5,1008.0,NASA POWER MERRA-2 (primary) + ERA5-normals sim (solar/sunshine/weather-code),303,0,420,723,14019,46,0.3281,DENV-3,Critical,DGHS/WHO/PMC anchored estimates (daily distribution),188.1,195.0,4.79,10.4,2.45,90.8,88.2,88.2
2021-09-30,2021,9,30,273,Monsoon,Dhaka,23.71,90.41,27.74,30.52,25.7,4.8,29.0,24.9,86.0,11.06,5.22,196.6,1008.7,5.8,1.4,80,Rain showers,27.74,30.52,25.7,11.06,86.02,5.22,196.6,1008.7,NASA POWER MERRA-2 (primary) + ERA5-normals sim (solar/sunshine/weather-code),168,0,553,721,14187,46,0.3242,DENV-3,High,DGHS/WHO/PMC anchored estimates (daily distribution),159.1,179.1,1.81,9.07,3.19,83.5,90.7,83.8
2021-10-01,2021,10,1,274,Post-Monsoon,Dhaka,23.71,90.41,28.52,33.15,23.99,9.2,29.1,22.8,71.4,0.69,3.35,108.5,1008.1,5.8,3.0,61,Moderate rain,28.52,33.15,23.99,0.69,71.35,3.35,108.5,1008.1,NASA POWER MERRA-2 (primary) + ERA5-normals sim (solar/sunshine/weather-code),61,0,635,696,14248,46,0.3229,DENV-3,Moderate,DGHS/WHO/PMC anchored estimates (daily distribution),136.0,168.1,0.38,8.88,4.57,84.2,88.8,89.7
2021-10-02,2021,10,2,275,Post-Monsoon,Dhaka,23.71,90.41,28.04,31.08,24.95,6.1,29.3,25.1,85.5,2.18,7.7,207.6,1007.4,20.6,8.1,51,Light drizzle,28.04,31.08,24.95,2.18,85.53,7.7,207.6,1007.4,NASA POWER MERRA-2 (primary) + ERA5-normals sim (solar/sunshine/weather-code),138,0,582,720,14386,46,0.3198,DENV-3,High,DGHS/WHO/PMC anchored estimates (daily distribution),131.4,166.1,15.72,16.1,11.46,85.2,91.9,87.8
2021-10-03,2021,10,3,276,Post-Monsoon,Dhaka,23.71,90.41,28.0,30.83,25.66,5.2,29.5,26.0,90.0,4.38,12.17,192.5,1006.2,20.1,4.7,2,Partly cloudy,28.0,30.83,25.66,4.38,90.04,12.17,192.5,1006.2,NASA POWER MERRA-2 (primary) + ERA5-normals sim (solar/sunshine/weather-code),85,0,670,755,14471,46,0.3179,DENV-3,High,DGHS/WHO/PMC anchored estimates (daily distribution),131.3,166.6,13.24,38.59,1.35,84.8,89.8,89.9
2021-10-04,2021,10,4,277,Post-Monsoon,Dhaka,23.71,90.41,27.35,29.15,26.11,3.0,29.0,26.0,93.4,8.93,13.07,184.4,1005.9,15.3,7.3,61,Moderate rain,27.35,29.15,26.11,8.93,93.42,13.07,184.4,1005.9,NASA POWER MERRA-2 (primary) + ERA5-normals sim (solar/sunshine/weather-code),80,0,452,532,14551,46,0.3161,DENV-3,High,DGHS/WHO/PMC anchored estimates (daily distribution),126.4,161.4,12.63,10.31,2.41,89.3,93.3,91.4
2021-10-05,2021,10,5,278,Post-Monsoon,Dhaka,23.71,90.41,27.91,30.12,25.76,4.4,29.1,24.6,83.6,13.94,4.57,198.7,1007.8,20.3,9.0,51,Light drizzle,27.91,30.12,25.76,13.94,83.55,4.57,198.7,1007.8,NASA POWER MERRA-2 (primary) + ERA5-normals sim (solar/sunshine/weather-code),64,0,364,428,14615,46,0.3147,DENV-3,Moderate,DGHS/WHO/PMC anchored estimates (daily distribution),128.4,152.5,13.87,2.0,9.87,92.7,92.1,93.0
2021-10-06,2021,10,6,279,Post-Monsoon,Dhaka,23.71,90.41,28.01,30.85,24.99,5.9,29.0,23.9,79.6,14.01,3.89,354.6,1006.5,14.5,8.9,61,Moderate rain,28.01,30.85,24.99,14.01,79.59,3.89,354.6,1006.5,NASA POWER MERRA-2 (primary) + ERA5-normals sim (solar/sunshine/weather-code),79,0,367,446,14694,46,0.3131,DENV-3,Moderate,DGHS/WHO/PMC anchored estimates (daily distribution),96.4,142.3,8.97,4.79,10.4,90.7,90.8,88.2
2021-10-07,2021,10,7,280,Post-Monsoon,Dhaka,23.71,90.41,28.6,32.36,25.37,7.0,29.6,24.6,80.0,4.66,4.21,211.8,1004.5,12.4,4.4,2,Partly cloudy,28.6,32.36,25.37,4.66,80.0,4.21,211.8,1004.5,NASA POWER MERRA-2 (primary) + ERA5-normals sim (solar/sunshine/weather-code),161,0,308,469,14855,46,0.3097,DENV-3,High,DGHS/WHO/PMC anchored estimates (daily distribution),95.4,127.3,11.06,1.81,9.07,86.0,83.5,90.7
2021-10-08,2021,10,8,281,Post-Monsoon,Dhaka,23.71,90.41,28.54,31.64,25.47,6.2,29.7,25.2,83.1,10.3,4.1,227.6,1003.6,12.2,5.7,2,Partly cloudy,28.54,31.64,25.47,10.3,83.11,4.1,227.6,1003.6,NASA POWER MERRA-2 (primary) + ERA5-normals sim (solar/sunshine/weather-code),287,1,383,671,15142,47,0.3104,DENV-3,Critical,DGHS/WHO/PMC anchored estimates (daily distribution),127.7,131.9,0.69,0.38,8.88,71.4,84.2,88.8
2021-10-09,2021,10,9,282,Post-Monsoon,Dhaka,23.71,90.41,28.71,31.96,25.65,6.3,29.8,25.2,82.3,2.53,4.18,243.0,1004.2,16.7,5.0,3,Overcast,28.71,31.96,25.65,2.53,82.27,4.18,243.0,1004.2,NASA POWER MERRA-2 (primary) + ERA5-normals sim (solar/sunshine/weather-code),156,0,591,747,15298,47,0.3072,DENV-3,High,DGHS/WHO/PMC anchored estimates (daily distribution),130.3,130.9,2.18,15.72,16.1,85.5,85.2,91.9
2021-10-10,2021,10,10,283,Post-Monsoon,Dhaka,23.71,90.41,28.8,31.98,26.28,5.7,30.0,25.5,83.6,2.09,5.58,358.5,1004.5,22.3,7.5,51,Light drizzle,28.8,31.98,26.28,2.09,83.65,5.58,358.5,1004.5,NASA POWER MERRA-2 (primary) + ERA5-normals sim (solar/sunshine/weather-code),143,0,683,826,15441,47,0.3044,DENV-3,High,DGHS/WHO/PMC anchored estimates (daily distribution),138.6,134.9,4.38,13.24,38.59,90.0,84.8,89.8
2021-10-11,2021,10,11,284,Post-Monsoon,Dhaka,23.71,90.41,28.27,32.09,24.93,7.2,29.6,25.7,87.1,0.06,10.3,343.3,1003.6,17.9,7.6,61,Moderate rain,28.27,32.09,24.93,0.06,87.06,10.3,343.3,1003.6,NASA POWER MERRA-2 (primary) + ERA5-normals sim (solar/sunshine/weather-code),136,1,746,883,15577,48,0.3081,DENV-3,High,DGHS/WHO/PMC anchored estimates (daily distribution),146.6,136.5,8.93,12.63,10.31,93.4,89.3,93.3
2021-10-12,2021,10,12,285,Post-Monsoon,Dhaka,23.71,90.41,27.79,29.97,25.76,4.2,29.4,26.1,91.5,4.62,10.26,332.3,1002.8,18.0,8.3,80,Rain showers,27.79,29.97,25.76,4.62,91.47,10.26,332.3,1002.8,NASA POWER MERRA-2 (primary) + ERA5-normals sim (solar/sunshine/weather-code),403,4,718,1125,15980,52,0.3254,DENV-3,Critical,DGHS/WHO/PMC anchored estimates (daily distribution),195.0,161.7,13.94,13.87,2.0,83.6,92.7,92.1
2021-10-13,2021,10,13,286,Post-Monsoon,Dhaka,23.71,90.41,28.28,30.39,26.11,4.3,29.7,25.9,88.3,9.82,4.75,318.3,1002.7,12.4,10.5,61,Moderate rain,28.28,30.39,26.11,9.82,88.29,4.75,318.3,1002.7,NASA POWER MERRA-2 (primary) + ERA5-normals sim (solar/sunshine/weather-code),472,0,838,1310,16452,52,0.3161,DENV-3,Critical,DGHS/WHO/PMC anchored estimates (daily distribution),251.1,173.8,14.01,8.97,4.79,79.6,90.7,90.8
2021-10-14,2021,10,14,287,Post-Monsoon,Dhaka,23.71,90.41,28.52,31.22,25.73,5.5,29.7,25.4,84.5,4.29,5.62,340.2,1003.3,16.0,6.1,3,Overcast,28.52,31.22,25.73,4.29,84.48,5.62,340.2,1003.3,NASA POWER MERRA-2 (primary) + ERA5-normals sim (solar/sunshine/weather-code),211,1,1153,1365,16663,53,0.3181,DENV-3,Critical,DGHS/WHO/PMC anchored estimates (daily distribution),258.3,176.9,4.66,11.06,1.81,80.0,86.0,83.5
2021-10-15,2021,10,15,288,Post-Monsoon,Dhaka,23.71,90.41,28.88,32.09,25.84,6.3,30.2,26.0,85.4,2.82,5.29,322.0,1001.9,17.1,7.5,61,Moderate rain,28.88,32.09,25.84,2.82,85.35,5.29,322.0,1001.9,NASA POWER MERRA-2 (primary) + ERA5-normals sim (solar/sunshine/weather-code),193,1,1221,1415,16856,54,0.3204,DENV-3,High,DGHS/WHO/PMC anchored estimates (daily distribution),244.9,186.3,10.3,0.69,0.38,83.1,71.4,84.2
2021-10-16,2021,10,16,289,Post-Monsoon,Dhaka,23.71,90.41,28.0,29.78,26.55,3.2,29.5,26.1,90.5,4.0,6.34,144.2,1004.0,15.1,9.1,2,Partly cloudy,28.0,29.78,26.55,4.0,90.48,6.34,144.2,1004.0,NASA POWER MERRA-2 (primary) + ERA5-normals sim (solar/sunshine/weather-code),196,3,1276,1475,17052,57,0.3343,DENV-3,High,DGHS/WHO/PMC anchored estimates (daily distribution),250.6,190.4,2.53,2.18,15.72,82.3,85.5,85.2
2021-10-17,2021,10,17,290,Post-Monsoon,Dhaka,23.71,90.41,27.71,30.06,26.09,4.0,29.2,25.6,89.2,13.64,10.3,121.6,1006.4,16.4,5.9,61,Moderate rain,27.71,30.06,26.09,13.64,89.15,10.3,121.6,1006.4,NASA POWER MERRA-2 (primary) + ERA5-normals sim (solar/sunshine/weather-code),124,0,1072,1196,17176,57,0.3319,DENV-3,High,DGHS/WHO/PMC anchored estimates (daily distribution),247.9,193.2,2.09,4.38,13.24,83.6,90.0,84.8
2021-10-18,2021,10,18,291,Post-Monsoon,Dhaka,23.71,90.41,26.29,28.07,24.99,3.1,28.0,25.1,94.1,40.63,18.65,135.8,1007.6,19.3,6.1,51,Light drizzle,26.29,28.07,24.99,40.63,94.06,18.65,135.8,1007.6,NASA POWER MERRA-2 (primary) + ERA5-normals sim (solar/sunshine/weather-code),114,1,723,838,17290,58,0.3355,DENV-3,High,DGHS/WHO/PMC anchored estimates (daily distribution),244.7,195.6,0.06,8.93,12.63,87.1,93.4,89.3
2021-10-19,2021,10,19,292,Post-Monsoon,Dhaka,23.71,90.41,26.61,28.26,25.65,2.6,28.3,25.3,93.4,29.74,15.59,162.0,1010.1,18.9,9.7,3,Overcast,26.61,28.26,25.65,29.74,93.42,15.59,162.0,1010.1,NASA POWER MERRA-2 (primary) + ERA5-normals sim (solar/sunshine/weather-code),89,0,627,716,17379,58,0.3337,DENV-3,High,DGHS/WHO/PMC anchored estimates (daily distribution),199.9,197.4,4.62,13.94,13.87,91.5,83.6,92.7
2021-10-20,2021,10,20,293,Post-Monsoon,Dhaka,23.71,90.41,27.09,29.87,25.16,4.7,28.7,25.4,91.4,21.07,12.82,203.6,1010.1,10.6,8.7,80,Rain showers,27.09,29.87,25.16,21.07,91.45,12.82,203.6,1010.1,NASA POWER MERRA-2 (primary) + ERA5-normals sim (solar/sunshine/weather-code),97,1,522,620,17476,59,0.3376,DENV-3,High,DGHS/WHO/PMC anchored estimates (daily distribution),146.3,198.7,9.82,14.01,8.97,88.3,79.6,90.7
2021-10-21,2021,10,21,294,Post-Monsoon,Dhaka,23.71,90.41,26.18,29.23,22.37,6.9,27.5,23.4,85.9,3.21,12.67,256.4,1009.2,19.2,7.9,61,Moderate rain,26.18,29.23,22.37,3.21,85.87,12.67,256.4,1009.2,NASA POWER MERRA-2 (primary) + ERA5-normals sim (solar/sunshine/weather-code),227,0,424,651,17703,59,0.3333,DENV-3,Critical,DGHS/WHO/PMC anchored estimates (daily distribution),148.6,203.4,4.29,4.66,11.06,84.5,80.0,86.0
2021-10-22,2021,10,22,295,Post-Monsoon,Dhaka,23.71,90.41,24.54,28.46,21.03,7.4,25.4,20.0,77.3,3.51,5.0,16.7,1010.9,10.2,2.2,61,Moderate rain,24.54,28.46,21.03,3.51,77.32,5.0,16.7,1010.9,NASA POWER MERRA-2 (primary) + ERA5-normals sim (solar/sunshine/weather-code),240,0,527,767,17943,59,0.3288,DENV-3,Critical,DGHS/WHO/PMC anchored estimates (daily distribution),155.3,200.1,2.82,10.3,0.69,85.4,83.1,71.4
2021-10-23,2021,10,23,296,Post-Monsoon,Dhaka,23.71,90.41,24.82,28.43,20.27,8.2,25.6,20.1,76.4,0.14,5.4,39.7,1012.0,14.6,8.1,61,Moderate rain,24.82,28.43,20.27,0.14,76.4,5.4,39.7,1012.0,NASA POWER MERRA-2 (primary) + ERA5-normals sim (solar/sunshine/weather-code),194,1,652,847,18137,60,0.3308,DENV-3,High,DGHS/WHO/PMC anchored estimates (daily distribution),155.0,202.8,4.0,2.53,2.18,90.5,82.3,85.5
2021-10-24,2021,10,24,297,Post-Monsoon,Dhaka,23.71,90.41,25.86,29.36,21.66,7.7,26.5,20.3,72.0,0.05,2.81,50.6,1012.3,12.2,2.8,61,Moderate rain,25.86,29.36,21.66,0.05,72.01,2.81,50.6,1012.3,NASA POWER MERRA-2 (primary) + ERA5-normals sim (solar/sunshine/weather-code),108,1,757,866,18245,61,0.3343,DENV-3,High,DGHS/WHO/PMC anchored estimates (daily distribution),152.7,200.3,13.64,2.09,4.38,89.2,83.6,90.0
2021-10-25,2021,10,25,298,Post-Monsoon,Dhaka,23.71,90.41,25.3,28.65,21.64,7.0,26.1,20.4,75.3,1.08,3.49,111.6,1011.0,12.1,6.0,3,Overcast,25.3,28.65,21.64,1.08,75.29,3.49,111.6,1011.0,NASA POWER MERRA-2 (primary) + ERA5-normals sim (solar/sunshine/weather-code),113,1,768,882,18358,62,0.3377,DENV-3,High,DGHS/WHO/PMC anchored estimates (daily distribution),152.6,198.6,40.63,0.06,8.93,94.1,87.1,93.4
2021-10-26,2021,10,26,299,Post-Monsoon,Dhaka,23.71,90.41,25.29,28.78,21.7,7.1,26.0,20.3,75.1,0.31,4.25,93.2,1010.7,10.3,2.5,80,Rain showers,25.29,28.78,21.7,0.31,75.13,4.25,93.2,1010.7,NASA POWER MERRA-2 (primary) + ERA5-normals sim (solar/sunshine/weather-code),504,1,654,1159,18862,63,0.334,DENV-3,Critical,DGHS/WHO/PMC anchored estimates (daily distribution),211.9,205.9,29.74,4.62,13.94,93.4,91.5,83.6
2021-10-27,2021,10,27,300,Post-Monsoon,Dhaka,23.71,90.41,24.64,27.64,21.0,6.6,25.8,21.5,84.2,1.66,6.44,64.7,1011.7,16.2,5.9,61,Moderate rain,24.64,27.64,21.0,1.66,84.2,6.44,64.7,1011.7,NASA POWER MERRA-2 (primary) + ERA5-normals sim (solar/sunshine/weather-code),559,3,916,1478,19421,66,0.3398,DENV-3,Critical,DGHS/WHO/PMC anchored estimates (daily distribution),277.9,212.1,21.07,9.82,14.01,91.4,88.3,79.6
2021-10-28,2021,10,28,301,Post-Monsoon,Dhaka,23.71,90.41,25.59,28.67,22.53,6.1,26.8,22.4,84.1,0.19,7.38,12.4,1011.8,21.8,7.1,3,Overcast,25.59,28.67,22.53,0.19,84.11,7.38,12.4,1011.8,NASA POWER MERRA-2 (primary) + ERA5-normals sim (solar/sunshine/weather-code),283,0,1284,1567,19704,66,0.335,DENV-3,Critical,DGHS/WHO/PMC anchored estimates (daily distribution),285.9,217.2,3.21,4.29,4.66,85.9,84.5,80.0
2021-10-29,2021,10,29,302,Post-Monsoon,Dhaka,23.71,90.41,25.62,29.69,22.34,7.4,26.9,22.7,85.4,0.0,10.51,354.4,1012.5,19.3,6.9,61,Moderate rain,25.62,29.69,22.34,0.0,85.43,10.51,354.4,1012.5,NASA POWER MERRA-2 (primary) + ERA5-normals sim (solar/sunshine/weather-code),148,2,1457,1607,19852,68,0.3425,DENV-3,High,DGHS/WHO/PMC anchored estimates (daily distribution),272.7,214.0,3.51,2.82,10.3,77.3,85.4,83.1
2021-10-30,2021,10,30,303,Post-Monsoon,Dhaka,23.71,90.41,24.98,28.81,21.72,7.1,26.3,22.2,85.9,0.0,10.94,333.4,1012.5,8.9,2.6,80,Rain showers,24.98,28.81,21.72,0.0,85.93,10.94,333.4,1012.5,NASA POWER MERRA-2 (primary) + ERA5-normals sim (solar/sunshine/weather-code),126,1,1493,1620,19978,69,0.3454,DENV-3,High,DGHS/WHO/PMC anchored estimates (daily distribution),263.0,209.0,0.14,4.0,2.53,76.4,90.5,82.3
2021-10-31,2021,10,31,304,Post-Monsoon,Dhaka,23.71,90.41,23.96,28.09,20.87,7.2,25.2,20.7,83.8,0.0,10.62,342.0,1012.3,16.8,6.7,3,Overcast,23.96,28.09,20.87,0.0,83.77,10.62,342.0,1012.3,NASA POWER MERRA-2 (primary) + ERA5-normals sim (solar/sunshine/weather-code),110,0,1116,1226,20088,69,0.3435,DENV-3,High,DGHS/WHO/PMC anchored estimates (daily distribution),263.3,208.0,0.05,13.64,2.09,72.0,89.2,83.6
2021-11-01,2021,11,1,305,Post-Monsoon,Dhaka,23.71,90.41,22.57,27.11,18.42,8.7,23.6,18.6,80.0,0.0,7.74,12.2,1013.3,18.6,8.8,3,Overcast,22.57,27.11,18.42,0.0,79.95,7.74,12.2,1013.3,NASA POWER MERRA-2 (primary) + ERA5-normals sim (solar/sunshine/weather-code),15,0,667,682,20103,69,0.3432,DENV-3,Watch,DGHS/WHO/PMC anchored estimates (daily distribution),249.3,200.9,1.08,40.63,0.06,75.3,94.1,87.1
2021-11-02,2021,11,2,306,Post-Monsoon,Dhaka,23.71,90.41,22.33,26.06,17.45,8.6,23.1,17.6,76.2,0.0,7.7,5.5,1013.7,21.7,6.1,51,Light drizzle,22.33,26.06,17.45,0.0,76.25,7.7,5.5,1013.7,NASA POWER MERRA-2 (primary) + ERA5-normals sim (solar/sunshine/weather-code),49,0,399,448,20152,69,0.3424,DENV-3,Moderate,DGHS/WHO/PMC anchored estimates (daily distribution),184.3,198.1,0.31,29.74,4.62,75.1,93.4,91.5
2021-11-03,2021,11,3,307,Post-Monsoon,Dhaka,23.71,90.41,23.01,27.09,18.48,8.6,24.0,19.0,80.0,0.0,6.88,347.7,1012.7,15.4,6.5,51,Light drizzle,23.01,27.09,18.48,0.0,80.04,6.88,347.7,1012.7,NASA POWER MERRA-2 (primary) + ERA5-normals sim (solar/sunshine/weather-code),49,0,300,349,20201,69,0.3416,DENV-3,Moderate,DGHS/WHO/PMC anchored estimates (daily distribution),111.4,194.6,1.66,21.07,9.82,84.2,91.4,88.3
2021-11-04,2021,11,4,308,Post-Monsoon,Dhaka,23.71,90.41,23.28,27.96,18.27,9.7,24.2,19.2,79.4,0.0,5.72,12.3,1012.4,19.0,8.7,3,Overcast,23.28,27.96,18.27,0.0,79.42,5.72,12.3,1012.4,NASA POWER MERRA-2 (primary) + ERA5-normals sim (solar/sunshine/weather-code),42,0,223,265,20243,69,0.3409,DENV-3,Moderate,DGHS/WHO/PMC anchored estimates (daily distribution),77.0,181.4,0.19,3.21,4.29,84.1,85.9,84.5
2021-11-05,2021,11,5,309,Post-Monsoon,Dhaka,23.71,90.41,22.01,26.62,18.09,8.5,23.1,18.4,81.8,0.0,8.89,352.6,1011.3,19.5,7.1,3,Overcast,22.01,26.62,18.09,0.0,81.82,8.89,352.6,1011.3,NASA POWER MERRA-2 (primary) + ERA5-normals sim (solar/sunshine/weather-code),35,0,155,190,20278,69,0.3403,DENV-3,Moderate,DGHS/WHO/PMC anchored estimates (daily distribution),60.9,166.8,0.0,3.51,2.82,85.4,77.3,85.4
2021-11-06,2021,11,6,310,Post-Monsoon,Dhaka,23.71,90.41,21.54,26.66,16.17,10.5,22.5,17.5,79.9,0.0,8.86,347.6,1009.7,16.1,6.3,3,Overcast,21.54,26.66,16.17,0.0,79.92,8.86,347.6,1009.7,NASA POWER MERRA-2 (primary) + ERA5-normals sim (solar/sunshine/weather-code),77,0,175,252,20355,69,0.339,DENV-3,Moderate,DGHS/WHO/PMC anchored estimates (daily distribution),53.9,158.4,0.0,0.14,4.0,85.9,76.4,90.5
2021-11-07,2021,11,7,311,Post-Monsoon,Dhaka,23.71,90.41,21.16,26.18,16.5,9.7,22.3,17.8,83.1,0.0,10.84,359.4,1010.1,14.0,8.1,51,Light drizzle,21.16,26.18,16.5,0.0,83.06,10.84,359.4,1010.1,NASA POWER MERRA-2 (primary) + ERA5-normals sim (solar/sunshine/weather-code),39,0,203,242,20394,69,0.3383,DENV-3,Moderate,DGHS/WHO/PMC anchored estimates (daily distribution),43.7,153.5,0.0,0.05,13.64,83.8,72.0,89.2
2021-11-08,2021,11,8,312,Post-Monsoon,Dhaka,23.71,90.41,20.93,26.31,15.96,10.3,22.1,17.6,83.4,0.0,9.22,341.1,1010.7,18.6,10.2,2,Partly cloudy,20.93,26.31,15.96,0.0,83.45,9.22,341.1,1010.7,NASA POWER MERRA-2 (primary) + ERA5-normals sim (solar/sunshine/weather-code),198,2,191,391,20592,71,0.3448,DENV-3,High,DGHS/WHO/PMC anchored estimates (daily distribution),69.9,159.6,0.0,1.08,40.63,80.0,75.3,94.1
2021-11-09,2021,11,9,313,Post-Monsoon,Dhaka,23.71,90.41,21.17,27.07,15.96,11.1,22.3,17.8,83.1,0.0,6.91,328.3,1011.4,18.9,7.5,3,Overcast,21.17,27.07,15.96,0.0,83.13,6.91,328.3,1011.4,NASA POWER MERRA-2 (primary) + ERA5-normals sim (solar/sunshine/weather-code),118,0,349,467,20710,71,0.3428,DENV-3,High,DGHS/WHO/PMC anchored estimates (daily distribution),79.7,132.0,0.0,0.31,29.74,76.2,75.1,93.4
2021-11-10,2021,11,10,314,Post-Monsoon,Dhaka,23.71,90.41,21.68,26.72,17.01,9.7,22.7,17.9,81.3,0.0,5.76,310.6,1011.4,24.6,10.6,2,Partly cloudy,21.68,26.72,17.01,0.0,81.34,5.76,310.6,1011.4,NASA POWER MERRA-2 (primary) + ERA5-normals sim (solar/sunshine/weather-code),84,0,432,516,20794,71,0.3414,DENV-3,High,DGHS/WHO/PMC anchored estimates (daily distribution),84.7,98.1,0.0,1.66,21.07,80.0,84.2,91.4
2021-11-11,2021,11,11,315,Post-Monsoon,Dhaka,23.71,90.41,22.46,26.5,17.57,8.9,23.4,18.4,79.6,0.0,5.08,322.3,1011.1,18.8,6.2,2,Partly cloudy,22.46,26.5,17.57,0.0,79.65,5.08,322.3,1011.1,NASA POWER MERRA-2 (primary) + ERA5-normals sim (solar/sunshine/weather-code),84,0,439,523,20878,71,0.3401,DENV-3,High,DGHS/WHO/PMC anchored estimates (daily distribution),90.7,83.9,0.0,0.19,3.21,79.4,84.1,85.9
2021-11-12,2021,11,12,316,Post-Monsoon,Dhaka,23.71,90.41,23.39,27.44,19.42,8.0,24.5,19.7,81.7,0.0,6.41,4.7,1011.6,16.2,8.9,2,Partly cloudy,23.39,27.44,19.42,0.0,81.74,6.41,4.7,1011.6,NASA POWER MERRA-2 (primary) + ERA5-normals sim (solar/sunshine/weather-code),144,2,482,628,21022,73,0.3473,DENV-3,High,DGHS/WHO/PMC anchored estimates (daily distribution),106.3,83.6,0.0,0.0,3.51,81.8,85.4,77.3
2021-11-13,2021,11,13,317,Post-Monsoon,Dhaka,23.71,90.41,23.1,25.8,21.0,4.8,24.5,20.9,88.9,1.26,6.77,30.9,1011.9,15.9,7.1,2,Partly cloudy,23.1,25.8,21.0,1.26,88.94,6.77,30.9,1011.9,NASA POWER MERRA-2 (primary) + ERA5-normals sim (solar/sunshine/weather-code),76,0,430,506,21098,73,0.346,DENV-3,Moderate,DGHS/WHO/PMC anchored estimates (daily distribution),106.1,80.0,0.0,0.0,0.14,79.9,85.9,76.4
2021-11-14,2021,11,14,318,Post-Monsoon,Dhaka,23.71,90.41,23.66,26.96,20.47,6.5,25.1,21.4,88.7,7.6,5.98,11.6,1010.9,25.1,4.9,2,Partly cloudy,23.66,26.96,20.47,7.6,88.74,5.98,11.6,1010.9,NASA POWER MERRA-2 (primary) + ERA5-normals sim (solar/sunshine/weather-code),73,1,387,461,21171,74,0.3495,DENV-3,Moderate,DGHS/WHO/PMC anchored estimates (daily distribution),111.0,77.4,0.0,0.0,0.05,83.1,83.8,72.0
2021-11-15,2021,11,15,319,Post-Monsoon,Dhaka,23.71,90.41,23.13,25.46,21.19,4.3,24.6,21.1,90.0,10.06,5.62,318.4,1009.6,24.5,8.3,2,Partly cloudy,23.13,25.46,21.19,10.06,89.96,5.62,318.4,1009.6,NASA POWER MERRA-2 (primary) + ERA5-normals sim (solar/sunshine/weather-code),88,0,377,465,21259,74,0.3481,DENV-3,High,DGHS/WHO/PMC anchored estimates (daily distribution),95.3,82.6,0.0,0.0,1.08,83.4,80.0,75.3
2021-11-16,2021,11,16,320,Post-Monsoon,Dhaka,23.71,90.41,22.64,26.26,19.96,6.3,24.1,20.6,89.6,4.88,8.57,355.1,1010.5,13.9,8.8,3,Overcast,22.64,26.26,19.96,4.88,89.58,8.57,355.1,1010.5,NASA POWER MERRA-2 (primary) + ERA5-normals sim (solar/sunshine/weather-code),112,1,380,493,21371,75,0.3509,DENV-3,High,DGHS/WHO/PMC anchored estimates (daily distribution),94.4,87.1,0.0,0.0,0.31,83.1,76.2,75.1
2021-11-17,2021,11,17,321,Post-Monsoon,Dhaka,23.71,90.41,21.62,27.52,17.56,10.0,22.9,18.6,85.0,1.14,11.56,0.0,1012.6,19.2,8.4,2,Partly cloudy,21.62,27.52,17.56,1.14,84.96,11.56,0.0,1012.6,NASA POWER MERRA-2 (primary) + ERA5-normals sim (solar/sunshine/weather-code),71,0,349,420,21442,75,0.3498,DENV-3,Moderate,DGHS/WHO/PMC anchored estimates (daily distribution),92.6,88.6,0.0,0.0,1.66,81.3,80.0,84.2
2021-11-18,2021,11,18,322,Post-Monsoon,Dhaka,23.71,90.41,21.18,27.27,15.76,11.5,22.1,16.7,77.6,0.0,6.55,342.3,1010.9,18.5,8.3,3,Overcast,21.18,27.27,15.76,0.0,77.65,6.55,342.3,1010.9,NASA POWER MERRA-2 (primary) + ERA5-normals sim (solar/sunshine/weather-code),100,0,344,444,21542,75,0.3482,DENV-3,High,DGHS/WHO/PMC anchored estimates (daily distribution),94.9,92.8,0.0,0.0,0.19,79.6,79.4,84.1
2021-11-19,2021,11,19,323,Post-Monsoon,Dhaka,23.71,90.41,21.67,26.38,16.79,9.6,22.6,17.4,78.8,0.0,5.62,351.0,1009.5,20.1,7.1,3,Overcast,21.67,26.38,16.79,0.0,78.76,5.62,351.0,1009.5,NASA POWER MERRA-2 (primary) + ERA5-normals sim (solar/sunshine/weather-code),57,0,371,428,21599,75,0.3472,DENV-3,Moderate,DGHS/WHO/PMC anchored estimates (daily distribution),82.4,94.4,0.0,0.0,0.0,81.7,81.8,85.4
2021-11-20,2021,11,20,324,Post-Monsoon,Dhaka,23.71,90.41,21.91,26.32,17.23,9.1,23.0,18.4,82.2,0.0,6.26,26.2,1009.7,20.8,7.1,3,Overcast,21.91,26.32,17.23,0.0,82.18,6.26,26.2,1009.7,NASA POWER MERRA-2 (primary) + ERA5-normals sim (solar/sunshine/weather-code),27,0,340,367,21626,75,0.3468,DENV-3,Moderate,DGHS/WHO/PMC anchored estimates (daily distribution),75.4,90.8,1.26,0.0,0.0,88.9,79.9,85.9
2021-11-21,2021,11,21,325,Post-Monsoon,Dhaka,23.71,90.41,23.06,26.86,18.64,8.2,24.1,19.3,81.2,0.0,4.28,353.2,1010.7,17.6,6.8,3,Overcast,23.06,26.86,18.64,0.0,81.24,4.28,353.2,1010.7,NASA POWER MERRA-2 (primary) + ERA5-normals sim (solar/sunshine/weather-code),38,0,255,293,21664,75,0.3462,DENV-3,Moderate,DGHS/WHO/PMC anchored estimates (daily distribution),70.4,90.7,7.6,0.0,0.0,88.7,83.1,83.8
2021-11-22,2021,11,22,326,Post-Monsoon,Dhaka,23.71,90.41,23.79,28.12,19.49,8.6,24.6,19.2,77.0,0.0,3.24,96.5,1010.5,17.7,6.1,3,Overcast,23.79,28.12,19.49,0.0,76.98,3.24,96.5,1010.5,NASA POWER MERRA-2 (primary) + ERA5-normals sim (solar/sunshine/weather-code),87,0,222,309,21751,75,0.3448,DENV-3,High,DGHS/WHO/PMC anchored estimates (daily distribution),70.3,82.8,10.06,0.0,0.0,90.0,83.4,80.0
2021-11-23,2021,11,23,327,Post-Monsoon,Dhaka,23.71,90.41,23.18,27.46,19.35,8.1,24.3,19.7,82.4,0.0,5.33,39.3,1010.9,22.1,9.9,3,Overcast,23.18,27.46,19.35,0.0,82.38,5.33,39.3,1010.9,NASA POWER MERRA-2 (primary) + ERA5-normals sim (solar/sunshine/weather-code),71,1,208,280,21822,76,0.3483,DENV-3,Moderate,DGHS/WHO/PMC anchored estimates (daily distribution),64.4,79.4,4.88,0.0,0.0,89.6,83.1,76.2
2021-11-24,2021,11,24,328,Post-Monsoon,Dhaka,23.71,90.41,21.77,26.27,18.69,7.6,23.1,19.0,86.1,0.0,9.9,18.9,1012.4,15.2,6.5,2,Partly cloudy,21.77,26.27,18.69,0.0,86.08,9.9,18.9,1012.4,NASA POWER MERRA-2 (primary) + ERA5-normals sim (solar/sunshine/weather-code),67,0,223,290,21889,76,0.3472,DENV-3,Moderate,DGHS/WHO/PMC anchored estimates (daily distribution),63.9,78.2,1.14,0.0,0.0,85.0,81.3,80.0
2021-11-25,2021,11,25,329,Post-Monsoon,Dhaka,23.71,90.41,20.4,26.45,15.61,10.8,21.1,15.4,74.8,0.0,8.39,358.2,1012.6,21.9,10.4,51,Light drizzle,20.4,26.45,15.61,0.0,74.75,8.39,358.2,1012.6,NASA POWER MERRA-2 (primary) + ERA5-normals sim (solar/sunshine/weather-code),81,1,262,344,21970,77,0.3505,DENV-3,High,DGHS/WHO/PMC anchored estimates (daily distribution),61.1,78.0,0.0,0.0,0.0,77.6,79.6,79.4
2021-11-26,2021,11,26,330,Post-Monsoon,Dhaka,23.71,90.41,19.2,24.86,14.35,10.5,20.0,14.2,75.1,0.0,9.76,20.9,1013.5,16.2,9.5,3,Overcast,19.2,24.86,14.35,0.0,75.12,9.76,20.9,1013.5,NASA POWER MERRA-2 (primary) + ERA5-normals sim (solar/sunshine/weather-code),84,1,305,390,22054,78,0.3537,DENV-3,High,DGHS/WHO/PMC anchored estimates (daily distribution),65.0,73.7,0.0,0.0,0.0,78.8,81.7,81.8
2021-11-27,2021,11,27,331,Post-Monsoon,Dhaka,23.71,90.41,19.13,25.43,13.33,12.1,19.9,14.2,75.3,0.0,8.75,5.6,1013.9,18.7,6.5,3,Overcast,19.13,25.43,13.33,0.0,75.3,8.75,5.6,1013.9,NASA POWER MERRA-2 (primary) + ERA5-normals sim (solar/sunshine/weather-code),123,2,301,426,22177,80,0.3607,DENV-3,High,DGHS/WHO/PMC anchored estimates (daily distribution),78.7,77.1,0.0,1.26,0.0,82.2,88.9,79.9
2021-11-28,2021,11,28,332,Post-Monsoon,Dhaka,23.71,90.41,19.02,25.11,13.49,11.6,19.7,13.9,74.5,0.0,8.57,1.0,1014.4,10.1,6.4,3,Overcast,19.02,25.11,13.49,0.0,74.51,8.57,1.0,1014.4,NASA POWER MERRA-2 (primary) + ERA5-normals sim (solar/sunshine/weather-code),59,0,355,414,22236,80,0.3598,DENV-3,Moderate,DGHS/WHO/PMC anchored estimates (daily distribution),81.7,76.1,0.0,7.6,0.0,81.2,88.7,83.1
2021-11-29,2021,11,29,333,Post-Monsoon,Dhaka,23.71,90.41,18.33,24.51,12.77,11.7,19.4,14.4,80.5,0.0,9.18,357.0,1014.2,19.9,9.3,2,Partly cloudy,18.33,24.51,12.77,0.0,80.52,9.18,357.0,1014.2,NASA POWER MERRA-2 (primary) + ERA5-normals sim (solar/sunshine/weather-code),75,0,347,422,22311,80,0.3586,DENV-3,Moderate,DGHS/WHO/PMC anchored estimates (daily distribution),80.0,75.1,0.0,10.06,0.0,77.0,90.0,83.4
2021-11-30,2021,11,30,334,Post-Monsoon,Dhaka,23.71,90.41,19.73,25.82,13.35,12.5,20.7,15.7,79.8,0.0,7.67,351.8,1013.8,16.3,9.0,51,Light drizzle,19.73,25.82,13.35,0.0,79.75,7.67,351.8,1013.8,NASA POWER MERRA-2 (primary) + ERA5-normals sim (solar/sunshine/weather-code),136,1,340,477,22447,81,0.3609,DENV-3,High,DGHS/WHO/PMC anchored estimates (daily distribution),89.3,76.9,0.0,4.88,0.0,82.4,89.6,83.1
2021-12-01,2021,12,1,335,Dry Winter,Dhaka,23.71,90.41,21.17,26.93,15.54,11.4,22.2,17.2,80.0,0.0,6.62,27.3,1013.5,15.4,8.0,0,Clear sky,21.17,26.93,15.54,0.0,80.05,6.62,27.3,1013.5,NASA POWER MERRA-2 (primary) + ERA5-normals sim (solar/sunshine/weather-code),25,0,393,418,22472,81,0.3604,DENV-3,Moderate,DGHS/WHO/PMC anchored estimates (daily distribution),83.3,73.6,0.0,1.14,0.0,86.1,85.0,81.3
2021-12-02,2021,12,2,336,Dry Winter,Dhaka,23.71,90.41,21.74,27.87,15.57,12.3,22.5,16.9,75.6,0.0,5.72,24.5,1013.3,21.4,7.3,1,Mainly clear,21.74,27.87,15.57,0.0,75.61,5.72,24.5,1013.3,NASA POWER MERRA-2 (primary) + ERA5-normals sim (solar/sunshine/weather-code),38,0,295,333,22510,81,0.3598,DENV-3,Moderate,DGHS/WHO/PMC anchored estimates (daily distribution),77.1,69.1,0.0,0.0,0.0,74.8,77.6,79.6
2021-12-03,2021,12,3,337,Dry Winter,Dhaka,23.71,90.41,22.1,27.41,16.15,11.3,23.1,18.1,80.0,0.09,5.8,56.8,1014.6,15.7,7.2,0,Clear sky,22.1,27.41,16.15,0.09,79.97,5.8,56.8,1014.6,NASA POWER MERRA-2 (primary) + ERA5-normals sim (solar/sunshine/weather-code),22,0,274,296,22532,81,0.3595,DENV-3,Moderate,DGHS/WHO/PMC anchored estimates (daily distribution),68.3,66.6,0.0,0.0,0.0,75.1,78.8,81.7
2021-12-04,2021,12,4,338,Dry Winter,Dhaka,23.71,90.41,22.3,25.92,18.49,7.4,23.6,19.6,86.7,1.87,5.83,65.8,1014.1,15.6,9.3,1,Mainly clear,22.3,25.92,18.49,1.87,86.66,5.83,65.8,1014.1,NASA POWER MERRA-2 (primary) + ERA5-normals sim (solar/sunshine/weather-code),32,0,221,253,22564,81,0.359,DENV-3,Moderate,DGHS/WHO/PMC anchored estimates (daily distribution),55.3,67.0,0.0,0.0,1.26,75.3,82.2,88.9
2021-12-05,2021,12,5,339,Dry Winter,Dhaka,23.71,90.41,21.83,23.63,20.61,3.0,23.5,20.7,94.4,21.75,9.11,59.0,1014.3,16.3,8.9,0,Clear sky,21.83,23.63,20.61,21.75,94.36,9.11,59.0,1014.3,NASA POWER MERRA-2 (primary) + ERA5-normals sim (solar/sunshine/weather-code),30,0,117,147,22594,81,0.3585,DENV-3,Moderate,DGHS/WHO/PMC anchored estimates (daily distribution),51.1,66.4,0.0,0.0,7.6,74.5,81.2,88.7
2021-12-06,2021,12,6,340,Dry Winter,Dhaka,23.71,90.41,22.42,24.15,20.81,3.3,24.2,21.4,94.7,67.85,17.42,127.6,1011.2,15.8,8.1,51,Light drizzle,22.42,24.15,20.81,67.85,94.69,17.42,127.6,1011.2,NASA POWER MERRA-2 (primary) + ERA5-normals sim (solar/sunshine/weather-code),16,1,121,138,22610,82,0.3627,DENV-3,Watch,DGHS/WHO/PMC anchored estimates (daily distribution),42.7,61.4,0.0,0.0,10.06,80.5,77.0,90.0
2021-12-07,2021,12,7,341,Dry Winter,Dhaka,23.71,90.41,22.51,26.03,19.44,6.6,24.0,20.3,89.1,32.06,10.04,297.4,1012.3,16.2,8.9,51,Light drizzle,22.51,26.03,19.44,32.06,89.13,10.04,297.4,1012.3,NASA POWER MERRA-2 (primary) + ERA5-normals sim (solar/sunshine/weather-code),20,0,100,120,22630,82,0.3624,DENV-3,Moderate,DGHS/WHO/PMC anchored estimates (daily distribution),26.1,57.7,0.0,0.0,4.88,79.8,82.4,89.6
2021-12-08,2021,12,8,342,Dry Winter,Dhaka,23.71,90.41,21.46,25.76,17.74,8.0,22.9,19.1,88.4,2.21,9.58,359.5,1014.9,17.9,9.3,0,Clear sky,21.46,25.76,17.74,2.21,88.35,9.58,359.5,1014.9,NASA POWER MERRA-2 (primary) + ERA5-normals sim (solar/sunshine/weather-code),20,0,98,118,22650,82,0.362,DENV-3,Moderate,DGHS/WHO/PMC anchored estimates (daily distribution),25.4,54.4,0.0,0.0,1.14,80.0,86.1,85.0
2021-12-09,2021,12,9,343,Dry Winter,Dhaka,23.71,90.41,21.72,26.0,17.89,8.1,23.0,18.7,84.8,1.42,8.71,356.1,1016.3,19.3,8.1,0,Clear sky,21.72,26.0,17.89,1.42,84.85,8.71,356.1,1016.3,NASA POWER MERRA-2 (primary) + ERA5-normals sim (solar/sunshine/weather-code),29,0,86,115,22679,82,0.3616,DENV-3,Moderate,DGHS/WHO/PMC anchored estimates (daily distribution),24.1,50.6,0.0,0.0,0.0,75.6,74.8,77.6
2021-12-10,2021,12,10,344,Dry Winter,Dhaka,23.71,90.41,20.05,22.87,17.8,5.1,21.3,17.0,84.5,2.55,9.97,336.9,1016.2,16.2,8.6,0,Clear sky,20.05,22.87,17.8,2.55,84.49,9.97,336.9,1016.2,NASA POWER MERRA-2 (primary) + ERA5-normals sim (solar/sunshine/weather-code),24,1,84,109,22703,83,0.3656,DENV-3,Moderate,DGHS/WHO/PMC anchored estimates (daily distribution),24.4,46.4,0.09,0.0,0.0,80.0,75.1,78.8
2021-12-11,2021,12,11,345,Dry Winter,Dhaka,23.71,90.41,19.23,24.47,15.39,9.1,20.4,15.8,82.8,1.18,9.22,3.3,1016.4,18.1,9.3,0,Clear sky,19.23,24.47,15.39,1.18,82.82,9.22,3.3,1016.4,NASA POWER MERRA-2 (primary) + ERA5-normals sim (solar/sunshine/weather-code),72,1,92,165,22775,84,0.3688,DENV-3,Moderate,DGHS/WHO/PMC anchored estimates (daily distribution),30.1,42.7,1.87,0.0,0.0,86.7,75.3,82.2
2021-12-12,2021,12,12,346,Dry Winter,Dhaka,23.71,90.41,17.15,22.7,13.3,9.4,18.0,12.7,78.0,0.0,13.28,354.6,1017.2,27.5,7.3,0,Clear sky,17.15,22.7,13.3,0.0,78.0,13.28,354.6,1017.2,NASA POWER MERRA-2 (primary) + ERA5-normals sim (solar/sunshine/weather-code),58,0,145,203,22833,84,0.3679,DENV-3,Moderate,DGHS/WHO/PMC anchored estimates (daily distribution),34.1,42.6,21.75,0.0,0.0,94.4,74.5,81.2
2021-12-13,2021,12,13,347,Dry Winter,Dhaka,23.71,90.41,16.64,22.5,11.0,11.5,17.7,13.0,81.6,0.0,8.96,324.5,1015.9,18.4,9.2,0,Clear sky,16.64,22.5,11.0,0.0,81.62,8.96,324.5,1015.9,NASA POWER MERRA-2 (primary) + ERA5-normals sim (solar/sunshine/weather-code),44,0,183,227,22877,84,0.3672,DENV-3,Moderate,DGHS/WHO/PMC anchored estimates (daily distribution),38.1,40.4,67.85,0.0,0.0,94.7,80.5,77.0
2021-12-14,2021,12,14,348,Dry Winter,Dhaka,23.71,90.41,17.17,23.05,11.95,11.1,18.4,14.2,85.3,0.0,8.82,338.2,1014.7,14.2,7.5,1,Mainly clear,17.17,23.05,11.95,0.0,85.34,8.82,338.2,1014.7,NASA POWER MERRA-2 (primary) + ERA5-normals sim (solar/sunshine/weather-code),31,0,198,229,22908,84,0.3667,DENV-3,Moderate,DGHS/WHO/PMC anchored estimates (daily distribution),39.7,32.9,32.06,0.0,0.0,89.1,79.8,82.4
2021-12-15,2021,12,15,349,Dry Winter,Dhaka,23.71,90.41,17.2,22.48,12.44,10.0,18.4,14.0,84.1,0.0,8.75,341.3,1014.6,18.4,6.7,0,Clear sky,17.2,22.48,12.44,0.0,84.1,8.75,341.3,1014.6,NASA POWER MERRA-2 (primary) + ERA5-normals sim (solar/sunshine/weather-code),15,0,205,220,22923,84,0.3664,DENV-3,Watch,DGHS/WHO/PMC anchored estimates (daily distribution),39.0,32.2,2.21,0.0,0.0,88.4,80.0,86.1
2021-12-16,2021,12,16,350,Dry Winter,Dhaka,23.71,90.41,16.69,22.3,11.78,10.5,17.9,13.6,84.3,0.0,9.94,355.3,1015.1,15.0,9.7,1,Mainly clear,16.69,22.3,11.78,0.0,84.34,9.94,355.3,1015.1,NASA POWER MERRA-2 (primary) + ERA5-normals sim (solar/sunshine/weather-code),18,0,148,166,22941,84,0.3662,DENV-3,Watch,DGHS/WHO/PMC anchored estimates (daily distribution),37.4,30.8,1.42,0.0,0.0,84.8,75.6,74.8
2021-12-17,2021,12,17,351,Dry Winter,Dhaka,23.71,90.41,16.93,22.99,11.24,11.7,18.1,13.5,82.9,0.0,9.97,346.2,1015.0,21.2,8.6,61,Moderate rain,16.93,22.99,11.24,0.0,82.93,9.97,346.2,1015.0,NASA POWER MERRA-2 (primary) + ERA5-normals sim (solar/sunshine/weather-code),19,0,108,127,22960,84,0.3659,DENV-3,Watch,DGHS/WHO/PMC anchored estimates (daily distribution),36.7,30.6,2.55,0.09,0.0,84.5,80.0,75.1
2021-12-18,2021,12,18,352,Dry Winter,Dhaka,23.71,90.41,17.13,23.83,11.27,12.6,18.1,13.0,79.6,0.0,9.43,332.4,1014.5,15.8,6.2,0,Clear sky,17.13,23.83,11.27,0.0,79.59,9.43,332.4,1014.5,NASA POWER MERRA-2 (primary) + ERA5-normals sim (solar/sunshine/weather-code),67,0,83,150,23027,84,0.3648,DENV-3,Moderate,DGHS/WHO/PMC anchored estimates (daily distribution),36.0,33.1,1.18,1.87,0.0,82.8,86.7,75.3
2021-12-19,2021,12,19,353,Dry Winter,Dhaka,23.71,90.41,16.36,22.04,12.36,9.7,17.6,13.4,85.3,0.0,11.48,330.4,1015.4,14.4,7.8,0,Clear sky,16.36,22.04,12.36,0.0,85.34,11.48,330.4,1015.4,NASA POWER MERRA-2 (primary) + ERA5-normals sim (solar/sunshine/weather-code),37,0,119,156,23064,84,0.3642,DENV-3,Moderate,DGHS/WHO/PMC anchored estimates (daily distribution),33.0,33.6,0.0,21.75,0.0,78.0,94.4,74.5
2021-12-20,2021,12,20,354,Dry Winter,Dhaka,23.71,90.41,14.5,21.14,8.93,12.2,15.6,10.8,81.4,0.0,10.51,319.8,1015.7,19.8,5.3,0,Clear sky,14.5,21.14,8.93,0.0,81.42,10.51,319.8,1015.7,NASA POWER MERRA-2 (primary) + ERA5-normals sim (solar/sunshine/weather-code),42,0,141,183,23106,84,0.3635,DENV-3,Moderate,DGHS/WHO/PMC anchored estimates (daily distribution),32.7,35.4,0.0,67.85,0.0,81.6,94.7,80.5
2021-12-21,2021,12,21,355,Dry Winter,Dhaka,23.71,90.41,16.29,22.17,10.02,12.2,17.4,12.8,82.7,0.0,6.44,288.0,1014.3,16.3,7.2,1,Mainly clear,16.29,22.17,10.02,0.0,82.69,6.44,288.0,1014.3,NASA POWER MERRA-2 (primary) + ERA5-normals sim (solar/sunshine/weather-code),23,0,165,188,23129,84,0.3632,DENV-3,Moderate,DGHS/WHO/PMC anchored estimates (daily distribution),31.6,35.6,0.0,32.06,0.0,85.3,89.1,79.8
2021-12-22,2021,12,22,356,Dry Winter,Dhaka,23.71,90.41,17.27,21.55,14.2,7.4,18.4,13.8,82.7,0.03,7.24,168.4,1012.9,14.8,8.9,61,Moderate rain,17.27,21.55,14.2,0.03,82.73,7.24,168.4,1012.9,NASA POWER MERRA-2 (primary) + ERA5-normals sim (solar/sunshine/weather-code),30,0,169,199,23159,84,0.3627,DENV-3,Moderate,DGHS/WHO/PMC anchored estimates (daily distribution),33.7,36.4,0.0,2.21,0.0,84.1,88.4,80.0
2021-12-23,2021,12,23,357,Dry Winter,Dhaka,23.71,90.41,17.92,23.13,12.66,10.5,18.8,13.4,77.4,0.0,5.69,129.2,1013.1,17.2,7.5,0,Clear sky,17.92,23.13,12.66,0.0,77.38,5.69,129.2,1013.1,NASA POWER MERRA-2 (primary) + ERA5-normals sim (solar/sunshine/weather-code),12,0,132,144,23171,84,0.3625,DENV-3,Watch,DGHS/WHO/PMC anchored estimates (daily distribution),32.9,35.1,0.0,1.42,0.0,84.3,84.8,75.6
2021-12-24,2021,12,24,358,Dry Winter,Dhaka,23.71,90.41,17.89,23.16,12.82,10.3,18.9,14.1,81.1,0.01,6.16,355.7,1013.7,16.9,7.9,1,Mainly clear,17.89,23.16,12.82,0.01,81.06,6.16,355.7,1013.7,NASA POWER MERRA-2 (primary) + ERA5-normals sim (solar/sunshine/weather-code),33,0,107,140,23204,84,0.362,DENV-3,Moderate,DGHS/WHO/PMC anchored estimates (daily distribution),34.9,35.8,0.0,2.55,0.09,82.9,84.5,80.0
2021-12-25,2021,12,25,359,Dry Winter,Dhaka,23.71,90.41,18.33,23.4,13.33,10.1,19.1,13.5,75.7,0.0,4.39,11.3,1014.4,19.4,7.7,0,Clear sky,18.33,23.4,13.33,0.0,75.71,4.39,11.3,1014.4,NASA POWER MERRA-2 (primary) + ERA5-normals sim (solar/sunshine/weather-code),18,0,98,116,23222,84,0.3617,DENV-3,Watch,DGHS/WHO/PMC anchored estimates (daily distribution),27.9,31.9,0.0,1.18,1.87,79.6,82.8,86.7
2021-12-26,2021,12,26,360,Dry Winter,Dhaka,23.71,90.41,18.0,23.47,12.64,10.8,18.9,13.5,77.6,0.0,6.48,47.5,1016.5,21.9,7.1,0,Clear sky,18.0,23.47,12.64,0.0,77.65,6.48,47.5,1016.5,NASA POWER MERRA-2 (primary) + ERA5-normals sim (solar/sunshine/weather-code),8,0,93,101,23230,84,0.3616,DENV-3,Watch,DGHS/WHO/PMC anchored estimates (daily distribution),23.7,28.4,0.0,0.0,21.75,85.3,78.0,94.4
2021-12-27,2021,12,27,361,Dry Winter,Dhaka,23.71,90.41,18.0,22.76,13.69,9.1,18.8,13.1,75.6,0.0,5.8,17.9,1017.4,15.1,7.3,61,Moderate rain,18.0,22.76,13.69,0.0,75.58,5.8,17.9,1017.4,NASA POWER MERRA-2 (primary) + ERA5-normals sim (solar/sunshine/weather-code),13,0,71,84,23243,84,0.3614,DENV-3,Watch,DGHS/WHO/PMC anchored estimates (daily distribution),19.6,26.1,0.0,0.0,67.85,81.4,81.6,94.7
2021-12-28,2021,12,28,362,Dry Winter,Dhaka,23.71,90.41,17.91,22.69,13.11,9.6,18.9,14.0,80.2,0.0,7.13,34.0,1017.0,12.9,6.7,1,Mainly clear,17.91,22.69,13.11,0.0,80.19,7.13,34.0,1017.0,NASA POWER MERRA-2 (primary) + ERA5-normals sim (solar/sunshine/weather-code),26,0,72,98,23269,84,0.361,DENV-3,Moderate,DGHS/WHO/PMC anchored estimates (daily distribution),20.0,25.8,0.0,0.0,32.06,82.7,85.3,89.1
2021-12-29,2021,12,29,363,Dry Winter,Dhaka,23.71,90.41,17.72,23.06,13.11,10.0,18.8,13.9,81.0,0.0,7.45,38.5,1017.0,18.4,6.5,1,Mainly clear,17.72,23.06,13.11,0.0,80.97,7.45,38.5,1017.0,NASA POWER MERRA-2 (primary) + ERA5-normals sim (solar/sunshine/weather-code),19,0,65,84,23288,84,0.3607,DENV-3,Watch,DGHS/WHO/PMC anchored estimates (daily distribution),18.4,26.1,0.03,0.0,2.21,82.7,84.1,88.4
2021-12-30,2021,12,30,364,Dry Winter,Dhaka,23.71,90.41,17.98,24.21,13.15,11.1,19.0,14.3,81.4,0.0,8.86,10.0,1018.5,13.2,6.8,1,Mainly clear,17.98,24.21,13.15,0.0,81.44,8.86,10.0,1018.5,NASA POWER MERRA-2 (primary) + ERA5-normals sim (solar/sunshine/weather-code),11,0,66,77,23299,84,0.3605,DENV-3,Watch,DGHS/WHO/PMC anchored estimates (daily distribution),18.3,25.6,0.0,0.0,1.42,77.4,84.3,84.8
2021-12-31,2021,12,31,365,Dry Winter,Dhaka,23.71,90.41,17.47,23.33,12.87,10.5,18.7,14.4,84.4,0.0,11.27,342.3,1018.8,15.3,7.6,1,Mainly clear,17.47,23.33,12.87,0.0,84.45,11.27,342.3,1018.8,NASA POWER MERRA-2 (primary) + ERA5-normals sim (solar/sunshine/weather-code),21,0,69,90,23320,84,0.3602,DENV-3,Moderate,DGHS/WHO/PMC anchored estimates (daily distribution),16.6,25.7,0.01,0.0,2.55,81.1,82.9,84.5
2022-01-01,2022,1,1,1,Dry Winter,Dhaka,23.71,90.41,16.76,22.9,12.66,10.2,18.0,13.9,85.6,0.0,10.44,326.4,1018.1,13.5,7.9,61,Moderate rain,16.76,22.9,12.66,0.0,85.58,10.44,326.4,1018.1,NASA POWER MERRA-2 (primary) + ERA5-normals sim (solar/sunshine/weather-code),5,0,77,82,5,0,0.0,DENV-3/DENV-4,Watch,DGHS/WHO/PMC anchored estimates (daily distribution),14.7,21.3,0.0,0.0,1.18,75.7,79.6,82.8
2022-01-02,2022,1,2,2,Dry Winter,Dhaka,23.71,90.41,16.8,22.62,11.85,10.8,18.0,13.5,83.7,0.0,9.83,331.0,1016.5,18.8,9.2,1,Mainly clear,16.8,22.62,11.85,0.0,83.7,9.83,331.0,1016.5,NASA POWER MERRA-2 (primary) + ERA5-normals sim (solar/sunshine/weather-code),3,0,56,59,8,0,0.0,DENV-3/DENV-4,Watch,DGHS/WHO/PMC anchored estimates (daily distribution),14.0,18.9,0.0,0.0,0.0,77.6,85.3,78.0
2022-01-03,2022,1,3,3,Dry Winter,Dhaka,23.71,90.41,16.98,22.54,11.72,10.8,18.2,13.7,83.7,0.0,9.07,331.4,1015.4,16.1,6.0,1,Mainly clear,16.98,22.54,11.72,0.0,83.69,9.07,331.4,1015.4,NASA POWER MERRA-2 (primary) + ERA5-normals sim (solar/sunshine/weather-code),5,0,40,45,13,0,0.0,DENV-3/DENV-4,Watch,DGHS/WHO/PMC anchored estimates (daily distribution),12.9,16.2,0.0,0.0,0.0,75.6,81.4,81.6
2022-01-04,2022,1,4,4,Dry Winter,Dhaka,23.71,90.41,16.66,22.6,11.63,11.0,17.8,13.4,83.7,0.0,10.08,340.5,1016.0,15.8,7.9,0,Clear sky,16.66,22.6,11.63,0.0,83.69,10.08,340.5,1016.0,NASA POWER MERRA-2 (primary) + ERA5-normals sim (solar/sunshine/weather-code),5,0,34,39,18,0,0.0,DENV-3/DENV-4,Watch,DGHS/WHO/PMC anchored estimates (daily distribution),9.9,14.9,0.0,0.0,0.0,80.2,82.7,85.3
2022-01-05,2022,1,5,5,Dry Winter,Dhaka,23.71,90.41,16.57,22.53,10.62,11.9,17.5,12.4,79.0,0.0,8.46,332.7,1015.4,12.3,7.2,0,Clear sky,16.57,22.53,10.62,0.0,79.01,8.46,332.7,1015.4,NASA POWER MERRA-2 (primary) + ERA5-normals sim (solar/sunshine/weather-code),6,0,18,24,24,0,0.0,DENV-3/DENV-4,Watch,DGHS/WHO/PMC anchored estimates (daily distribution),8.0,13.2,0.0,0.03,0.0,81.0,82.7,84.1
2022-01-06,2022,1,6,6,Dry Winter,Dhaka,23.71,90.41,17.27,23.4,11.24,12.2,18.2,13.1,79.0,0.0,7.27,332.5,1015.0,19.1,8.7,0,Clear sky,17.27,23.4,11.24,0.0,78.96,7.27,332.5,1015.0,NASA POWER MERRA-2 (primary) + ERA5-normals sim (solar/sunshine/weather-code),23,0,19,42,47,0,0.0,DENV-3/DENV-4,Moderate,DGHS/WHO/PMC anchored estimates (daily distribution),9.7,14.0,0.0,0.0,0.0,81.4,77.4,84.3
2022-01-07,2022,1,7,7,Dry Winter,Dhaka,23.71,90.41,17.99,23.63,12.65,11.0,19.1,14.3,81.6,0.0,8.68,348.2,1015.6,14.5,8.1,1,Mainly clear,17.99,23.63,12.65,0.0,81.56,8.68,348.2,1015.6,NASA POWER MERRA-2 (primary) + ERA5-normals sim (solar/sunshine/weather-code),10,0,39,49,57,0,0.0,DENV-3/DENV-4,Watch,DGHS/WHO/PMC anchored estimates (daily distribution),8.1,12.4,0.0,0.01,0.0,84.4,81.1,82.9
2022-01-08,2022,1,8,8,Dry Winter,Dhaka,23.71,90.41,18.28,24.36,12.76,11.6,19.5,15.1,84.2,0.0,9.0,339.6,1015.4,18.9,7.9,1,Mainly clear,18.28,24.36,12.76,0.0,84.15,9.0,339.6,1015.4,NASA POWER MERRA-2 (primary) + ERA5-normals sim (solar/sunshine/weather-code),14,0,44,58,71,0,0.0,DENV-3/DENV-4,Watch,DGHS/WHO/PMC anchored estimates (daily distribution),9.4,12.1,0.0,0.0,0.0,85.6,75.7,79.6
2022-01-09,2022,1,9,9,Dry Winter,Dhaka,23.71,90.41,18.97,24.16,13.6,10.6,20.1,15.4,82.2,0.0,6.55,344.4,1013.7,17.4,7.7,0,Clear sky,18.97,24.16,13.6,0.0,82.16,6.55,344.4,1013.7,NASA POWER MERRA-2 (primary) + ERA5-normals sim (solar/sunshine/weather-code),6,0,53,59,77,0,0.0,DENV-3/DENV-4,Watch,DGHS/WHO/PMC anchored estimates (daily distribution),9.9,11.9,0.0,0.0,0.0,83.7,77.6,85.3
2022-01-10,2022,1,10,10,Dry Winter,Dhaka,23.71,90.41,19.61,24.75,14.33,10.4,20.7,16.1,82.4,0.0,6.95,341.1,1014.1,18.3,6.7,61,Moderate rain,19.61,24.75,14.33,0.0,82.35,6.95,341.1,1014.1,NASA POWER MERRA-2 (primary) + ERA5-normals sim (solar/sunshine/weather-code),7,0,53,60,84,0,0.0,DENV-3/DENV-4,Watch,DGHS/WHO/PMC anchored estimates (daily distribution),10.1,11.5,0.0,0.0,0.0,83.7,75.6,81.4
2022-01-11,2022,1,11,11,Dry Winter,Dhaka,23.71,90.41,19.55,24.72,14.48,10.2,20.7,16.3,83.8,0.01,8.1,349.9,1014.1,19.7,7.8,0,Clear sky,19.55,24.72,14.48,0.01,83.79,8.1,349.9,1014.1,NASA POWER MERRA-2 (primary) + ERA5-normals sim (solar/sunshine/weather-code),6,0,37,43,90,0,0.0,DENV-3/DENV-4,Watch,DGHS/WHO/PMC anchored estimates (daily distribution),10.3,10.1,0.0,0.0,0.0,83.7,80.2,82.7
2022-01-12,2022,1,12,12,Dry Winter,Dhaka,23.71,90.41,19.18,23.18,16.13,7.0,20.6,16.9,88.8,2.29,6.98,9.1,1014.1,12.1,7.3,1,Mainly clear,19.18,23.18,16.13,2.29,88.79,6.98,9.1,1014.1,NASA POWER MERRA-2 (primary) + ERA5-normals sim (solar/sunshine/weather-code),8,0,33,41,98,0,0.0,DENV-3/DENV-4,Watch,DGHS/WHO/PMC anchored estimates (daily distribution),10.6,9.3,0.0,0.0,0.03,79.0,81.0,82.7
2022-01-13,2022,1,13,13,Dry Winter,Dhaka,23.71,90.41,18.78,22.87,15.22,7.6,20.1,15.9,85.5,2.34,6.62,337.5,1015.3,16.1,7.6,1,Mainly clear,18.78,22.87,15.22,2.34,85.49,6.62,337.5,1015.3,NASA POWER MERRA-2 (primary) + ERA5-normals sim (solar/sunshine/weather-code),6,0,27,33,104,0,0.0,DENV-3/DENV-4,Watch,DGHS/WHO/PMC anchored estimates (daily distribution),8.1,8.9,0.0,0.0,0.0,79.0,81.4,77.4
2022-01-14,2022,1,14,14,Dry Winter,Dhaka,23.71,90.41,17.62,21.67,13.88,7.8,18.6,13.6,80.1,1.0,10.98,15.1,1015.6,16.5,6.5,0,Clear sky,17.62,21.67,13.88,1.0,80.12,10.98,15.1,1015.6,NASA POWER MERRA-2 (primary) + ERA5-normals sim (solar/sunshine/weather-code),6,0,27,33,110,0,0.0,DENV-3/DENV-4,Watch,DGHS/WHO/PMC anchored estimates (daily distribution),7.6,7.9,0.0,0.0,0.01,81.6,84.4,81.1
2022-01-15,2022,1,15,15,Dry Winter,Dhaka,23.71,90.41,17.45,23.35,13.26,10.1,18.3,13.0,77.6,0.08,10.26,336.7,1014.7,18.3,7.4,0,Clear sky,17.45,23.35,13.26,0.08,77.55,10.26,336.7,1014.7,NASA POWER MERRA-2 (primary) + ERA5-normals sim (solar/sunshine/weather-code),5,0,26,31,115,0,0.0,DENV-3/DENV-4,Watch,DGHS/WHO/PMC anchored estimates (daily distribution),6.3,7.9,0.0,0.0,0.0,84.2,85.6,75.7
2022-01-16,2022,1,16,16,Dry Winter,Dhaka,23.71,90.41,16.88,22.64,12.59,10.0,17.9,12.9,80.1,0.04,15.37,330.1,1016.6,18.7,7.1,0,Clear sky,16.88,22.64,12.59,0.04,80.06,15.37,330.1,1016.6,NASA POWER MERRA-2 (primary) + ERA5-normals sim (solar/sunshine/weather-code),5,0,25,30,120,0,0.0,DENV-3/DENV-4,Watch,DGHS/WHO/PMC anchored estimates (daily distribution),6.1,8.0,0.0,0.0,0.0,82.2,83.7,77.6
2022-01-17,2022,1,17,17,Dry Winter,Dhaka,23.71,90.41,16.61,23.45,10.63,12.8,17.6,12.6,80.0,0.0,10.22,337.3,1017.1,20.0,7.3,0,Clear sky,16.61,23.45,10.63,0.0,80.0,10.22,337.3,1017.1,NASA POWER MERRA-2 (primary) + ERA5-normals sim (solar/sunshine/weather-code),6,0,22,28,126,0,0.0,DENV-3/DENV-4,Watch,DGHS/WHO/PMC anchored estimates (daily distribution),6.0,8.1,0.0,0.0,0.0,82.4,83.7,75.6
2022-01-18,2022,1,18,18,Dry Winter,Dhaka,23.71,90.41,16.75,23.08,11.23,11.8,17.9,13.3,82.6,0.0,8.21,307.3,1014.9,14.7,7.7,0,Clear sky,16.75,23.08,11.23,0.0,82.6,8.21,307.3,1014.9,NASA POWER MERRA-2 (primary) + ERA5-normals sim (solar/sunshine/weather-code),6,0,22,28,132,0,0.0,DENV-3/DENV-4,Watch,DGHS/WHO/PMC anchored estimates (daily distribution),6.0,8.1,0.01,0.0,0.0,83.8,83.7,80.2
2022-01-19,2022,1,19,19,Dry Winter,Dhaka,23.71,90.41,17.82,22.94,13.94,9.0,18.7,13.3,77.4,0.0,6.3,284.1,1012.8,14.1,8.1,0,Clear sky,17.82,22.94,13.94,0.0,77.37,6.3,284.1,1012.8,NASA POWER MERRA-2 (primary) + ERA5-normals sim (solar/sunshine/weather-code),5,0,22,27,137,0,0.0,DENV-3/DENV-4,Watch,DGHS/WHO/PMC anchored estimates (daily distribution),5.6,8.1,2.29,0.0,0.0,88.8,79.0,81.0
2022-01-20,2022,1,20,20,Dry Winter,Dhaka,23.71,90.41,17.24,22.25,13.78,8.5,18.2,13.2,79.7,0.0,6.59,276.2,1010.6,24.4,7.4,0,Clear sky,17.24,22.25,13.78,0.0,79.71,6.59,276.2,1010.6,NASA POWER MERRA-2 (primary) + ERA5-normals sim (solar/sunshine/weather-code),5,0,22,27,142,0,0.0,DENV-3/DENV-4,Watch,DGHS/WHO/PMC anchored estimates (daily distribution),5.4,6.8,2.34,0.0,0.0,85.5,79.0,81.4
2022-01-21,2022,1,21,21,Dry Winter,Dhaka,23.71,90.41,17.81,22.76,12.86,9.9,18.1,10.9,65.4,0.0,3.92,281.9,1011.3,14.0,8.5,0,Clear sky,17.81,22.76,12.86,0.0,65.35,3.92,281.9,1011.3,NASA POWER MERRA-2 (primary) + ERA5-normals sim (solar/sunshine/weather-code),6,0,22,28,148,0,0.0,DENV-3/DENV-4,Watch,DGHS/WHO/PMC anchored estimates (daily distribution),5.4,6.5,1.0,0.0,0.0,80.1,81.6,84.4
2022-01-22,2022,1,22,22,Dry Winter,Dhaka,23.71,90.41,18.46,23.04,12.59,10.4,18.9,12.0,67.9,0.0,4.54,109.9,1010.6,21.7,8.0,0,Clear sky,18.46,23.04,12.59,0.0,67.87,4.54,109.9,1010.6,NASA POWER MERRA-2 (primary) + ERA5-normals sim (solar/sunshine/weather-code),7,0,22,29,155,0,0.0,DENV-3/DENV-4,Watch,DGHS/WHO/PMC anchored estimates (daily distribution),5.7,6.0,0.08,0.0,0.0,77.6,84.2,85.6
2022-01-23,2022,1,23,23,Dry Winter,Dhaka,23.71,90.41,18.71,24.47,13.45,11.0,19.4,13.3,73.1,0.16,6.34,117.7,1010.6,14.0,5.6,1,Mainly clear,18.71,24.47,13.45,0.16,73.11,6.34,117.7,1010.6,NASA POWER MERRA-2 (primary) + ERA5-normals sim (solar/sunshine/weather-code),4,0,23,27,159,0,0.0,DENV-3/DENV-4,Watch,DGHS/WHO/PMC anchored estimates (daily distribution),5.6,5.9,0.04,0.0,0.0,80.1,82.2,83.7
2022-01-24,2022,1,24,24,Dry Winter,Dhaka,23.71,90.41,17.28,20.29,14.65,5.6,18.7,14.8,87.4,6.0,6.41,92.8,1011.0,21.2,8.3,0,Clear sky,17.28,20.29,14.65,6.0,87.38,6.41,92.8,1011.0,NASA POWER MERRA-2 (primary) + ERA5-normals sim (solar/sunshine/weather-code),3,0,22,25,162,0,0.0,DENV-3/DENV-4,Watch,DGHS/WHO/PMC anchored estimates (daily distribution),5.1,5.6,0.0,0.0,0.0,80.0,82.4,83.7
2022-01-25,2022,1,25,25,Dry Winter,Dhaka,23.71,90.41,18.8,22.57,15.54,7.0,19.8,14.8,79.9,2.52,7.88,16.4,1011.0,19.2,8.4,0,Clear sky,18.8,22.57,15.54,2.52,79.9,7.88,16.4,1011.0,NASA POWER MERRA-2 (primary) + ERA5-normals sim (solar/sunshine/weather-code),2,0,20,22,164,0,0.0,DENV-3/DENV-4,Watch,DGHS/WHO/PMC anchored estimates (daily distribution),4.6,5.3,0.0,0.01,0.0,82.6,83.8,83.7
2022-01-26,2022,1,26,26,Dry Winter,Dhaka,23.71,90.41,19.0,23.66,13.77,9.9,19.8,14.2,76.1,2.2,4.18,309.9,1012.1,18.1,7.4,0,Clear sky,19.0,23.66,13.77,2.2,76.07,4.18,309.9,1012.1,NASA POWER MERRA-2 (primary) + ERA5-normals sim (solar/sunshine/weather-code),14,1,15,30,178,1,0.5618,DENV-3/DENV-4,Watch,DGHS/WHO/PMC anchored estimates (daily distribution),5.9,5.7,0.0,2.29,0.0,77.4,88.8,79.0
2022-01-27,2022,1,27,27,Dry Winter,Dhaka,23.71,90.41,17.3,21.57,13.39,8.2,18.4,13.7,81.9,5.76,8.42,323.5,1013.0,16.5,7.5,0,Clear sky,17.3,21.57,13.39,5.76,81.92,8.42,323.5,1013.0,NASA POWER MERRA-2 (primary) + ERA5-normals sim (solar/sunshine/weather-code),6,0,23,29,184,1,0.5435,DENV-3/DENV-4,Watch,DGHS/WHO/PMC anchored estimates (daily distribution),6.0,5.7,0.0,2.34,0.0,79.7,85.5,79.0
2022-01-28,2022,1,28,28,Dry Winter,Dhaka,23.71,90.41,14.8,20.75,9.92,10.8,15.5,9.8,74.9,0.4,10.44,308.9,1015.0,20.4,6.9,0,Clear sky,14.8,20.75,9.92,0.4,74.91,10.44,308.9,1015.0,NASA POWER MERRA-2 (primary) + ERA5-normals sim (solar/sunshine/weather-code),4,0,25,29,188,1,0.5319,DENV-3/DENV-4,Watch,DGHS/WHO/PMC anchored estimates (daily distribution),5.7,5.6,0.0,1.0,0.0,65.4,80.1,81.6
2022-01-29,2022,1,29,29,Dry Winter,Dhaka,23.71,90.41,14.18,20.0,9.31,10.7,15.0,9.4,76.3,0.0,9.18,322.2,1014.6,21.9,9.0,0,Clear sky,14.18,20.0,9.31,0.0,76.33,9.18,322.2,1014.6,NASA POWER MERRA-2 (primary) + ERA5-normals sim (solar/sunshine/weather-code),8,0,26,34,196,1,0.5102,DENV-3/DENV-4,Watch,DGHS/WHO/PMC anchored estimates (daily distribution),5.9,5.8,0.0,0.08,0.0,67.9,77.6,84.2
2022-01-30,2022,1,30,30,Dry Winter,Dhaka,23.71,90.41,15.25,21.33,9.65,11.7,15.9,9.7,72.1,0.0,7.67,293.9,1012.3,13.8,8.7,0,Clear sky,15.25,21.33,9.65,0.0,72.13,7.67,293.9,1012.3,NASA POWER MERRA-2 (primary) + ERA5-normals sim (solar/sunshine/weather-code),3,0,32,35,199,1,0.5025,DENV-3/DENV-4,Watch,DGHS/WHO/PMC anchored estimates (daily distribution),5.7,5.6,0.16,0.04,0.0,73.1,80.1,82.2
2022-01-31,2022,1,31,31,Dry Winter,Dhaka,23.71,90.41,16.66,22.2,11.19,11.0,16.9,9.6,64.8,0.0,4.75,161.2,1011.9,16.5,7.8,1,Mainly clear,16.66,22.2,11.19,0.0,64.83,4.75,161.2,1011.9,NASA POWER MERRA-2 (primary) + ERA5-normals sim (solar/sunshine/weather-code),4,0,21,25,203,1,0.4926,DENV-3/DENV-4,Watch,DGHS/WHO/PMC anchored estimates (daily distribution),5.9,5.5,6.0,0.0,0.0,87.4,80.0,82.4
2022-02-01,2022,2,1,32,Dry Winter,Dhaka,23.71,90.41,17.3,23.37,11.49,11.9,18.2,13.1,79.0,0.06,10.55,196.2,1010.3,18.7,8.8,1,Mainly clear,17.3,23.37,11.49,0.06,79.02,10.55,196.2,1010.3,NASA POWER MERRA-2 (primary) + ERA5-normals sim (solar/sunshine/weather-code),10,0,19,29,213,1,0.4695,DENV-3/DENV-4,Watch,DGHS/WHO/PMC anchored estimates (daily distribution),7.0,5.8,2.52,0.0,0.01,79.9,82.6,83.8
2022-02-02,2022,2,2,33,Dry Winter,Dhaka,23.71,90.41,18.56,23.99,12.97,11.0,18.9,11.8,66.3,0.03,5.65,280.0,1012.2,21.7,8.8,0,Clear sky,18.56,23.99,12.97,0.03,66.31,5.65,280.0,1012.2,NASA POWER MERRA-2 (primary) + ERA5-normals sim (solar/sunshine/weather-code),6,0,25,31,219,1,0.4566,DENV-3/DENV-4,Watch,DGHS/WHO/PMC anchored estimates (daily distribution),5.9,5.9,2.2,0.0,2.29,76.1,77.4,88.8
2022-02-03,2022,2,3,34,Dry Winter,Dhaka,23.71,90.41,18.02,24.46,11.97,12.5,18.7,12.7,73.4,0.06,9.83,142.9,1012.5,24.3,7.3,61,Moderate rain,18.02,24.46,11.97,0.06,73.39,9.83,142.9,1012.5,NASA POWER MERRA-2 (primary) + ERA5-normals sim (solar/sunshine/weather-code),15,0,23,38,234,1,0.4274,DENV-3/DENV-4,Watch,DGHS/WHO/PMC anchored estimates (daily distribution),7.1,6.6,5.76,0.0,2.34,81.9,79.7,85.5
2022-02-04,2022,2,4,35,Dry Winter,Dhaka,23.71,90.41,18.68,24.52,13.36,11.2,19.7,14.8,80.7,8.26,12.6,152.8,1010.7,20.1,6.9,1,Mainly clear,18.68,24.52,13.36,8.26,80.66,12.6,152.8,1010.7,NASA POWER MERRA-2 (primary) + ERA5-normals sim (solar/sunshine/weather-code),10,1,34,45,244,2,0.8197,DENV-3/DENV-4,Watch,DGHS/WHO/PMC anchored estimates (daily distribution),8.0,6.9,0.4,0.0,1.0,74.9,65.4,80.1
2022-02-05,2022,2,5,36,Dry Winter,Dhaka,23.71,90.41,17.49,22.11,12.43,9.7,18.3,12.8,76.6,21.84,14.22,282.5,1011.1,19.6,7.8,1,Mainly clear,17.49,22.11,12.43,21.84,76.58,14.22,282.5,1011.1,NASA POWER MERRA-2 (primary) + ERA5-normals sim (solar/sunshine/weather-code),5,0,41,46,249,2,0.8032,DENV-3/DENV-4,Watch,DGHS/WHO/PMC anchored estimates (daily distribution),7.6,6.7,0.0,0.0,0.08,76.3,67.9,77.6
2022-02-06,2022,2,6,37,Dry Winter,Dhaka,23.71,90.41,15.48,21.45,11.19,10.3,16.2,10.3,74.0,17.18,7.49,332.3,1015.4,20.3,6.4,0,Clear sky,15.48,21.45,11.19,17.18,73.97,7.49,332.3,1015.4,NASA POWER MERRA-2 (primary) + ERA5-normals sim (solar/sunshine/weather-code),4,0,36,40,253,2,0.7905,DENV-3/DENV-4,Watch,DGHS/WHO/PMC anchored estimates (daily distribution),7.7,6.7,0.0,0.16,0.04,72.1,73.1,80.1
2022-02-07,2022,2,7,38,Dry Winter,Dhaka,23.71,90.41,15.08,21.16,9.38,11.8,15.8,9.8,73.6,0.0,9.83,343.7,1015.2,19.6,7.5,0,Clear sky,15.08,21.16,9.38,0.0,73.6,9.83,343.7,1015.2,NASA POWER MERRA-2 (primary) + ERA5-normals sim (solar/sunshine/weather-code),2,0,34,36,255,2,0.7843,DENV-3/DENV-4,Watch,DGHS/WHO/PMC anchored estimates (daily distribution),7.4,6.6,0.0,6.0,0.0,64.8,87.4,80.0
2022-02-08,2022,2,8,39,Dry Winter,Dhaka,23.71,90.41,16.97,22.46,11.11,11.4,17.3,10.1,65.8,0.0,7.06,2.9,1014.1,23.2,8.1,61,Moderate rain,16.97,22.46,11.11,0.0,65.79,7.06,2.9,1014.1,NASA POWER MERRA-2 (primary) + ERA5-normals sim (solar/sunshine/weather-code),5,0,21,26,260,2,0.7692,DENV-3/DENV-4,Watch,DGHS/WHO/PMC anchored estimates (daily distribution),6.7,6.9,0.06,2.52,0.0,79.0,79.9,82.6
2022-02-09,2022,2,9,40,Dry Winter,Dhaka,23.71,90.41,18.2,23.63,11.89,11.7,18.4,11.1,64.3,0.0,6.12,21.5,1014.9,19.0,7.1,1,Mainly clear,18.2,23.63,11.89,0.0,64.32,6.12,21.5,1014.9,NASA POWER MERRA-2 (primary) + ERA5-normals sim (solar/sunshine/weather-code),4,0,16,20,264,2,0.7576,DENV-3/DENV-4,Watch,DGHS/WHO/PMC anchored estimates (daily distribution),6.4,6.1,0.03,2.2,0.0,66.3,76.1,77.4
2022-02-10,2022,2,10,41,Dry Winter,Dhaka,23.71,90.41,18.51,23.78,12.17,11.6,19.2,13.4,74.2,0.05,7.02,74.7,1013.6,16.0,9.5,0,Clear sky,18.51,23.78,12.17,0.05,74.15,7.02,74.7,1013.6,NASA POWER MERRA-2 (primary) + ERA5-normals sim (solar/sunshine/weather-code),6,0,15,21,270,2,0.7407,DENV-3/DENV-4,Watch,DGHS/WHO/PMC anchored estimates (daily distribution),5.1,6.1,0.06,5.76,0.0,73.4,81.9,79.7
2022-02-11,2022,2,11,42,Dry Winter,Dhaka,23.71,90.41,18.71,24.11,13.75,10.4,19.5,13.8,75.2,0.07,9.32,318.7,1013.2,17.3,8.7,0,Clear sky,18.71,24.11,13.75,0.07,75.2,9.32,318.7,1013.2,NASA POWER MERRA-2 (primary) + ERA5-normals sim (solar/sunshine/weather-code),11,0,17,28,281,2,0.7117,DENV-3/DENV-4,Watch,DGHS/WHO/PMC anchored estimates (daily distribution),5.3,6.6,8.26,0.4,0.0,80.7,74.9,65.4
2022-02-12,2022,2,12,43,Dry Winter,Dhaka,23.71,90.41,17.02,22.95,13.15,9.8,17.3,10.1,65.5,0.0,8.46,329.3,1013.5,20.7,7.6,51,Light drizzle,17.02,22.95,13.15,0.0,65.49,8.46,329.3,1013.5,NASA POWER MERRA-2 (primary) + ERA5-normals sim (solar/sunshine/weather-code),13,0,26,39,294,2,0.6803,DENV-3/DENV-4,Watch,DGHS/WHO/PMC anchored estimates (daily distribution),6.4,7.0,21.84,0.0,0.0,76.6,76.3,67.9
2022-02-13,2022,2,13,44,Dry Winter,Dhaka,23.71,90.41,16.85,24.24,10.58,13.7,17.4,10.9,70.4,0.0,13.28,354.0,1011.6,15.9,8.2,51,Light drizzle,16.85,24.24,10.58,0.0,70.41,13.28,354.0,1011.6,NASA POWER MERRA-2 (primary) + ERA5-normals sim (solar/sunshine/weather-code),6,0,34,40,300,2,0.6667,DENV-3/DENV-4,Watch,DGHS/WHO/PMC anchored estimates (daily distribution),6.7,7.2,17.18,0.0,0.16,74.0,72.1,73.1
2022-02-14,2022,2,14,45,Dry Winter,Dhaka,23.71,90.41,17.22,24.59,10.67,13.9,17.8,11.5,71.6,0.0,9.76,326.0,1011.5,18.4,7.8,0,Clear sky,17.22,24.59,10.67,0.0,71.65,9.76,326.0,1011.5,NASA POWER MERRA-2 (primary) + ERA5-normals sim (solar/sunshine/weather-code),8,0,36,44,308,2,0.6494,DENV-3/DENV-4,Watch,DGHS/WHO/PMC anchored estimates (daily distribution),7.6,7.5,0.0,0.0,6.0,73.6,64.8,87.4
2022-02-15,2022,2,15,46,Dry Winter,Dhaka,23.71,90.41,18.16,24.62,12.06,12.6,18.4,11.0,64.0,0.0,6.8,319.4,1011.1,19.6,5.7,0,Clear sky,18.16,24.62,12.06,0.0,63.96,6.8,319.4,1011.1,NASA POWER MERRA-2 (primary) + ERA5-normals sim (solar/sunshine/weather-code),5,0,38,43,313,2,0.639,DENV-3/DENV-4,Watch,DGHS/WHO/PMC anchored estimates (daily distribution),7.6,7.1,0.0,0.06,2.52,65.8,79.0,79.9
2022-02-16,2022,2,16,47,Dry Winter,Dhaka,23.71,90.41,18.64,24.67,13.38,11.3,18.6,10.6,59.7,0.0,6.48,313.5,1009.4,19.0,8.0,0,Clear sky,18.64,24.67,13.38,0.0,59.73,6.48,313.5,1009.4,NASA POWER MERRA-2 (primary) + ERA5-normals sim (solar/sunshine/weather-code),5,0,32,37,318,2,0.6289,DENV-3/DENV-4,Watch,DGHS/WHO/PMC anchored estimates (daily distribution),7.7,7.1,0.0,0.03,2.2,64.3,66.3,76.1
2022-02-17,2022,2,17,48,Dry Winter,Dhaka,23.71,90.41,18.87,25.21,11.95,13.3,18.8,10.6,58.9,0.0,7.74,340.9,1009.5,20.0,8.0,51,Light drizzle,18.87,25.21,11.95,0.0,58.86,7.74,340.9,1009.5,NASA POWER MERRA-2 (primary) + ERA5-normals sim (solar/sunshine/weather-code),2,0,24,26,320,2,0.625,DENV-3/DENV-4,Watch,DGHS/WHO/PMC anchored estimates (daily distribution),7.1,6.1,0.05,0.06,5.76,74.2,73.4,81.9
2022-02-18,2022,2,18,49,Dry Winter,Dhaka,23.71,90.41,19.27,25.15,12.63,12.5,19.0,10.1,54.2,0.0,8.24,341.0,1011.0,19.5,6.8,0,Clear sky,19.27,25.15,12.63,0.0,54.24,8.24,341.0,1011.0,NASA POWER MERRA-2 (primary) + ERA5-normals sim (solar/sunshine/weather-code),2,0,20,22,322,2,0.6211,DENV-3/DENV-4,Watch,DGHS/WHO/PMC anchored estimates (daily distribution),5.9,5.6,0.07,8.26,0.4,75.2,80.7,74.9
2022-02-19,2022,2,19,50,Dry Winter,Dhaka,23.71,90.41,19.57,25.84,14.77,11.1,19.2,10.3,53.6,0.0,8.24,289.6,1011.7,18.5,6.7,0,Clear sky,19.57,25.84,14.77,0.0,53.55,8.24,289.6,1011.7,NASA POWER MERRA-2 (primary) + ERA5-normals sim (solar/sunshine/weather-code),5,0,14,19,327,2,0.6116,DENV-3/DENV-4,Watch,DGHS/WHO/PMC anchored estimates (daily distribution),4.7,5.6,0.0,21.84,0.0,65.5,76.6,76.3
2022-02-20,2022,2,20,51,Dry Winter,Dhaka,23.71,90.41,19.09,26.25,12.59,13.7,19.7,13.7,73.0,2.54,10.01,192.8,1008.8,20.6,8.3,0,Clear sky,19.09,26.25,12.59,2.54,73.01,10.01,192.8,1008.8,NASA POWER MERRA-2 (primary) + ERA5-normals sim (solar/sunshine/weather-code),2,0,14,16,329,2,0.6079,DENV-3/DENV-4,Watch,DGHS/WHO/PMC anchored estimates (daily distribution),4.1,5.4,0.0,17.18,0.0,70.4,74.0,72.1
2022-02-21,2022,2,21,52,Dry Winter,Dhaka,23.71,90.41,19.81,26.01,13.43,12.6,20.2,13.5,68.5,1.4,8.39,58.3,1009.2,16.3,8.8,51,Light drizzle,19.81,26.01,13.43,1.4,68.53,8.39,58.3,1009.2,NASA POWER MERRA-2 (primary) + ERA5-normals sim (solar/sunshine/weather-code),4,1,10,15,333,3,0.9009,DENV-3/DENV-4,Watch,DGHS/WHO/PMC anchored estimates (daily distribution),3.6,5.6,0.0,0.0,0.0,71.6,73.6,64.8
2022-02-22,2022,2,22,53,Dry Winter,Dhaka,23.71,90.41,20.46,26.43,14.22,12.2,20.7,13.6,65.5,1.54,6.34,124.5,1013.6,14.0,6.9,1,Mainly clear,20.46,26.43,14.22,1.54,65.46,6.34,124.5,1013.6,NASA POWER MERRA-2 (primary) + ERA5-normals sim (solar/sunshine/weather-code),5,0,13,18,338,3,0.8876,DENV-3/DENV-4,Watch,DGHS/WHO/PMC anchored estimates (daily distribution),3.6,5.6,0.0,0.0,0.06,64.0,65.8,79.0
2022-02-23,2022,2,23,54,Dry Winter,Dhaka,23.71,90.41,21.46,27.55,15.65,11.9,21.8,14.8,66.6,0.02,7.13,157.8,1015.6,22.1,7.5,0,Clear sky,21.46,27.55,15.65,0.02,66.58,7.13,157.8,1015.6,NASA POWER MERRA-2 (primary) + ERA5-normals sim (solar/sunshine/weather-code),6,0,16,22,344,3,0.8721,DENV-3/DENV-4,Watch,DGHS/WHO/PMC anchored estimates (daily distribution),3.7,5.7,0.0,0.0,0.03,59.7,64.3,66.3
2022-02-24,2022,2,24,55,Dry Winter,Dhaka,23.71,90.41,21.81,28.58,15.44,13.1,22.6,16.8,75.2,0.06,8.53,180.1,1015.4,23.0,6.2,51,Light drizzle,21.81,28.58,15.44,0.06,75.16,8.53,180.1,1015.4,NASA POWER MERRA-2 (primary) + ERA5-normals sim (solar/sunshine/weather-code),3,0,17,20,347,3,0.8646,DENV-3/DENV-4,Watch,DGHS/WHO/PMC anchored estimates (daily distribution),3.9,5.5,0.0,0.05,0.06,58.9,74.2,73.4
2022-02-25,2022,2,25,56,Dry Winter,Dhaka,23.71,90.41,22.62,28.3,17.4,10.9,23.4,17.6,74.7,0.83,5.72,145.5,1015.1,23.6,6.2,0,Clear sky,22.62,28.3,17.4,0.83,74.7,5.72,145.5,1015.1,NASA POWER MERRA-2 (primary) + ERA5-normals sim (solar/sunshine/weather-code),1,0,18,19,348,3,0.8621,DENV-3/DENV-4,Watch,DGHS/WHO/PMC anchored estimates (daily distribution),3.7,4.8,0.0,0.07,8.26,54.2,75.2,80.7
2022-02-26,2022,2,26,57,Dry Winter,Dhaka,23.71,90.41,23.07,29.37,17.88,11.5,23.7,17.6,72.6,0.6,7.42,3.4,1015.4,16.0,7.7,0,Clear sky,23.07,29.37,17.88,0.6,72.65,7.42,3.4,1015.4,NASA POWER MERRA-2 (primary) + ERA5-normals sim (solar/sunshine/weather-code),6,0,15,21,354,3,0.8475,DENV-3/DENV-4,Watch,DGHS/WHO/PMC anchored estimates (daily distribution),3.9,4.3,0.0,0.0,21.84,53.6,65.5,76.6
2022-02-27,2022,2,27,58,Dry Winter,Dhaka,23.71,90.41,23.12,28.89,17.1,11.8,23.3,16.0,64.4,0.02,6.48,46.2,1014.7,19.5,7.0,0,Clear sky,23.12,28.89,17.1,0.02,64.35,6.48,46.2,1014.7,NASA POWER MERRA-2 (primary) + ERA5-normals sim (solar/sunshine/weather-code),5,0,16,21,359,3,0.8357,DENV-3/DENV-4,Watch,DGHS/WHO/PMC anchored estimates (daily distribution),4.3,4.2,2.54,0.0,17.18,73.0,70.4,74.0
2022-02-28,2022,2,28,59,Dry Winter,Dhaka,23.71,90.41,23.68,29.43,17.53,11.9,24.0,16.8,65.8,0.84,7.63,236.1,1013.5,21.2,7.0,0,Clear sky,23.68,29.43,17.53,0.84,65.85,7.63,236.1,1013.5,NASA POWER MERRA-2 (primary) + ERA5-normals sim (solar/sunshine/weather-code),4,0,15,19,363,3,0.8264,DENV-3/DENV-4,Watch,DGHS/WHO/PMC anchored estimates (daily distribution),4.3,3.9,1.4,0.0,0.0,68.5,71.6,73.6
2022-03-01,2022,3,1,60,Pre-Monsoon,Dhaka,23.71,90.41,23.14,29.26,17.82,11.4,23.3,15.7,62.9,0.34,9.47,345.8,1014.3,17.9,8.6,1,Mainly clear,23.14,29.26,17.82,0.34,62.88,9.47,345.8,1014.3,NASA POWER MERRA-2 (primary) + ERA5-normals sim (solar/sunshine/weather-code),1,0,16,17,364,3,0.8242,DENV-3/DENV-4,Watch,DGHS/WHO/PMC anchored estimates (daily distribution),3.7,3.6,1.54,0.0,0.0,65.5,64.0,65.8
2022-03-02,2022,3,2,61,Pre-Monsoon,Dhaka,23.71,90.41,22.27,29.23,15.89,13.3,22.3,14.3,60.2,0.0,11.59,349.9,1013.9,17.0,8.4,3,Overcast,22.27,29.23,15.89,0.0,60.18,11.59,349.9,1013.9,NASA POWER MERRA-2 (primary) + ERA5-normals sim (solar/sunshine/weather-code),2,0,16,18,366,3,0.8197,DENV-3/DENV-4,Watch,DGHS/WHO/PMC anchored estimates (daily distribution),3.1,3.4,0.02,0.0,0.0,66.6,59.7,64.3
2022-03-03,2022,3,3,62,Pre-Monsoon,Dhaka,23.71,90.41,22.98,29.89,16.37,13.5,22.8,14.3,56.5,0.0,9.18,344.6,1013.5,18.5,6.4,61,Moderate rain,22.98,29.89,16.37,0.0,56.51,9.18,344.6,1013.5,NASA POWER MERRA-2 (primary) + ERA5-normals sim (solar/sunshine/weather-code),2,0,12,14,368,3,0.8152,DENV-3/DENV-4,Watch,DGHS/WHO/PMC anchored estimates (daily distribution),3.0,3.4,0.06,0.0,0.05,75.2,58.9,74.2
2022-03-04,2022,3,4,63,Pre-Monsoon,Dhaka,23.71,90.41,23.66,29.7,16.89,12.8,23.2,14.0,51.7,0.0,7.02,311.4,1012.6,17.3,9.1,80,Rain showers,23.66,29.7,16.89,0.0,51.7,7.02,311.4,1012.6,NASA POWER MERRA-2 (primary) + ERA5-normals sim (solar/sunshine/weather-code),6,0,9,15,374,3,0.8021,DENV-3/DENV-4,Watch,DGHS/WHO/PMC anchored estimates (daily distribution),3.7,3.7,0.83,0.0,0.07,74.7,54.2,75.2
2022-03-05,2022,3,5,64,Pre-Monsoon,Dhaka,23.71,90.41,23.99,30.55,17.33,13.2,23.6,14.5,52.6,0.0,6.95,296.2,1011.3,16.3,5.9,51,Light drizzle,23.99,30.55,17.33,0.0,52.61,6.95,296.2,1011.3,NASA POWER MERRA-2 (primary) + ERA5-normals sim (solar/sunshine/weather-code),3,0,11,14,377,3,0.7958,DENV-3/DENV-4,Watch,DGHS/WHO/PMC anchored estimates (daily distribution),3.3,3.6,0.6,0.0,0.0,72.6,53.6,65.5
2022-03-06,2022,3,6,65,Pre-Monsoon,Dhaka,23.71,90.41,23.85,30.99,18.37,12.6,23.6,14.9,55.2,0.0,10.26,4.6,1010.9,19.5,7.9,2,Partly cloudy,23.85,30.99,18.37,0.0,55.15,10.26,4.6,1010.9,NASA POWER MERRA-2 (primary) + ERA5-normals sim (solar/sunshine/weather-code),3,0,13,16,380,3,0.7895,DENV-3/DENV-4,Watch,DGHS/WHO/PMC anchored estimates (daily distribution),3.0,3.6,0.02,2.54,0.0,64.4,73.0,70.4
2022-03-07,2022,3,7,66,Pre-Monsoon,Dhaka,23.71,90.41,23.91,32.57,16.41,16.2,23.9,15.9,60.0,0.0,9.97,339.1,1010.5,22.3,9.3,2,Partly cloudy,23.91,32.57,16.41,0.0,60.02,9.97,339.1,1010.5,NASA POWER MERRA-2 (primary) + ERA5-normals sim (solar/sunshine/weather-code),6,0,14,20,386,3,0.7772,DENV-3/DENV-4,Watch,DGHS/WHO/PMC anchored estimates (daily distribution),3.3,3.8,0.84,1.4,0.0,65.8,68.5,71.6
2022-03-08,2022,3,8,67,Pre-Monsoon,Dhaka,23.71,90.41,24.5,32.15,18.19,14.0,24.3,15.8,56.5,0.0,7.6,303.3,1009.5,20.5,9.9,3,Overcast,24.5,32.15,18.19,0.0,56.53,7.6,303.3,1009.5,NASA POWER MERRA-2 (primary) + ERA5-normals sim (solar/sunshine/weather-code),7,0,18,25,393,3,0.7634,DENV-3/DENV-4,Watch,DGHS/WHO/PMC anchored estimates (daily distribution),4.1,3.9,0.34,1.54,0.0,62.9,65.5,64.0
2022-03-09,2022,3,9,68,Pre-Monsoon,Dhaka,23.71,90.41,25.01,32.59,18.49,14.1,24.8,16.0,54.8,0.0,6.62,307.7,1009.6,24.2,8.0,80,Rain showers,25.01,32.59,18.49,0.0,54.79,6.62,307.7,1009.6,NASA POWER MERRA-2 (primary) + ERA5-normals sim (solar/sunshine/weather-code),4,0,19,23,397,3,0.7557,DENV-3/DENV-4,Watch,DGHS/WHO/PMC anchored estimates (daily distribution),4.4,3.8,0.0,0.02,0.0,60.2,66.6,59.7
2022-03-10,2022,3,10,69,Pre-Monsoon,Dhaka,23.71,90.41,24.56,32.57,17.75,14.8,24.1,14.7,50.9,0.0,7.49,310.6,1009.4,23.0,8.1,1,Mainly clear,24.56,32.57,17.75,0.0,50.93,7.49,310.6,1009.4,NASA POWER MERRA-2 (primary) + ERA5-normals sim (solar/sunshine/weather-code),6,0,20,26,403,3,0.7444,DENV-3/DENV-4,Watch,DGHS/WHO/PMC anchored estimates (daily distribution),5.0,4.0,0.0,0.06,0.0,56.5,75.2,58.9
2022-03-11,2022,3,11,70,Pre-Monsoon,Dhaka,23.71,90.41,24.65,32.15,17.51,14.6,24.2,14.9,51.1,0.0,8.06,310.8,1009.0,19.8,8.0,3,Overcast,24.65,32.15,17.51,0.0,51.11,8.06,310.8,1009.0,NASA POWER MERRA-2 (primary) + ERA5-normals sim (solar/sunshine/weather-code),8,0,23,31,411,3,0.7299,DENV-3/DENV-4,Watch,DGHS/WHO/PMC anchored estimates (daily distribution),5.3,4.5,0.0,0.83,0.0,51.7,74.7,54.2
2022-03-12,2022,3,12,71,Pre-Monsoon,Dhaka,23.71,90.41,24.79,32.3,19.3,13.0,24.2,14.5,48.7,0.0,9.47,327.9,1008.2,18.5,8.6,51,Light drizzle,24.79,32.3,19.3,0.0,48.68,9.47,327.9,1008.2,NASA POWER MERRA-2 (primary) + ERA5-normals sim (solar/sunshine/weather-code),6,0,25,31,417,3,0.7194,DENV-3/DENV-4,Watch,DGHS/WHO/PMC anchored estimates (daily distribution),5.7,4.5,0.0,0.6,0.0,52.6,72.6,53.6
2022-03-13,2022,3,13,72,Pre-Monsoon,Dhaka,23.71,90.41,24.95,32.75,17.96,14.8,24.5,15.3,51.7,0.0,11.2,328.0,1008.7,24.8,7.3,61,Moderate rain,24.95,32.75,17.96,0.0,51.72,11.2,328.0,1008.7,NASA POWER MERRA-2 (primary) + ERA5-normals sim (solar/sunshine/weather-code),5,0,24,29,422,3,0.7109,DENV-3/DENV-4,Watch,DGHS/WHO/PMC anchored estimates (daily distribution),6.0,4.5,0.0,0.02,2.54,55.2,64.4,73.0
2022-03-14,2022,3,14,73,Pre-Monsoon,Dhaka,23.71,90.41,25.75,33.78,18.43,15.4,25.3,16.0,51.2,0.0,10.87,318.5,1007.9,27.2,9.4,61,Moderate rain,25.75,33.78,18.43,0.0,51.22,10.87,318.5,1007.9,NASA POWER MERRA-2 (primary) + ERA5-normals sim (solar/sunshine/weather-code),5,0,25,30,427,3,0.7026,DENV-3/DENV-4,Watch,DGHS/WHO/PMC anchored estimates (daily distribution),5.9,4.6,0.0,0.84,1.4,60.0,65.8,68.5
2022-03-15,2022,3,15,74,Pre-Monsoon,Dhaka,23.71,90.41,26.85,34.35,19.62,14.7,26.2,16.2,46.5,0.0,8.03,302.1,1005.9,19.7,9.1,61,Moderate rain,26.85,34.35,19.62,0.0,46.53,8.03,302.1,1005.9,NASA POWER MERRA-2 (primary) + ERA5-normals sim (solar/sunshine/weather-code),8,0,24,32,435,3,0.6897,DENV-3/DENV-4,Watch,DGHS/WHO/PMC anchored estimates (daily distribution),6.0,5.1,0.0,0.34,1.54,56.5,62.9,65.5
2022-03-16,2022,3,16,75,Pre-Monsoon,Dhaka,23.71,90.41,26.38,34.73,18.83,15.9,25.9,16.3,49.6,0.0,7.38,219.4,1005.3,24.4,7.6,1,Mainly clear,26.38,34.73,18.83,0.0,49.58,7.38,219.4,1005.3,NASA POWER MERRA-2 (primary) + ERA5-normals sim (solar/sunshine/weather-code),6,0,24,30,441,3,0.6803,DENV-3/DENV-4,Watch,DGHS/WHO/PMC anchored estimates (daily distribution),6.3,5.4,0.0,0.0,0.02,54.8,60.2,66.6
2022-03-17,2022,3,17,76,Pre-Monsoon,Dhaka,23.71,90.41,27.79,35.07,19.45,15.6,27.4,18.4,52.9,0.0,4.57,237.7,1006.7,19.3,7.5,2,Partly cloudy,27.79,35.07,19.45,0.0,52.89,4.57,237.7,1006.7,NASA POWER MERRA-2 (primary) + ERA5-normals sim (solar/sunshine/weather-code),3,0,24,27,444,3,0.6757,DENV-3/DENV-4,Watch,DGHS/WHO/PMC anchored estimates (daily distribution),5.9,5.4,0.0,0.0,0.06,50.9,56.5,75.2
2022-03-18,2022,3,18,77,Pre-Monsoon,Dhaka,23.71,90.41,27.76,35.69,19.46,16.2,27.2,17.7,49.8,0.0,7.74,287.3,1006.8,19.5,7.9,3,Overcast,27.76,35.69,19.46,0.0,49.78,7.74,287.3,1006.8,NASA POWER MERRA-2 (primary) + ERA5-normals sim (solar/sunshine/weather-code),5,1,21,27,449,4,0.8909,DENV-3/DENV-4,Watch,DGHS/WHO/PMC anchored estimates (daily distribution),5.4,5.4,0.0,0.0,0.83,51.1,51.7,74.7
2022-03-19,2022,3,19,78,Pre-Monsoon,Dhaka,23.71,90.41,27.64,35.78,19.74,16.0,27.2,17.7,50.2,0.0,8.35,229.6,1005.1,14.4,7.9,3,Overcast,27.64,35.78,19.74,0.0,50.2,8.35,229.6,1005.1,NASA POWER MERRA-2 (primary) + ERA5-normals sim (solar/sunshine/weather-code),3,0,22,25,452,4,0.885,DENV-3/DENV-4,Watch,DGHS/WHO/PMC anchored estimates (daily distribution),5.0,5.4,0.0,0.0,0.6,48.7,52.6,72.6
2022-03-20,2022,3,20,79,Pre-Monsoon,Dhaka,23.71,90.41,26.53,34.63,19.76,14.9,26.4,18.2,58.1,0.0,12.06,193.8,1004.8,22.5,8.3,1,Mainly clear,26.53,34.63,19.76,0.0,58.12,12.06,193.8,1004.8,NASA POWER MERRA-2 (primary) + ERA5-normals sim (solar/sunshine/weather-code),7,0,17,24,459,4,0.8715,DENV-3/DENV-4,Watch,DGHS/WHO/PMC anchored estimates (daily distribution),5.3,5.6,0.0,0.0,0.02,51.7,55.2,64.4
2022-03-21,2022,3,21,80,Pre-Monsoon,Dhaka,23.71,90.41,26.06,34.76,18.49,16.3,26.1,18.3,61.0,0.0,9.94,170.8,1006.3,28.0,7.6,2,Partly cloudy,26.06,34.76,18.49,0.0,61.05,9.94,170.8,1006.3,NASA POWER MERRA-2 (primary) + ERA5-normals sim (solar/sunshine/weather-code),7,0,18,25,466,4,0.8584,DENV-3/DENV-4,Watch,DGHS/WHO/PMC anchored estimates (daily distribution),5.6,5.7,0.0,0.0,0.84,51.2,60.0,65.8
2022-03-22,2022,3,22,81,Pre-Monsoon,Dhaka,23.71,90.41,27.78,35.3,20.95,14.3,28.0,20.6,64.1,0.0,8.68,186.8,1006.3,18.9,6.2,2,Partly cloudy,27.78,35.3,20.95,0.0,64.12,8.68,186.8,1006.3,NASA POWER MERRA-2 (primary) + ERA5-normals sim (solar/sunshine/weather-code),3,0,22,25,469,4,0.8529,DENV-3/DENV-4,Watch,DGHS/WHO/PMC anchored estimates (daily distribution),4.9,5.4,0.0,0.0,0.34,46.5,56.5,62.9
2022-03-23,2022,3,23,82,Pre-Monsoon,Dhaka,23.71,90.41,29.51,37.16,22.39,14.8,29.2,20.2,53.7,0.0,7.27,236.6,1005.7,17.1,5.5,3,Overcast,29.51,37.16,22.39,0.0,53.66,7.27,236.6,1005.7,NASA POWER MERRA-2 (primary) + ERA5-normals sim (solar/sunshine/weather-code),7,0,20,27,476,4,0.8403,DENV-3/DENV-4,Watch,DGHS/WHO/PMC anchored estimates (daily distribution),5.0,5.6,0.0,0.0,0.0,49.6,54.8,60.2
2022-03-24,2022,3,24,83,Pre-Monsoon,Dhaka,23.71,90.41,29.05,36.51,23.36,13.2,29.1,21.1,60.4,0.02,20.3,202.0,1005.0,25.7,7.8,61,Moderate rain,29.05,36.51,23.36,0.02,60.39,20.3,202.0,1005.0,NASA POWER MERRA-2 (primary) + ERA5-normals sim (solar/sunshine/weather-code),6,0,24,30,482,4,0.8299,DENV-3/DENV-4,Watch,DGHS/WHO/PMC anchored estimates (daily distribution),5.4,5.6,0.0,0.0,0.0,52.9,50.9,56.5
2022-03-25,2022,3,25,84,Pre-Monsoon,Dhaka,23.71,90.41,28.51,35.79,23.11,12.7,29.0,22.7,70.8,0.07,21.38,191.6,1005.8,20.7,6.8,80,Rain showers,28.51,35.79,23.11,0.07,70.8,21.38,191.6,1005.8,NASA POWER MERRA-2 (primary) + ERA5-normals sim (solar/sunshine/weather-code),7,0,23,30,489,4,0.818,DENV-3/DENV-4,Watch,DGHS/WHO/PMC anchored estimates (daily distribution),5.7,5.6,0.0,0.0,0.0,49.8,51.1,51.7
2022-03-26,2022,3,26,85,Pre-Monsoon,Dhaka,23.71,90.41,29.08,35.66,24.74,10.9,29.6,23.2,70.4,0.27,19.3,187.4,1007.0,24.3,7.4,2,Partly cloudy,29.08,35.66,24.74,0.27,70.43,19.3,187.4,1007.0,NASA POWER MERRA-2 (primary) + ERA5-normals sim (solar/sunshine/weather-code),6,0,23,29,495,4,0.8081,DENV-3/DENV-4,Watch,DGHS/WHO/PMC anchored estimates (daily distribution),6.1,5.6,0.0,0.0,0.0,50.2,48.7,52.6
2022-03-27,2022,3,27,86,Pre-Monsoon,Dhaka,23.71,90.41,28.56,34.55,23.94,10.6,29.1,22.7,70.8,0.7,13.18,165.4,1009.1,23.4,10.4,2,Partly cloudy,28.56,34.55,23.94,0.7,70.76,13.18,165.4,1009.1,NASA POWER MERRA-2 (primary) + ERA5-normals sim (solar/sunshine/weather-code),8,0,26,34,503,4,0.7952,DENV-3/DENV-4,Watch,DGHS/WHO/PMC anchored estimates (daily distribution),6.3,5.8,0.0,0.0,0.0,58.1,51.7,55.2
2022-03-28,2022,3,28,87,Pre-Monsoon,Dhaka,23.71,90.41,28.39,34.77,23.06,11.7,28.9,22.2,69.3,1.87,10.91,158.8,1007.9,22.0,9.0,3,Overcast,28.39,34.77,23.06,1.87,69.29,10.91,158.8,1007.9,NASA POWER MERRA-2 (primary) + ERA5-normals sim (solar/sunshine/weather-code),5,0,27,32,508,4,0.7874,DENV-3/DENV-4,Watch,DGHS/WHO/PMC anchored estimates (daily distribution),6.0,5.8,0.0,0.0,0.0,61.0,51.2,60.0
2022-03-29,2022,3,29,88,Pre-Monsoon,Dhaka,23.71,90.41,28.16,34.3,23.85,10.4,28.8,22.6,72.1,4.28,16.06,161.7,1006.7,18.2,6.4,3,Overcast,28.16,34.3,23.85,4.28,72.11,16.06,161.7,1006.7,NASA POWER MERRA-2 (primary) + ERA5-normals sim (solar/sunshine/weather-code),8,0,26,34,516,4,0.7752,DENV-3/DENV-4,Watch,DGHS/WHO/PMC anchored estimates (daily distribution),6.7,5.8,0.0,0.0,0.0,64.1,46.5,56.5
2022-03-30,2022,3,30,89,Pre-Monsoon,Dhaka,23.71,90.41,28.46,34.48,23.66,10.8,29.1,22.8,71.9,3.42,13.57,159.9,1007.2,22.2,7.7,1,Mainly clear,28.46,34.48,23.66,3.42,71.88,13.57,159.9,1007.2,NASA POWER MERRA-2 (primary) + ERA5-normals sim (solar/sunshine/weather-code),6,0,27,33,522,4,0.7663,DENV-3/DENV-4,Watch,DGHS/WHO/PMC anchored estimates (daily distribution),6.6,5.8,0.0,0.0,0.0,53.7,49.6,54.8
2022-03-31,2022,3,31,90,Pre-Monsoon,Dhaka,23.71,90.41,29.43,35.94,24.42,11.5,29.9,23.2,69.1,0.49,17.64,179.5,1007.4,23.1,6.0,1,Mainly clear,29.43,35.94,24.42,0.49,69.09,17.64,179.5,1007.4,NASA POWER MERRA-2 (primary) + ERA5-normals sim (solar/sunshine/weather-code),3,0,27,30,525,4,0.7619,DENV-3/DENV-4,Watch,DGHS/WHO/PMC anchored estimates (daily distribution),6.1,5.8,0.02,0.0,0.0,60.4,52.9,50.9
2022-04-01,2022,4,1,91,Pre-Monsoon,Dhaka,23.71,90.41,29.67,36.19,24.36,11.8,30.1,23.4,68.7,0.18,19.98,181.3,1007.4,18.6,6.3,61,Moderate rain,29.67,36.19,24.36,0.18,68.73,19.98,181.3,1007.4,NASA POWER MERRA-2 (primary) + ERA5-normals sim (solar/sunshine/weather-code),1,0,22,23,526,4,0.7605,DENV-3/DENV-4,Watch,DGHS/WHO/PMC anchored estimates (daily distribution),5.3,5.5,0.07,0.0,0.0,70.8,49.8,51.1
2022-04-02,2022,4,2,92,Pre-Monsoon,Dhaka,23.71,90.41,29.34,35.34,24.8,10.5,29.8,23.1,68.8,0.16,14.69,169.6,1009.3,15.1,9.4,2,Partly cloudy,29.34,35.34,24.8,0.16,68.82,14.69,169.6,1009.3,NASA POWER MERRA-2 (primary) + ERA5-normals sim (solar/sunshine/weather-code),3,1,17,21,529,5,0.9452,DENV-3/DENV-4,Watch,DGHS/WHO/PMC anchored estimates (daily distribution),4.9,5.5,0.27,0.0,0.0,70.4,50.2,48.7
2022-04-03,2022,4,3,93,Pre-Monsoon,Dhaka,23.71,90.41,29.07,35.54,23.69,11.8,29.5,22.6,67.8,0.05,18.47,186.6,1008.9,27.1,6.2,51,Light drizzle,29.07,35.54,23.69,0.05,67.78,18.47,186.6,1008.9,NASA POWER MERRA-2 (primary) + ERA5-normals sim (solar/sunshine/weather-code),3,1,12,16,532,6,1.1278,DENV-3/DENV-4,Watch,DGHS/WHO/PMC anchored estimates (daily distribution),4.1,5.2,0.7,0.0,0.0,70.8,58.1,51.7
2022-04-04,2022,4,4,94,Pre-Monsoon,Dhaka,23.71,90.41,29.6,36.74,24.71,12.0,29.8,22.5,64.6,0.14,24.55,189.7,1009.0,10.6,2.1,61,Moderate rain,29.6,36.74,24.71,0.14,64.65,24.55,189.7,1009.0,NASA POWER MERRA-2 (primary) + ERA5-normals sim (solar/sunshine/weather-code),2,0,10,12,534,6,1.1236,DENV-3/DENV-4,Watch,DGHS/WHO/PMC anchored estimates (daily distribution),3.7,4.9,1.87,0.0,0.0,69.3,61.0,51.2
2022-04-05,2022,4,5,95,Pre-Monsoon,Dhaka,23.71,90.41,29.54,36.62,23.91,12.7,29.8,22.6,65.3,0.34,18.11,191.0,1010.7,10.6,2.8,61,Moderate rain,29.54,36.62,23.91,0.34,65.33,18.11,191.0,1010.7,NASA POWER MERRA-2 (primary) + ERA5-normals sim (solar/sunshine/weather-code),2,0,9,11,536,6,1.1194,DENV-3/DENV-4,Watch,DGHS/WHO/PMC anchored estimates (daily distribution),2.9,4.8,4.28,0.0,0.0,72.1,64.1,46.5
2022-04-06,2022,4,6,96,Pre-Monsoon,Dhaka,23.71,90.41,29.37,36.16,23.65,12.5,29.8,23.1,68.4,2.32,14.87,177.0,1010.8,14.7,4.2,80,Rain showers,29.37,36.16,23.65,2.32,68.4,14.87,177.0,1010.8,NASA POWER MERRA-2 (primary) + ERA5-normals sim (solar/sunshine/weather-code),4,1,9,14,540,7,1.2963,DENV-3/DENV-4,Watch,DGHS/WHO/PMC anchored estimates (daily distribution),2.6,4.6,3.42,0.0,0.0,71.9,53.7,49.6
2022-04-07,2022,4,7,97,Pre-Monsoon,Dhaka,23.71,90.41,30.39,37.69,23.92,13.8,30.4,22.4,59.9,0.0,10.3,185.8,1009.8,16.6,7.0,3,Overcast,30.39,37.69,23.92,0.0,59.89,10.3,185.8,1009.8,NASA POWER MERRA-2 (primary) + ERA5-normals sim (solar/sunshine/weather-code),3,0,11,14,543,7,1.2891,DENV-3/DENV-4,Watch,DGHS/WHO/PMC anchored estimates (daily distribution),2.6,4.4,0.49,0.02,0.0,69.1,60.4,52.9
2022-04-08,2022,4,8,98,Pre-Monsoon,Dhaka,23.71,90.41,30.16,37.57,22.98,14.6,29.8,20.7,52.8,0.0,12.96,197.4,1007.9,21.0,5.4,80,Rain showers,30.16,37.57,22.98,0.0,52.75,12.96,197.4,1007.9,NASA POWER MERRA-2 (primary) + ERA5-normals sim (solar/sunshine/weather-code),22,0,11,33,565,7,1.2389,DENV-3/DENV-4,Moderate,DGHS/WHO/PMC anchored estimates (daily distribution),5.6,5.4,0.18,0.07,0.0,68.7,70.8,49.8
2022-04-09,2022,4,9,99,Pre-Monsoon,Dhaka,23.71,90.41,30.18,37.24,23.82,13.4,30.3,22.7,62.7,0.03,15.91,174.8,1006.8,18.7,6.4,3,Overcast,30.18,37.24,23.82,0.03,62.72,15.91,174.8,1006.8,NASA POWER MERRA-2 (primary) + ERA5-normals sim (solar/sunshine/weather-code),11,0,31,42,576,7,1.2153,DENV-3/DENV-4,Watch,DGHS/WHO/PMC anchored estimates (daily distribution),6.7,5.8,0.16,0.27,0.0,68.8,70.4,50.2
2022-04-10,2022,4,10,100,Pre-Monsoon,Dhaka,23.71,90.41,30.45,37.59,24.13,13.5,30.6,23.0,62.6,1.0,15.41,173.9,1006.1,21.5,4.6,51,Light drizzle,30.45,37.59,24.13,1.0,62.58,15.41,173.9,1006.1,NASA POWER MERRA-2 (primary) + ERA5-normals sim (solar/sunshine/weather-code),13,0,40,53,589,7,1.1885,DENV-3/DENV-4,Watch,DGHS/WHO/PMC anchored estimates (daily distribution),8.1,6.1,0.05,0.7,0.0,67.8,70.8,58.1
2022-04-11,2022,4,11,101,Pre-Monsoon,Dhaka,23.71,90.41,31.01,38.32,25.19,13.1,31.2,23.8,64.2,0.78,17.71,185.1,1004.5,18.5,7.2,61,Moderate rain,31.01,38.32,25.19,0.78,64.2,17.71,185.1,1004.5,NASA POWER MERRA-2 (primary) + ERA5-normals sim (solar/sunshine/weather-code),20,0,49,69,609,7,1.1494,DENV-3/DENV-4,Moderate,DGHS/WHO/PMC anchored estimates (daily distribution),10.7,7.2,0.14,1.87,0.0,64.6,69.3,61.0
2022-04-12,2022,4,12,102,Pre-Monsoon,Dhaka,23.71,90.41,30.97,37.63,25.56,12.1,31.2,23.8,63.9,0.51,13.97,177.1,1005.0,20.8,6.7,2,Partly cloudy,30.97,37.63,25.56,0.51,63.9,13.97,177.1,1005.0,NASA POWER MERRA-2 (primary) + ERA5-normals sim (solar/sunshine/weather-code),11,0,66,77,620,7,1.129,DENV-3/DENV-4,Watch,DGHS/WHO/PMC anchored estimates (daily distribution),12.0,7.4,0.34,4.28,0.0,65.3,72.1,64.1
2022-04-13,2022,4,13,103,Pre-Monsoon,Dhaka,23.71,90.41,31.26,38.48,25.5,13.0,31.4,23.7,62.0,0.23,19.44,188.1,1003.8,17.2,6.5,3,Overcast,31.26,38.48,25.5,0.23,61.95,19.44,188.1,1003.8,NASA POWER MERRA-2 (primary) + ERA5-normals sim (solar/sunshine/weather-code),6,0,55,61,626,7,1.1182,DENV-3/DENV-4,Watch,DGHS/WHO/PMC anchored estimates (daily distribution),12.3,7.4,2.32,3.42,0.0,68.4,71.9,53.7
2022-04-14,2022,4,14,104,Pre-Monsoon,Dhaka,23.71,90.41,30.95,38.56,25.71,12.8,31.2,23.8,64.1,0.11,22.36,183.5,1002.4,18.7,5.7,1,Mainly clear,30.95,38.56,25.71,0.11,64.14,22.36,183.5,1002.4,NASA POWER MERRA-2 (primary) + ERA5-normals sim (solar/sunshine/weather-code),5,0,50,55,631,7,1.1094,DENV-3/DENV-4,Watch,DGHS/WHO/PMC anchored estimates (daily distribution),12.6,7.6,0.0,0.49,0.02,59.9,69.1,60.4
2022-04-15,2022,4,15,105,Pre-Monsoon,Dhaka,23.71,90.41,31.74,40.07,26.46,13.6,31.8,24.1,62.0,0.06,24.7,183.8,1002.1,9.8,3.1,80,Rain showers,31.74,40.07,26.46,0.06,61.99,24.7,183.8,1002.1,NASA POWER MERRA-2 (primary) + ERA5-normals sim (solar/sunshine/weather-code),6,0,42,48,637,7,1.0989,DENV-3/DENV-4,Watch,DGHS/WHO/PMC anchored estimates (daily distribution),10.3,7.9,0.0,0.18,0.07,52.8,68.7,70.8
2022-04-16,2022,4,16,106,Pre-Monsoon,Dhaka,23.71,90.41,30.72,36.93,25.78,11.1,31.1,24.2,67.3,0.12,22.82,175.2,1002.8,20.7,7.0,51,Light drizzle,30.72,36.93,25.78,0.12,67.28,22.82,175.2,1002.8,NASA POWER MERRA-2 (primary) + ERA5-normals sim (solar/sunshine/weather-code),5,0,28,33,642,7,1.0903,DENV-3/DENV-4,Watch,DGHS/WHO/PMC anchored estimates (daily distribution),9.4,8.1,0.03,0.16,0.27,62.7,68.8,70.4
2022-04-17,2022,4,17,107,Pre-Monsoon,Dhaka,23.71,90.41,30.77,36.97,25.99,11.0,31.0,23.6,64.0,0.39,21.2,165.5,1004.0,17.8,5.1,51,Light drizzle,30.77,36.97,25.99,0.39,63.99,21.2,165.5,1004.0,NASA POWER MERRA-2 (primary) + ERA5-normals sim (solar/sunshine/weather-code),3,0,22,25,645,7,1.0853,DENV-3/DENV-4,Watch,DGHS/WHO/PMC anchored estimates (daily distribution),8.0,8.1,1.0,0.05,0.7,62.6,67.8,70.8
2022-04-18,2022,4,18,108,Pre-Monsoon,Dhaka,23.71,90.41,31.03,38.14,25.23,12.9,31.2,23.8,63.8,0.33,16.67,157.0,1005.9,19.1,9.0,61,Moderate rain,31.03,38.14,25.23,0.33,63.85,16.67,157.0,1005.9,NASA POWER MERRA-2 (primary) + ERA5-normals sim (solar/sunshine/weather-code),7,0,19,26,652,7,1.0736,DENV-3/DENV-4,Watch,DGHS/WHO/PMC anchored estimates (daily distribution),6.1,8.4,0.78,0.14,1.87,64.2,64.6,69.3
2022-04-19,2022,4,19,109,Pre-Monsoon,Dhaka,23.71,90.41,30.99,37.61,25.52,12.1,31.2,23.8,64.1,3.97,17.21,170.8,1007.1,17.3,5.6,61,Moderate rain,30.99,37.61,25.52,3.97,64.14,17.21,170.8,1007.1,NASA POWER MERRA-2 (primary) + ERA5-normals sim (solar/sunshine/weather-code),6,0,21,27,658,7,1.0638,DENV-3/DENV-4,Watch,DGHS/WHO/PMC anchored estimates (daily distribution),5.4,8.7,0.51,0.34,4.28,63.9,65.3,72.1
2022-04-20,2022,4,20,110,Pre-Monsoon,Dhaka,23.71,90.41,28.59,33.92,25.19,8.7,29.3,23.4,73.9,16.16,12.74,154.4,1007.4,17.2,5.8,61,Moderate rain,28.59,33.92,25.19,16.16,73.89,12.74,154.4,1007.4,NASA POWER MERRA-2 (primary) + ERA5-normals sim (solar/sunshine/weather-code),24,0,21,45,682,7,1.0264,DENV-3/DENV-4,Moderate,DGHS/WHO/PMC anchored estimates (daily distribution),8.0,10.1,0.23,2.32,3.42,62.0,68.4,71.9
2022-04-21,2022,4,21,111,Pre-Monsoon,Dhaka,23.71,90.41,28.27,33.38,23.6,9.8,28.9,22.7,72.0,9.37,9.04,145.8,1007.4,15.8,8.8,1,Mainly clear,28.27,33.38,23.6,9.37,72.01,9.04,145.8,1007.4,NASA POWER MERRA-2 (primary) + ERA5-normals sim (solar/sunshine/weather-code),18,0,40,58,700,7,1.0,DENV-3/DENV-4,Watch,DGHS/WHO/PMC anchored estimates (daily distribution),9.9,11.2,0.11,0.0,0.49,64.1,59.9,69.1
2022-04-22,2022,4,22,112,Pre-Monsoon,Dhaka,23.71,90.41,29.65,35.86,25.21,10.6,30.1,23.6,69.6,7.28,14.44,172.2,1006.9,16.0,5.1,51,Light drizzle,29.65,35.86,25.21,7.28,69.62,14.44,172.2,1006.9,NASA POWER MERRA-2 (primary) + ERA5-normals sim (solar/sunshine/weather-code),10,0,55,65,710,7,0.9859,DENV-3/DENV-4,Watch,DGHS/WHO/PMC anchored estimates (daily distribution),10.4,10.4,0.06,0.0,0.18,62.0,52.8,68.7
2022-04-23,2022,4,23,113,Pre-Monsoon,Dhaka,23.71,90.41,29.52,36.01,25.18,10.8,30.3,24.7,75.7,25.49,13.97,179.8,1005.9,21.2,6.1,61,Moderate rain,29.52,36.01,25.18,25.49,75.66,13.97,179.8,1005.9,NASA POWER MERRA-2 (primary) + ERA5-normals sim (solar/sunshine/weather-code),11,0,58,69,721,7,0.9709,DENV-3/DENV-4,Watch,DGHS/WHO/PMC anchored estimates (daily distribution),11.3,10.4,0.12,0.03,0.16,67.3,62.7,68.8
2022-04-24,2022,4,24,114,Pre-Monsoon,Dhaka,23.71,90.41,30.38,37.66,25.31,12.3,30.9,24.6,71.3,10.25,17.14,184.3,1004.0,20.5,8.0,61,Moderate rain,30.38,37.66,25.31,10.25,71.3,17.14,184.3,1004.0,NASA POWER MERRA-2 (primary) + ERA5-normals sim (solar/sunshine/weather-code),9,0,63,72,730,7,0.9589,DENV-3/DENV-4,Watch,DGHS/WHO/PMC anchored estimates (daily distribution),12.1,10.1,0.39,1.0,0.05,64.0,62.6,67.8
2022-04-25,2022,4,25,115,Pre-Monsoon,Dhaka,23.71,90.41,31.13,38.13,25.28,12.8,31.6,24.8,68.4,0.07,16.27,177.6,1003.9,19.6,5.7,1,Mainly clear,31.13,38.13,25.28,0.07,68.38,16.27,177.6,1003.9,NASA POWER MERRA-2 (primary) + ERA5-normals sim (solar/sunshine/weather-code),14,0,48,62,744,7,0.9409,DENV-3/DENV-4,Watch,DGHS/WHO/PMC anchored estimates (daily distribution),13.1,9.6,0.33,0.78,0.14,63.8,64.2,64.6
2022-04-26,2022,4,26,116,Pre-Monsoon,Dhaka,23.71,90.41,31.17,38.1,26.1,12.0,31.6,25.0,68.9,1.88,17.06,172.2,1004.4,26.9,8.1,80,Rain showers,31.17,38.1,26.1,1.88,68.91,17.06,172.2,1004.4,NASA POWER MERRA-2 (primary) + ERA5-normals sim (solar/sunshine/weather-code),6,0,44,50,750,7,0.9333,DENV-3/DENV-4,Watch,DGHS/WHO/PMC anchored estimates (daily distribution),13.1,9.3,3.97,0.51,0.34,64.1,63.9,65.3
2022-04-27,2022,4,27,117,Pre-Monsoon,Dhaka,23.71,90.41,30.81,37.15,26.17,11.0,31.3,24.9,70.4,4.39,18.07,167.2,1004.5,21.8,7.5,3,Overcast,30.81,37.15,26.17,4.39,70.39,18.07,167.2,1004.5,NASA POWER MERRA-2 (primary) + ERA5-normals sim (solar/sunshine/weather-code),3,0,40,43,753,7,0.9296,DENV-3/DENV-4,Watch,DGHS/WHO/PMC anchored estimates (daily distribution),10.1,9.1,16.16,0.23,2.32,73.9,62.0,68.4
2022-04-28,2022,4,28,118,Pre-Monsoon,Dhaka,23.71,90.41,31.72,38.94,25.91,13.0,32.0,24.9,65.7,0.11,11.16,166.2,1005.2,19.9,7.0,61,Moderate rain,31.72,38.94,25.91,0.11,65.69,11.16,166.2,1005.2,NASA POWER MERRA-2 (primary) + ERA5-normals sim (solar/sunshine/weather-code),3,0,32,35,756,7,0.9259,DENV-3/DENV-4,Watch,DGHS/WHO/PMC anchored estimates (daily distribution),8.0,8.9,9.37,0.11,0.0,72.0,64.1,59.9
2022-04-29,2022,4,29,119,Pre-Monsoon,Dhaka,23.71,90.41,32.07,39.28,25.61,13.7,32.2,24.7,63.0,0.24,12.06,175.6,1004.6,18.7,7.5,51,Light drizzle,32.07,39.28,25.61,0.24,62.96,12.06,175.6,1004.6,NASA POWER MERRA-2 (primary) + ERA5-normals sim (solar/sunshine/weather-code),5,0,26,31,761,7,0.9198,DENV-3/DENV-4,Watch,DGHS/WHO/PMC anchored estimates (daily distribution),7.3,8.9,7.28,0.06,0.0,69.6,62.0,52.8
2022-04-30,2022,4,30,120,Pre-Monsoon,Dhaka,23.71,90.41,31.14,37.46,26.33,11.1,31.4,24.1,64.8,2.34,14.94,151.4,1004.5,22.3,5.5,61,Moderate rain,31.14,37.46,26.33,2.34,64.77,14.94,151.4,1004.5,NASA POWER MERRA-2 (primary) + ERA5-normals sim (solar/sunshine/weather-code),4,0,17,21,765,7,0.915,DENV-3/DENV-4,Watch,DGHS/WHO/PMC anchored estimates (daily distribution),6.3,8.8,25.49,0.12,0.03,75.7,67.3,62.7
2022-05-01,2022,5,1,121,Pre-Monsoon,Dhaka,23.71,90.41,31.37,38.27,25.17,13.1,31.3,23.2,59.0,0.48,9.76,177.5,1003.6,15.9,6.2,61,Moderate rain,31.37,38.27,25.17,0.48,59.0,9.76,177.5,1003.6,NASA POWER MERRA-2 (primary) + ERA5-normals sim (solar/sunshine/weather-code),6,0,15,21,771,7,0.9079,DENV-3/DENV-4,Watch,DGHS/WHO/PMC anchored estimates (daily distribution),5.9,9.0,10.25,0.39,1.0,71.3,64.0,62.6
2022-05-02,2022,5,2,122,Pre-Monsoon,Dhaka,23.71,90.41,30.94,37.59,26.01,11.6,31.0,23.1,61.0,3.21,12.67,184.4,1004.2,21.8,5.6,2,Partly cloudy,30.94,37.59,26.01,3.21,60.98,12.67,184.4,1004.2,NASA POWER MERRA-2 (primary) + ERA5-normals sim (solar/sunshine/weather-code),18,0,18,36,789,7,0.8872,DENV-3/DENV-4,Watch,DGHS/WHO/PMC anchored estimates (daily distribution),6.4,9.8,0.07,0.33,0.78,68.4,63.8,64.2
2022-05-03,2022,5,3,123,Pre-Monsoon,Dhaka,23.71,90.41,29.31,34.97,25.48,9.5,29.8,23.5,70.8,12.02,13.28,172.9,1005.7,8.7,2.8,80,Rain showers,29.31,34.97,25.48,12.02,70.75,13.28,172.9,1005.7,NASA POWER MERRA-2 (primary) + ERA5-normals sim (solar/sunshine/weather-code),18,0,33,51,807,7,0.8674,DENV-3/DENV-4,Watch,DGHS/WHO/PMC anchored estimates (daily distribution),8.1,10.6,1.88,3.97,0.51,68.9,64.1,63.9
2022-05-04,2022,5,4,124,Pre-Monsoon,Dhaka,23.71,90.41,28.2,32.45,24.35,8.1,29.0,23.4,76.2,15.73,8.06,167.1,1007.1,19.4,7.4,51,Light drizzle,28.2,32.45,24.35,15.73,76.2,8.06,167.1,1007.1,NASA POWER MERRA-2 (primary) + ERA5-normals sim (solar/sunshine/weather-code),12,0,46,58,819,7,0.8547,DENV-3/DENV-4,Watch,DGHS/WHO/PMC anchored estimates (daily distribution),9.4,9.8,4.39,16.16,0.23,70.4,73.9,62.0
2022-05-05,2022,5,5,125,Pre-Monsoon,Dhaka,23.71,90.41,29.04,33.43,25.62,7.8,29.6,23.4,71.7,6.75,8.89,184.2,1005.7,12.6,5.4,2,Partly cloudy,29.04,33.43,25.62,6.75,71.74,8.89,184.2,1005.7,NASA POWER MERRA-2 (primary) + ERA5-normals sim (solar/sunshine/weather-code),18,0,54,72,837,7,0.8363,DENV-3/DENV-4,Watch,DGHS/WHO/PMC anchored estimates (daily distribution),11.6,9.8,0.11,9.37,0.11,65.7,72.0,64.1
2022-05-06,2022,5,6,126,Pre-Monsoon,Dhaka,23.71,90.41,29.35,34.52,24.55,10.0,29.9,23.6,71.0,11.72,7.31,172.9,1005.3,13.6,3.7,80,Rain showers,29.35,34.52,24.55,11.72,71.02,7.31,172.9,1005.3,NASA POWER MERRA-2 (primary) + ERA5-normals sim (solar/sunshine/weather-code),17,0,66,83,854,7,0.8197,DENV-3/DENV-4,Watch,DGHS/WHO/PMC anchored estimates (daily distribution),13.3,10.3,0.24,7.28,0.06,63.0,69.6,62.0
2022-05-07,2022,5,7,127,Pre-Monsoon,Dhaka,23.71,90.41,30.48,35.91,25.3,10.6,30.7,23.3,64.1,2.61,5.47,198.4,1004.8,16.2,6.0,2,Partly cloudy,30.48,35.91,25.3,2.61,64.14,5.47,198.4,1004.8,NASA POWER MERRA-2 (primary) + ERA5-normals sim (solar/sunshine/weather-code),26,0,65,91,880,7,0.7955,DENV-3/DENV-4,Moderate,DGHS/WHO/PMC anchored estimates (daily distribution),16.4,11.4,2.34,25.49,0.12,64.8,75.7,67.3
2022-05-08,2022,5,8,128,Pre-Monsoon,Dhaka,23.71,90.41,30.47,36.6,25.19,11.4,30.7,23.3,64.0,2.49,9.54,181.0,1004.4,16.6,7.2,51,Light drizzle,30.47,36.6,25.19,2.49,63.96,9.54,181.0,1004.4,NASA POWER MERRA-2 (primary) + ERA5-normals sim (solar/sunshine/weather-code),19,0,73,92,899,7,0.7786,DENV-3/DENV-4,Watch,DGHS/WHO/PMC anchored estimates (daily distribution),18.3,12.1,0.48,10.25,0.39,59.0,71.3,64.0
2022-05-09,2022,5,9,129,Pre-Monsoon,Dhaka,23.71,90.41,28.9,33.2,25.79,7.4,29.7,24.0,75.3,10.41,14.08,165.8,1005.7,20.2,5.8,80,Rain showers,28.9,33.2,25.79,10.41,75.29,14.08,165.8,1005.7,NASA POWER MERRA-2 (primary) + ERA5-normals sim (solar/sunshine/weather-code),14,0,80,94,913,7,0.7667,DENV-3/DENV-4,Watch,DGHS/WHO/PMC anchored estimates (daily distribution),17.7,12.1,3.21,0.07,0.33,61.0,68.4,63.8
2022-05-10,2022,5,10,130,Pre-Monsoon,Dhaka,23.71,90.41,27.95,31.81,25.27,6.5,29.1,24.5,82.9,16.37,14.08,172.1,1005.6,14.9,5.6,2,Partly cloudy,27.95,31.81,25.27,16.37,82.9,14.08,172.1,1005.6,NASA POWER MERRA-2 (primary) + ERA5-normals sim (solar/sunshine/weather-code),13,0,76,89,926,7,0.7559,DENV-3/DENV-4,Watch,DGHS/WHO/PMC anchored estimates (daily distribution),17.0,12.6,12.02,1.88,3.97,70.8,68.9,64.1
2022-05-11,2022,5,11,131,Pre-Monsoon,Dhaka,23.71,90.41,28.63,32.58,25.78,6.8,29.8,25.4,84.1,31.95,17.57,184.1,1004.4,21.6,6.3,2,Partly cloudy,28.63,32.58,25.78,31.95,84.07,17.57,184.1,1004.4,NASA POWER MERRA-2 (primary) + ERA5-normals sim (solar/sunshine/weather-code),14,0,72,86,940,7,0.7447,DENV-3/DENV-4,Watch,DGHS/WHO/PMC anchored estimates (daily distribution),17.3,13.4,15.73,4.39,16.16,76.2,70.4,73.9
2022-05-12,2022,5,12,132,Pre-Monsoon,Dhaka,23.71,90.41,29.44,33.58,26.51,7.1,30.5,25.7,81.5,13.84,18.58,196.0,1003.4,14.1,4.4,1,Mainly clear,29.44,33.58,26.51,13.84,81.49,18.58,196.0,1003.4,NASA POWER MERRA-2 (primary) + ERA5-normals sim (solar/sunshine/weather-code),10,0,60,70,950,7,0.7368,DENV-3/DENV-4,Watch,DGHS/WHO/PMC anchored estimates (daily distribution),16.1,13.9,6.75,0.11,9.37,71.7,65.7,72.0
2022-05-13,2022,5,13,133,Pre-Monsoon,Dhaka,23.71,90.41,29.09,32.96,26.44,6.5,30.3,26.0,84.4,30.95,22.07,194.4,1001.0,9.2,1.8,61,Moderate rain,29.09,32.96,26.44,30.95,84.36,22.07,194.4,1001.0,NASA POWER MERRA-2 (primary) + ERA5-normals sim (solar/sunshine/weather-code),12,0,51,63,962,7,0.7277,DENV-3/DENV-4,Watch,DGHS/WHO/PMC anchored estimates (daily distribution),15.4,14.4,11.72,0.24,7.28,71.0,63.0,69.6
2022-05-14,2022,5,14,134,Pre-Monsoon,Dhaka,23.71,90.41,29.69,34.56,26.44,8.1,30.8,26.2,82.5,9.73,22.75,189.4,1001.3,21.6,7.7,1,Mainly clear,29.69,34.56,26.44,9.73,82.46,22.75,189.4,1001.3,NASA POWER MERRA-2 (primary) + ERA5-normals sim (solar/sunshine/weather-code),12,0,49,61,974,7,0.7187,DENV-3/DENV-4,Watch,DGHS/WHO/PMC anchored estimates (daily distribution),13.4,14.9,2.61,2.34,25.49,64.1,64.8,75.7
2022-05-15,2022,5,15,135,Pre-Monsoon,Dhaka,23.71,90.41,29.85,33.82,27.15,6.7,30.9,26.2,81.9,0.58,20.84,191.0,1003.6,14.8,7.2,61,Moderate rain,29.85,33.82,27.15,0.58,81.94,20.84,191.0,1003.6,NASA POWER MERRA-2 (primary) + ERA5-normals sim (solar/sunshine/weather-code),14,0,48,62,988,7,0.7085,DENV-3/DENV-4,Watch,DGHS/WHO/PMC anchored estimates (daily distribution),12.7,15.5,2.49,0.48,10.25,64.0,59.0,71.3
2022-05-16,2022,5,16,136,Pre-Monsoon,Dhaka,23.71,90.41,29.13,32.13,27.16,5.0,30.4,26.2,85.5,0.95,18.07,176.6,1003.3,9.7,2.3,95,Thunderstorm,29.13,32.13,27.16,0.95,85.46,18.07,176.6,1003.3,NASA POWER MERRA-2 (primary) + ERA5-normals sim (solar/sunshine/weather-code),37,0,48,85,1025,7,0.6829,DENV-3/DENV-4,Moderate,DGHS/WHO/PMC anchored estimates (daily distribution),16.0,16.9,10.41,3.21,0.07,75.3,61.0,68.4
2022-05-17,2022,5,17,137,Pre-Monsoon,Dhaka,23.71,90.41,28.64,31.27,26.94,4.3,30.0,26.1,87.4,5.08,19.08,183.1,1002.7,16.5,7.7,80,Rain showers,28.64,31.27,26.94,5.08,87.38,19.08,183.1,1002.7,NASA POWER MERRA-2 (primary) + ERA5-normals sim (solar/sunshine/weather-code),23,1,74,98,1048,8,0.7634,DENV-3/DENV-4,Moderate,DGHS/WHO/PMC anchored estimates (daily distribution),17.4,17.2,16.37,12.02,1.88,82.9,70.8,68.9
2022-05-18,2022,5,18,138,Pre-Monsoon,Dhaka,23.71,90.41,28.01,30.85,26.57,4.3,29.2,24.9,84.5,4.74,18.36,177.7,1004.3,14.5,5.5,51,Light drizzle,28.01,30.85,26.57,4.74,84.54,18.36,177.7,1004.3,NASA POWER MERRA-2 (primary) + ERA5-normals sim (solar/sunshine/weather-code),31,0,86,117,1079,8,0.7414,DENV-3/DENV-4,Moderate,DGHS/WHO/PMC anchored estimates (daily distribution),19.9,18.6,31.95,15.73,4.39,84.1,76.2,70.4
2022-05-19,2022,5,19,139,Pre-Monsoon,Dhaka,23.71,90.41,29.56,33.84,26.96,6.9,30.7,26.2,83.0,10.7,16.85,180.0,1003.9,16.6,5.7,3,Overcast,29.56,33.84,26.96,10.7,83.01,16.85,180.0,1003.9,NASA POWER MERRA-2 (primary) + ERA5-normals sim (solar/sunshine/weather-code),23,0,105,128,1102,8,0.726,DENV-3/DENV-4,Moderate,DGHS/WHO/PMC anchored estimates (daily distribution),21.7,18.9,13.84,6.75,0.11,81.5,71.7,65.7
2022-05-20,2022,5,20,140,Pre-Monsoon,Dhaka,23.71,90.41,28.95,32.57,26.69,5.9,30.2,25.9,84.6,26.55,15.73,165.1,1002.4,16.0,6.6,1,Mainly clear,28.95,32.57,26.69,26.55,84.6,15.73,165.1,1002.4,NASA POWER MERRA-2 (primary) + ERA5-normals sim (solar/sunshine/weather-code),17,0,114,131,1119,8,0.7149,DENV-3/DENV-4,Watch,DGHS/WHO/PMC anchored estimates (daily distribution),22.4,18.9,30.95,11.72,0.24,84.4,71.0,63.0
2022-05-21,2022,5,21,141,Pre-Monsoon,Dhaka,23.71,90.41,28.06,30.38,26.18,4.2,29.6,26.3,91.3,61.63,15.26,166.5,999.1,15.9,6.7,1,Mainly clear,28.06,30.38,26.18,61.63,91.29,15.26,166.5,999.1,NASA POWER MERRA-2 (primary) + ERA5-normals sim (solar/sunshine/weather-code),11,0,94,105,1130,8,0.708,DENV-3/DENV-4,Watch,DGHS/WHO/PMC anchored estimates (daily distribution),22.3,17.9,9.73,2.61,2.34,82.5,64.1,64.8
2022-05-22,2022,5,22,142,Pre-Monsoon,Dhaka,23.71,90.41,28.61,32.27,25.31,7.0,29.8,25.2,82.8,10.22,7.31,203.2,998.4,14.4,7.8,61,Moderate rain,28.61,32.27,25.31,10.22,82.76,7.31,203.2,998.4,NASA POWER MERRA-2 (primary) + ERA5-normals sim (solar/sunshine/weather-code),10,0,82,92,1140,8,0.7018,DENV-3/DENV-4,Watch,DGHS/WHO/PMC anchored estimates (daily distribution),21.7,17.2,0.58,2.49,0.48,81.9,64.0,59.0
2022-05-23,2022,5,23,143,Pre-Monsoon,Dhaka,23.71,90.41,28.64,32.59,25.51,7.1,29.8,25.1,82.2,9.3,9.14,171.4,999.5,16.8,6.3,61,Moderate rain,28.64,32.59,25.51,9.3,82.24,9.14,171.4,999.5,NASA POWER MERRA-2 (primary) + ERA5-normals sim (solar/sunshine/weather-code),12,0,61,73,1152,8,0.6944,DENV-3/DENV-4,Watch,DGHS/WHO/PMC anchored estimates (daily distribution),18.1,17.1,0.95,10.41,3.21,85.5,75.3,61.0
2022-05-24,2022,5,24,144,Pre-Monsoon,Dhaka,23.71,90.41,29.2,33.5,24.66,8.8,30.1,24.9,78.4,3.25,5.87,154.4,1002.5,13.8,5.1,3,Overcast,29.2,33.5,24.66,3.25,78.38,5.87,154.4,1002.5,NASA POWER MERRA-2 (primary) + ERA5-normals sim (solar/sunshine/weather-code),8,0,50,58,1160,8,0.6897,DENV-3/DENV-4,Watch,DGHS/WHO/PMC anchored estimates (daily distribution),16.0,16.7,5.08,16.37,12.02,87.4,82.9,70.8
2022-05-25,2022,5,25,145,Pre-Monsoon,Dhaka,23.71,90.41,28.91,31.92,26.22,5.7,30.0,25.4,82.5,11.49,8.14,204.5,1003.7,14.8,6.6,2,Partly cloudy,28.91,31.92,26.22,11.49,82.54,8.14,204.5,1003.7,NASA POWER MERRA-2 (primary) + ERA5-normals sim (solar/sunshine/weather-code),7,0,41,48,1167,8,0.6855,DENV-3/DENV-4,Watch,DGHS/WHO/PMC anchored estimates (daily distribution),12.6,16.2,4.74,31.95,15.73,84.5,84.1,76.2
2022-05-26,2022,5,26,146,Pre-Monsoon,Dhaka,23.71,90.41,28.87,32.3,25.35,6.9,29.9,25.0,80.6,18.28,8.89,193.3,1002.8,15.4,4.8,51,Light drizzle,28.87,32.3,25.35,18.28,80.56,8.89,193.3,1002.8,NASA POWER MERRA-2 (primary) + ERA5-normals sim (solar/sunshine/weather-code),12,0,37,49,1179,8,0.6785,DENV-3/DENV-4,Watch,DGHS/WHO/PMC anchored estimates (daily distribution),11.0,16.4,10.7,13.84,6.75,83.0,81.5,71.7
2022-05-27,2022,5,27,147,Pre-Monsoon,Dhaka,23.71,90.41,28.93,32.87,25.93,6.9,30.0,25.2,81.5,13.26,13.25,171.5,1000.7,7.2,2.8,95,Thunderstorm,28.93,32.87,25.93,13.26,81.5,13.25,171.5,1000.7,NASA POWER MERRA-2 (primary) + ERA5-normals sim (solar/sunshine/weather-code),26,0,39,65,1205,8,0.6639,DENV-3/DENV-4,Moderate,DGHS/WHO/PMC anchored estimates (daily distribution),12.3,17.4,26.55,30.95,11.72,84.6,84.4,71.0
2022-05-28,2022,5,28,148,Pre-Monsoon,Dhaka,23.71,90.41,29.16,33.46,25.54,7.9,30.2,25.4,81.0,10.21,9.61,155.4,999.9,16.2,5.6,3,Overcast,29.16,33.46,25.54,10.21,80.99,9.61,155.4,999.9,NASA POWER MERRA-2 (primary) + ERA5-normals sim (solar/sunshine/weather-code),17,0,53,70,1222,8,0.6547,DENV-3/DENV-4,Watch,DGHS/WHO/PMC anchored estimates (daily distribution),13.1,17.7,61.63,9.73,2.61,91.3,82.5,64.1
2022-05-29,2022,5,29,149,Pre-Monsoon,Dhaka,23.71,90.41,28.19,30.98,26.04,4.9,29.6,25.7,87.6,38.67,11.95,140.1,1000.7,19.1,7.7,1,Mainly clear,28.19,30.98,26.04,38.67,87.55,11.95,140.1,1000.7,NASA POWER MERRA-2 (primary) + ERA5-normals sim (solar/sunshine/weather-code),7,0,62,69,1229,8,0.6509,DENV-3/DENV-4,Watch,DGHS/WHO/PMC anchored estimates (daily distribution),12.7,17.2,10.22,0.58,2.49,82.8,81.9,64.0
2022-05-30,2022,5,30,150,Pre-Monsoon,Dhaka,23.71,90.41,27.92,30.5,25.98,4.5,29.3,25.5,88.0,26.34,9.9,155.4,1000.8,13.0,8.5,3,Overcast,27.92,30.5,25.98,26.34,88.02,9.9,155.4,1000.8,NASA POWER MERRA-2 (primary) + ERA5-normals sim (solar/sunshine/weather-code),5,0,62,67,1234,8,0.6483,DENV-3/DENV-4,Watch,DGHS/WHO/PMC anchored estimates (daily distribution),11.7,14.9,9.3,0.95,10.41,82.2,85.5,75.3
2022-05-31,2022,5,31,151,Pre-Monsoon,Dhaka,23.71,90.41,28.34,31.66,25.61,6.1,29.6,25.4,85.5,9.2,10.08,160.6,1000.2,12.1,8.5,2,Partly cloudy,28.34,31.66,25.61,9.2,85.54,10.08,160.6,1000.2,NASA POWER MERRA-2 (primary) + ERA5-normals sim (solar/sunshine/weather-code),14,0,55,69,1248,8,0.641,DENV-3/DENV-4,Watch,DGHS/WHO/PMC anchored estimates (daily distribution),12.6,14.3,3.25,5.08,16.37,78.4,87.4,82.9
2022-06-01,2022,6,1,152,Monsoon,Dhaka,23.71,90.41,28.43,31.78,26.05,5.7,29.8,25.9,87.2,6.35,13.64,173.1,1000.7,10.0,3.8,61,Moderate rain,28.43,31.78,26.05,6.35,87.16,13.64,173.1,1000.7,NASA POWER MERRA-2 (primary) + ERA5-normals sim (solar/sunshine/weather-code),12,0,43,55,1260,8,0.6349,DENV-3/DENV-4,Watch,DGHS/WHO/PMC anchored estimates (daily distribution),13.3,12.9,11.49,4.74,31.95,82.5,84.5,84.1
2022-06-02,2022,6,2,153,Monsoon,Dhaka,23.71,90.41,28.84,32.33,26.11,6.2,30.0,25.6,84.0,3.01,13.82,178.1,1001.1,14.5,4.0,3,Overcast,28.84,32.33,26.11,3.01,83.98,13.82,178.1,1001.1,NASA POWER MERRA-2 (primary) + ERA5-normals sim (solar/sunshine/weather-code),74,0,38,112,1334,8,0.5997,DENV-3/DENV-4,Moderate,DGHS/WHO/PMC anchored estimates (daily distribution),22.1,16.6,18.28,10.7,13.84,80.6,83.0,81.5
2022-06-03,2022,6,3,154,Monsoon,Dhaka,23.71,90.41,28.45,31.04,26.68,4.4,29.9,26.2,88.7,6.64,14.11,177.1,1001.0,15.5,3.6,51,Light drizzle,28.45,31.04,26.68,6.64,88.73,14.11,177.1,1001.0,NASA POWER MERRA-2 (primary) + ERA5-normals sim (solar/sunshine/weather-code),88,0,105,193,1422,8,0.5626,DENV-3/DENV-4,High,DGHS/WHO/PMC anchored estimates (daily distribution),31.0,21.6,13.26,26.55,30.95,81.5,84.6,84.4
2022-06-04,2022,6,4,155,Monsoon,Dhaka,23.71,90.41,27.99,30.59,26.16,4.4,29.4,25.5,87.6,14.58,14.51,168.2,1002.3,13.4,6.2,61,Moderate rain,27.99,30.59,26.16,14.58,87.63,14.51,168.2,1002.3,NASA POWER MERRA-2 (primary) + ERA5-normals sim (solar/sunshine/weather-code),66,0,188,254,1488,8,0.5376,DENV-3/DENV-4,Moderate,DGHS/WHO/PMC anchored estimates (daily distribution),38.0,25.6,10.21,61.63,9.73,81.0,91.3,82.5
2022-06-05,2022,6,5,156,Monsoon,Dhaka,23.71,90.41,28.44,31.87,26.17,5.7,29.8,25.8,86.8,5.06,14.4,172.7,1002.7,12.6,3.8,80,Rain showers,28.44,31.87,26.17,5.06,86.85,14.4,172.7,1002.7,NASA POWER MERRA-2 (primary) + ERA5-normals sim (solar/sunshine/weather-code),37,0,240,277,1525,8,0.5246,DENV-3/DENV-4,Moderate,DGHS/WHO/PMC anchored estimates (daily distribution),42.3,27.5,38.67,10.22,0.58,87.6,82.8,81.9
2022-06-06,2022,6,6,157,Monsoon,Dhaka,23.71,90.41,28.73,31.9,26.33,5.6,30.1,26.1,87.0,2.57,14.51,177.1,1002.0,10.5,5.4,51,Light drizzle,28.73,31.9,26.33,2.57,87.05,14.51,177.1,1002.0,NASA POWER MERRA-2 (primary) + ERA5-normals sim (solar/sunshine/weather-code),44,0,265,309,1569,8,0.5099,DENV-3/DENV-4,Moderate,DGHS/WHO/PMC anchored estimates (daily distribution),47.9,29.8,26.34,9.3,0.95,88.0,82.2,85.5
2022-06-07,2022,6,7,158,Monsoon,Dhaka,23.71,90.41,29.1,32.56,26.11,6.5,30.4,26.2,85.6,5.58,14.29,178.0,1001.2,7.4,2.5,95,Thunderstorm,29.1,32.56,26.11,5.58,85.64,14.29,178.0,1001.2,NASA POWER MERRA-2 (primary) + ERA5-normals sim (solar/sunshine/weather-code),64,0,235,299,1633,8,0.4899,DENV-3/DENV-4,Moderate,DGHS/WHO/PMC anchored estimates (daily distribution),55.0,33.8,9.2,3.25,5.08,85.5,78.4,87.4
2022-06-08,2022,6,8,159,Monsoon,Dhaka,23.71,90.41,28.98,31.57,27.1,4.5,30.4,26.6,87.9,12.94,14.98,174.9,1000.5,17.1,4.0,80,Rain showers,28.98,31.57,27.1,12.94,87.91,14.98,174.9,1000.5,NASA POWER MERRA-2 (primary) + ERA5-normals sim (solar/sunshine/weather-code),33,0,211,244,1666,8,0.4802,DENV-3/DENV-4,Moderate,DGHS/WHO/PMC anchored estimates (daily distribution),58.0,35.6,6.35,11.49,4.74,87.2,82.5,84.5
2022-06-09,2022,6,9,160,Monsoon,Dhaka,23.71,90.41,28.55,30.67,27.05,3.6,30.1,26.8,91.5,32.43,16.31,170.7,1000.5,11.4,4.9,80,Rain showers,28.55,30.67,27.05,32.43,91.5,16.31,170.7,1000.5,NASA POWER MERRA-2 (primary) + ERA5-normals sim (solar/sunshine/weather-code),116,1,177,294,1782,9,0.5051,DENV-3/DENV-4,High,DGHS/WHO/PMC anchored estimates (daily distribution),64.0,43.1,3.01,18.28,10.7,84.0,80.6,83.0
2022-06-10,2022,6,10,161,Monsoon,Dhaka,23.71,90.41,27.75,29.77,26.17,3.6,29.1,25.1,86.6,41.19,11.84,163.5,1001.4,11.7,2.7,3,Overcast,27.75,29.77,26.17,41.19,86.64,11.84,163.5,1001.4,NASA POWER MERRA-2 (primary) + ERA5-normals sim (solar/sunshine/weather-code),92,0,257,349,1874,9,0.4803,DENV-3/DENV-4,High,DGHS/WHO/PMC anchored estimates (daily distribution),64.6,47.8,6.64,13.26,26.55,88.7,81.5,84.6
2022-06-11,2022,6,11,162,Monsoon,Dhaka,23.71,90.41,28.35,31.58,25.91,5.7,29.8,26.0,88.0,1.27,16.09,171.0,1001.3,5.7,1.5,95,Thunderstorm,28.35,31.58,25.91,1.27,88.04,16.09,171.0,1001.3,NASA POWER MERRA-2 (primary) + ERA5-normals sim (solar/sunshine/weather-code),87,0,305,392,1961,9,0.4589,DENV-3/DENV-4,High,DGHS/WHO/PMC anchored estimates (daily distribution),67.6,52.8,14.58,10.21,61.63,87.6,81.0,91.3
2022-06-12,2022,6,12,163,Monsoon,Dhaka,23.71,90.41,28.87,31.84,26.7,5.1,30.3,26.6,88.6,0.34,18.07,169.3,1002.3,12.0,5.0,80,Rain showers,28.87,31.84,26.7,0.34,88.55,18.07,169.3,1002.3,NASA POWER MERRA-2 (primary) + ERA5-normals sim (solar/sunshine/weather-code),79,0,328,407,2040,9,0.4412,DENV-3/DENV-4,Moderate,DGHS/WHO/PMC anchored estimates (daily distribution),73.6,57.9,5.06,38.67,10.22,86.8,87.6,82.8
2022-06-13,2022,6,13,164,Monsoon,Dhaka,23.71,90.41,29.29,32.29,27.0,5.3,30.7,27.0,88.8,4.44,19.48,175.6,1003.0,6.5,1.5,80,Rain showers,29.29,32.29,27.0,4.44,88.75,19.48,175.6,1003.0,NASA POWER MERRA-2 (primary) + ERA5-normals sim (solar/sunshine/weather-code),132,0,374,506,2172,9,0.4144,DENV-3/DENV-4,High,DGHS/WHO/PMC anchored estimates (daily distribution),86.1,67.0,2.57,26.34,9.3,87.0,88.0,82.2
2022-06-14,2022,6,14,165,Monsoon,Dhaka,23.71,90.41,28.77,31.46,27.14,4.3,30.3,26.9,90.6,7.25,18.9,174.0,1002.6,16.3,3.2,51,Light drizzle,28.77,31.46,27.14,7.25,90.55,18.9,174.0,1002.6,NASA POWER MERRA-2 (primary) + ERA5-normals sim (solar/sunshine/weather-code),93,0,390,483,2265,9,0.3974,DENV-3/DENV-4,High,DGHS/WHO/PMC anchored estimates (daily distribution),90.3,72.6,5.58,9.2,3.25,85.6,85.5,78.4
2022-06-15,2022,6,15,166,Monsoon,Dhaka,23.71,90.41,28.18,29.92,26.99,2.9,29.8,26.5,91.6,8.5,19.69,171.4,1003.1,13.9,6.1,80,Rain showers,28.18,29.92,26.99,8.5,91.65,19.69,171.4,1003.1,NASA POWER MERRA-2 (primary) + ERA5-normals sim (solar/sunshine/weather-code),99,0,391,490,2364,9,0.3807,DENV-3/DENV-4,High,DGHS/WHO/PMC anchored estimates (daily distribution),99.7,78.9,12.94,6.35,11.49,87.9,87.2,82.5
2022-06-16,2022,6,16,167,Monsoon,Dhaka,23.71,90.41,27.45,29.21,25.96,3.2,29.0,25.8,91.9,16.48,20.34,179.3,1004.2,16.3,6.7,80,Rain showers,27.45,29.21,25.96,16.48,91.91,20.34,179.3,1004.2,NASA POWER MERRA-2 (primary) + ERA5-normals sim (solar/sunshine/weather-code),56,0,403,459,2420,9,0.3719,DENV-3/DENV-4,Moderate,DGHS/WHO/PMC anchored estimates (daily distribution),91.1,77.6,32.43,3.01,18.28,91.5,84.0,80.6
2022-06-17,2022,6,17,168,Monsoon,Dhaka,23.71,90.41,27.43,29.16,26.08,3.1,29.1,26.1,93.5,39.99,20.74,188.5,1004.4,14.3,4.2,3,Overcast,27.43,29.16,26.08,39.99,93.48,20.74,188.5,1004.4,NASA POWER MERRA-2 (primary) + ERA5-normals sim (solar/sunshine/weather-code),150,2,378,530,2570,11,0.428,DENV-3/DENV-4,High,DGHS/WHO/PMC anchored estimates (daily distribution),99.4,82.0,41.19,6.64,13.26,86.6,88.7,81.5
2022-06-18,2022,6,18,169,Monsoon,Dhaka,23.71,90.41,27.46,29.07,26.17,2.9,29.0,25.7,91.0,32.39,21.6,194.9,1004.3,5.2,2.3,61,Moderate rain,27.46,29.07,26.17,32.39,91.0,21.6,194.9,1004.3,NASA POWER MERRA-2 (primary) + ERA5-normals sim (solar/sunshine/weather-code),98,0,398,496,2668,11,0.4123,DENV-3/DENV-4,High,DGHS/WHO/PMC anchored estimates (daily distribution),101.0,84.3,1.27,14.58,10.21,88.0,87.6,81.0
2022-06-19,2022,6,19,170,Monsoon,Dhaka,23.71,90.41,27.04,28.46,25.98,2.5,28.7,25.6,92.7,22.87,20.59,191.2,1003.3,13.9,5.5,3,Overcast,27.04,28.46,25.98,22.87,92.67,20.59,191.2,1003.3,NASA POWER MERRA-2 (primary) + ERA5-normals sim (solar/sunshine/weather-code),48,0,403,451,2716,11,0.405,DENV-3/DENV-4,Moderate,DGHS/WHO/PMC anchored estimates (daily distribution),96.6,85.1,0.34,5.06,38.67,88.6,86.8,87.6
2022-06-20,2022,6,20,171,Monsoon,Dhaka,23.71,90.41,27.03,28.83,25.88,2.9,28.6,25.5,92.3,24.0,19.3,216.2,1001.2,12.0,4.2,61,Moderate rain,27.03,28.83,25.88,24.0,92.29,19.3,216.2,1001.2,NASA POWER MERRA-2 (primary) + ERA5-normals sim (solar/sunshine/weather-code),44,0,352,396,2760,11,0.3986,DENV-3/DENV-4,Moderate,DGHS/WHO/PMC anchored estimates (daily distribution),84.0,85.1,4.44,2.57,26.34,88.8,87.0,88.0
2022-06-21,2022,6,21,172,Monsoon,Dhaka,23.71,90.41,27.08,28.74,25.48,3.3,28.7,25.5,92.1,24.88,11.63,197.5,1000.0,7.0,2.0,80,Rain showers,27.08,28.74,25.48,24.88,92.09,11.63,197.5,1000.0,NASA POWER MERRA-2 (primary) + ERA5-normals sim (solar/sunshine/weather-code),20,1,339,360,2780,12,0.4317,DENV-3/DENV-4,Moderate,DGHS/WHO/PMC anchored estimates (daily distribution),73.6,81.9,7.25,5.58,9.2,90.6,85.6,85.5
2022-06-22,2022,6,22,173,Monsoon,Dhaka,23.71,90.41,27.58,30.6,25.55,5.1,28.9,25.0,87.1,5.67,12.56,168.0,1003.4,13.4,3.5,3,Overcast,27.58,30.6,25.55,5.67,87.06,12.56,168.0,1003.4,NASA POWER MERRA-2 (primary) + ERA5-normals sim (solar/sunshine/weather-code),30,0,210,240,2810,12,0.427,DENV-3/DENV-4,Moderate,DGHS/WHO/PMC anchored estimates (daily distribution),63.7,81.7,8.5,12.94,6.35,91.6,87.9,87.2
2022-06-23,2022,6,23,174,Monsoon,Dhaka,23.71,90.41,27.97,31.41,25.04,6.4,29.4,25.8,89.0,8.33,16.7,175.8,1004.0,5.0,4.9,3,Overcast,27.97,31.41,25.04,8.33,89.01,16.7,175.8,1004.0,NASA POWER MERRA-2 (primary) + ERA5-normals sim (solar/sunshine/weather-code),12,0,142,154,2822,12,0.4252,DENV-3/DENV-4,Watch,DGHS/WHO/PMC anchored estimates (daily distribution),57.4,74.3,16.48,32.43,3.01,91.9,91.5,84.0
2022-06-24,2022,6,24,175,Monsoon,Dhaka,23.71,90.41,27.79,30.16,26.23,3.9,29.3,25.9,90.7,3.5,15.88,164.1,1002.9,6.5,1.6,80,Rain showers,27.79,30.16,26.23,3.5,90.71,15.88,164.1,1002.9,NASA POWER MERRA-2 (primary) + ERA5-normals sim (solar/sunshine/weather-code),70,1,105,176,2892,13,0.4495,DENV-3/DENV-4,Moderate,DGHS/WHO/PMC anchored estimates (daily distribution),46.0,72.7,39.99,41.19,6.64,93.5,86.6,88.7
2022-06-25,2022,6,25,176,Monsoon,Dhaka,23.71,90.41,28.14,31.5,25.68,5.8,29.6,25.9,88.6,3.6,17.35,159.4,1001.6,11.8,6.5,51,Light drizzle,28.14,31.5,25.68,3.6,88.56,17.35,159.4,1001.6,NASA POWER MERRA-2 (primary) + ERA5-normals sim (solar/sunshine/weather-code),77,1,131,209,2969,14,0.4715,DENV-3/DENV-4,Moderate,DGHS/WHO/PMC anchored estimates (daily distribution),43.0,72.0,32.39,1.27,14.58,91.0,88.0,87.6
2022-06-26,2022,6,26,177,Monsoon,Dhaka,23.71,90.41,28.03,30.45,25.91,4.5,29.5,25.9,89.4,3.18,15.8,169.9,1003.5,19.4,4.2,61,Moderate rain,28.03,30.45,25.91,3.18,89.36,15.8,169.9,1003.5,NASA POWER MERRA-2 (primary) + ERA5-normals sim (solar/sunshine/weather-code),36,0,189,225,3005,14,0.4659,DENV-3/DENV-4,Moderate,DGHS/WHO/PMC anchored estimates (daily distribution),41.3,68.9,22.87,0.34,5.06,92.7,88.6,86.8
2022-06-27,2022,6,27,178,Monsoon,Dhaka,23.71,90.41,28.41,31.51,25.61,5.9,29.8,25.9,87.6,3.09,11.38,190.0,1004.3,7.4,2.0,80,Rain showers,28.41,31.51,25.61,3.09,87.6,11.38,190.0,1004.3,NASA POWER MERRA-2 (primary) + ERA5-normals sim (solar/sunshine/weather-code),49,0,195,244,3054,14,0.4584,DENV-3/DENV-4,Moderate,DGHS/WHO/PMC anchored estimates (daily distribution),42.0,63.0,24.0,4.44,2.57,92.3,88.8,87.0
2022-06-28,2022,6,28,179,Monsoon,Dhaka,23.71,90.41,28.3,31.12,26.18,4.9,29.8,26.2,89.5,6.21,13.54,181.6,1003.1,14.4,4.7,3,Overcast,28.3,31.12,26.18,6.21,89.54,13.54,181.6,1003.1,NASA POWER MERRA-2 (primary) + ERA5-normals sim (solar/sunshine/weather-code),54,0,232,286,3108,14,0.4505,DENV-3/DENV-4,Moderate,DGHS/WHO/PMC anchored estimates (daily distribution),46.9,60.2,24.88,7.25,5.58,92.1,90.6,85.6
2022-06-29,2022,6,29,180,Monsoon,Dhaka,23.71,90.41,28.14,30.37,26.16,4.2,29.7,26.2,90.3,9.04,12.42,171.5,1001.7,7.8,1.2,80,Rain showers,28.14,30.37,26.16,9.04,90.28,12.42,171.5,1001.7,NASA POWER MERRA-2 (primary) + ERA5-normals sim (solar/sunshine/weather-code),30,1,215,246,3138,15,0.478,DENV-3/DENV-4,Moderate,DGHS/WHO/PMC anchored estimates (daily distribution),46.9,55.3,5.67,8.5,12.94,87.1,91.6,87.9
2022-06-30,2022,6,30,181,Monsoon,Dhaka,23.71,90.41,27.76,29.6,26.3,3.3,29.4,26.2,92.2,12.43,12.35,168.5,1001.3,15.1,2.9,61,Moderate rain,27.76,29.6,26.3,12.43,92.16,12.35,168.5,1001.3,NASA POWER MERRA-2 (primary) + ERA5-normals sim (solar/sunshine/weather-code),40,1,168,209,3178,16,0.5035,DENV-3/DENV-4,Moderate,DGHS/WHO/PMC anchored estimates (daily distribution),50.9,54.1,8.33,16.48,32.43,89.0,91.9,91.5
2022-07-01,2022,7,1,182,Monsoon,Dhaka,23.71,90.41,28.46,31.63,26.2,5.4,29.9,26.4,89.5,4.99,13.25,174.8,1000.1,5.0,1.6,80,Rain showers,28.46,31.63,26.2,4.99,89.46,13.25,174.8,1000.1,NASA POWER MERRA-2 (primary) + ERA5-normals sim (solar/sunshine/weather-code),74,1,172,247,3252,17,0.5228,DENV-3/DENV-4,Moderate,DGHS/WHO/PMC anchored estimates (daily distribution),51.4,48.7,3.5,39.99,41.19,90.7,93.5,86.6
2022-07-02,2022,7,2,183,Monsoon,Dhaka,23.71,90.41,28.22,31.16,26.14,5.0,29.6,25.9,88.6,4.47,11.7,156.9,998.8,7.4,2.2,3,Overcast,28.22,31.16,26.14,4.47,88.61,11.7,156.9,998.8,NASA POWER MERRA-2 (primary) + ERA5-normals sim (solar/sunshine/weather-code),64,0,198,262,3316,17,0.5127,DENV-3/DENV-4,Moderate,DGHS/WHO/PMC anchored estimates (daily distribution),49.6,46.3,3.6,32.39,1.27,88.6,91.0,88.0
2022-07-03,2022,7,3,184,Monsoon,Dhaka,23.71,90.41,28.07,31.09,25.95,5.1,29.6,26.1,90.0,7.27,14.26,158.6,999.6,5.7,1.4,80,Rain showers,28.07,31.09,25.95,7.27,90.03,14.26,158.6,999.6,NASA POWER MERRA-2 (primary) + ERA5-normals sim (solar/sunshine/weather-code),40,0,208,248,3356,17,0.5066,DENV-3/DENV-4,Moderate,DGHS/WHO/PMC anchored estimates (daily distribution),50.1,45.7,3.18,22.87,0.34,89.4,92.7,88.6
2022-07-04,2022,7,4,185,Monsoon,Dhaka,23.71,90.41,28.26,31.75,25.87,5.9,29.7,26.1,89.2,9.62,14.08,152.2,999.2,5.0,1.5,80,Rain showers,28.26,31.75,25.87,9.62,89.18,14.08,152.2,999.2,NASA POWER MERRA-2 (primary) + ERA5-normals sim (solar/sunshine/weather-code),33,0,218,251,3389,17,0.5016,DENV-3/DENV-4,Moderate,DGHS/WHO/PMC anchored estimates (daily distribution),47.9,44.9,3.09,24.0,4.44,87.6,92.3,88.8
2022-07-05,2022,7,5,186,Monsoon,Dhaka,23.71,90.41,28.54,31.86,25.62,6.2,29.9,26.1,87.6,0.79,13.5,131.2,999.8,6.2,2.6,80,Rain showers,28.54,31.86,25.62,0.79,87.65,13.5,131.2,999.8,NASA POWER MERRA-2 (primary) + ERA5-normals sim (solar/sunshine/weather-code),46,0,211,257,3435,17,0.4949,DENV-3/DENV-4,Moderate,DGHS/WHO/PMC anchored estimates (daily distribution),46.7,46.8,6.21,24.88,7.25,89.5,92.1,90.6
2022-07-06,2022,7,6,187,Monsoon,Dhaka,23.71,90.41,27.87,29.75,26.57,3.2,29.5,26.2,91.7,17.13,12.92,133.6,1003.0,9.1,5.0,80,Rain showers,27.87,29.75,26.57,17.13,91.69,12.92,133.6,1003.0,NASA POWER MERRA-2 (primary) + ERA5-normals sim (solar/sunshine/weather-code),43,0,183,226,3478,17,0.4888,DENV-3/DENV-4,Moderate,DGHS/WHO/PMC anchored estimates (daily distribution),48.6,47.7,9.04,5.67,8.5,90.3,87.1,91.6
2022-07-07,2022,7,7,188,Monsoon,Dhaka,23.71,90.41,28.27,31.01,25.75,5.3,29.7,25.9,88.3,4.38,12.64,161.0,1003.9,7.2,2.0,80,Rain showers,28.27,31.01,25.75,4.38,88.32,12.64,161.0,1003.9,NASA POWER MERRA-2 (primary) + ERA5-normals sim (solar/sunshine/weather-code),88,0,162,250,3566,17,0.4767,DENV-3/DENV-4,High,DGHS/WHO/PMC anchored estimates (daily distribution),55.4,53.1,12.43,8.33,16.48,92.2,89.0,91.9
2022-07-08,2022,7,8,189,Monsoon,Dhaka,23.71,90.41,28.09,30.91,25.99,4.9,29.6,26.0,89.4,3.26,12.74,159.6,1002.2,6.2,5.1,2,Partly cloudy,28.09,30.91,25.99,3.26,89.38,12.74,159.6,1002.2,NASA POWER MERRA-2 (primary) + ERA5-normals sim (solar/sunshine/weather-code),162,1,209,372,3728,18,0.4828,DENV-3/DENV-4,High,DGHS/WHO/PMC anchored estimates (daily distribution),68.0,59.7,4.99,3.5,39.99,89.5,90.7,93.5
2022-07-09,2022,7,9,190,Monsoon,Dhaka,23.71,90.41,28.26,31.68,25.45,6.2,29.6,25.6,86.8,0.86,12.31,151.2,1000.7,5.8,1.8,95,Thunderstorm,28.26,31.68,25.45,0.86,86.82,12.31,151.2,1000.7,NASA POWER MERRA-2 (primary) + ERA5-normals sim (solar/sunshine/weather-code),157,0,339,496,3885,18,0.4633,DENV-3/DENV-4,High,DGHS/WHO/PMC anchored estimates (daily distribution),81.3,65.4,4.47,3.6,32.39,88.6,88.6,91.0
2022-07-10,2022,7,10,191,Monsoon,Dhaka,23.71,90.41,28.48,32.03,25.72,6.3,29.9,26.1,88.0,1.81,17.64,146.6,1000.0,5.3,1.9,80,Rain showers,28.48,32.03,25.72,1.81,88.04,17.64,146.6,1000.0,NASA POWER MERRA-2 (primary) + ERA5-normals sim (solar/sunshine/weather-code),92,0,450,542,3977,18,0.4526,DENV-3/DENV-4,High,DGHS/WHO/PMC anchored estimates (daily distribution),88.7,69.4,7.27,3.18,22.87,90.0,89.4,92.7
2022-07-11,2022,7,11,192,Monsoon,Dhaka,23.71,90.41,27.87,30.38,25.92,4.5,29.3,25.7,89.0,2.39,17.28,136.0,1001.1,15.9,3.0,3,Overcast,27.87,30.38,25.92,2.39,89.0,17.28,136.0,1001.1,NASA POWER MERRA-2 (primary) + ERA5-normals sim (solar/sunshine/weather-code),66,0,499,565,4043,18,0.4452,DENV-3/DENV-4,Moderate,DGHS/WHO/PMC anchored estimates (daily distribution),93.4,70.6,9.62,3.09,24.0,89.2,87.6,92.3
2022-07-12,2022,7,12,193,Monsoon,Dhaka,23.71,90.41,28.54,31.96,25.87,6.1,29.9,25.9,86.8,1.46,17.39,125.2,999.6,4.1,1.5,80,Rain showers,28.54,31.96,25.87,1.46,86.83,17.39,125.2,999.6,NASA POWER MERRA-2 (primary) + ERA5-normals sim (solar/sunshine/weather-code),116,0,477,593,4159,18,0.4328,DENV-3/DENV-4,High,DGHS/WHO/PMC anchored estimates (daily distribution),103.4,75.1,0.79,6.21,24.88,87.6,89.5,92.1
2022-07-13,2022,7,13,194,Monsoon,Dhaka,23.71,90.41,28.92,32.02,26.48,5.5,30.3,26.3,87.1,1.22,17.14,133.8,997.8,13.9,2.2,80,Rain showers,28.92,32.02,26.48,1.22,87.11,17.14,133.8,997.8,NASA POWER MERRA-2 (primary) + ERA5-normals sim (solar/sunshine/weather-code),121,1,430,552,4280,19,0.4439,DENV-3/DENV-4,High,DGHS/WHO/PMC anchored estimates (daily distribution),114.6,81.6,17.13,9.04,5.67,91.7,90.3,87.1
2022-07-14,2022,7,14,195,Monsoon,Dhaka,23.71,90.41,28.64,31.79,26.58,5.2,30.1,26.4,89.0,3.05,17.32,136.4,998.4,12.8,5.4,3,Overcast,28.64,31.79,26.58,3.05,88.97,17.32,136.4,998.4,NASA POWER MERRA-2 (primary) + ERA5-normals sim (solar/sunshine/weather-code),169,1,394,564,4449,20,0.4495,DENV-3/DENV-4,High,DGHS/WHO/PMC anchored estimates (daily distribution),126.1,90.8,4.38,12.43,8.33,88.3,92.2,89.0
2022-07-15,2022,7,15,196,Monsoon,Dhaka,23.71,90.41,28.87,32.14,26.6,5.5,30.2,26.3,87.2,6.6,15.44,143.5,1000.5,6.9,1.5,80,Rain showers,28.87,32.14,26.6,6.6,87.15,15.44,143.5,1000.5,NASA POWER MERRA-2 (primary) + ERA5-normals sim (solar/sunshine/weather-code),119,1,471,591,4568,21,0.4597,DENV-3/DENV-4,High,DGHS/WHO/PMC anchored estimates (daily distribution),120.0,94.0,3.26,4.99,3.5,89.4,89.5,90.7
2022-07-16,2022,7,16,197,Monsoon,Dhaka,23.71,90.41,28.99,32.54,26.51,6.0,30.3,26.4,87.0,1.95,17.5,139.1,1001.5,7.8,4.7,61,Moderate rain,28.99,32.54,26.51,1.95,87.01,17.5,139.1,1001.5,NASA POWER MERRA-2 (primary) + ERA5-normals sim (solar/sunshine/weather-code),205,1,524,730,4773,22,0.4609,DENV-3/DENV-4,Critical,DGHS/WHO/PMC anchored estimates (daily distribution),126.9,104.1,0.86,4.47,3.6,86.8,88.6,88.6
2022-07-17,2022,7,17,198,Monsoon,Dhaka,23.71,90.41,29.06,32.43,26.65,5.8,30.4,26.5,87.3,2.69,19.08,153.3,1003.2,6.0,3.0,61,Moderate rain,29.06,32.43,26.65,2.69,87.31,19.08,153.3,1003.2,NASA POWER MERRA-2 (primary) + ERA5-normals sim (solar/sunshine/weather-code),114,0,614,728,4887,22,0.4502,DENV-3/DENV-4,High,DGHS/WHO/PMC anchored estimates (daily distribution),130.0,109.4,1.81,7.27,3.18,88.0,90.0,89.4
2022-07-18,2022,7,18,199,Monsoon,Dhaka,23.71,90.41,28.84,32.42,25.99,6.4,30.2,26.2,86.6,2.64,14.18,177.5,1002.9,5.0,2.2,95,Thunderstorm,28.84,32.42,25.99,2.64,86.62,14.18,177.5,1002.9,NASA POWER MERRA-2 (primary) + ERA5-normals sim (solar/sunshine/weather-code),76,0,607,683,4963,22,0.4433,DENV-3/DENV-4,Moderate,DGHS/WHO/PMC anchored estimates (daily distribution),131.4,112.4,2.39,9.62,3.09,89.0,89.2,87.6
2022-07-19,2022,7,19,200,Monsoon,Dhaka,23.71,90.41,28.56,31.52,26.48,5.0,30.0,26.2,88.3,5.11,14.15,181.9,1001.6,6.4,4.3,2,Partly cloudy,28.56,31.52,26.48,5.11,88.29,14.15,181.9,1001.6,NASA POWER MERRA-2 (primary) + ERA5-normals sim (solar/sunshine/weather-code),57,1,513,571,5020,23,0.4582,DENV-3/DENV-4,Moderate,DGHS/WHO/PMC anchored estimates (daily distribution),123.0,113.2,1.46,0.79,6.21,86.8,87.6,89.5
2022-07-20,2022,7,20,201,Monsoon,Dhaka,23.71,90.41,28.72,31.45,26.43,5.0,30.2,26.6,89.5,14.0,13.86,171.4,1001.4,6.8,1.6,80,Rain showers,28.72,31.45,26.43,14.0,89.51,13.86,171.4,1001.4,NASA POWER MERRA-2 (primary) + ERA5-normals sim (solar/sunshine/weather-code),91,1,451,543,5111,24,0.4696,DENV-3/DENV-4,High,DGHS/WHO/PMC anchored estimates (daily distribution),118.7,116.6,1.22,17.13,9.04,87.1,91.7,90.3
2022-07-21,2022,7,21,202,Monsoon,Dhaka,23.71,90.41,28.88,31.8,26.71,5.1,30.2,26.2,86.8,2.96,14.8,149.7,1002.3,12.9,0.4,3,Overcast,28.88,31.8,26.71,2.96,86.79,14.8,149.7,1002.3,NASA POWER MERRA-2 (primary) + ERA5-normals sim (solar/sunshine/weather-code),60,0,338,398,5171,24,0.4641,DENV-3/DENV-4,Moderate,DGHS/WHO/PMC anchored estimates (daily distribution),103.1,114.6,3.05,4.38,12.43,89.0,88.3,92.2
2022-07-22,2022,7,22,203,Monsoon,Dhaka,23.71,90.41,28.94,32.16,26.85,5.3,30.3,26.6,88.1,2.97,15.19,147.0,1003.0,2.2,5.7,3,Overcast,28.94,32.16,26.85,2.97,88.11,15.19,147.0,1003.0,NASA POWER MERRA-2 (primary) + ERA5-normals sim (solar/sunshine/weather-code),180,0,284,464,5351,24,0.4485,DENV-3/DENV-4,High,DGHS/WHO/PMC anchored estimates (daily distribution),111.9,115.9,6.6,3.26,4.99,87.2,89.4,89.5
2022-07-23,2022,7,23,204,Monsoon,Dhaka,23.71,90.41,27.89,30.31,26.19,4.1,29.4,26.0,90.7,13.05,12.13,159.5,1003.3,13.4,4.7,51,Light drizzle,27.89,30.31,26.19,13.05,90.69,12.13,159.5,1003.3,NASA POWER MERRA-2 (primary) + ERA5-normals sim (solar/sunshine/weather-code),135,0,388,523,5486,24,0.4375,DENV-3/DENV-4,High,DGHS/WHO/PMC anchored estimates (daily distribution),101.9,114.4,1.95,0.86,4.47,87.0,86.8,88.6
2022-07-24,2022,7,24,205,Monsoon,Dhaka,23.71,90.41,27.64,29.46,26.19,3.3,29.1,25.6,90.0,5.22,15.44,158.7,1004.4,9.6,4.7,61,Moderate rain,27.64,29.46,26.19,5.22,90.04,15.44,158.7,1004.4,NASA POWER MERRA-2 (primary) + ERA5-normals sim (solar/sunshine/weather-code),84,0,466,550,5570,24,0.4309,DENV-3/DENV-4,High,DGHS/WHO/PMC anchored estimates (daily distribution),97.6,113.8,2.69,1.81,7.27,87.3,88.0,90.0
2022-07-25,2022,7,25,206,Monsoon,Dhaka,23.71,90.41,27.28,29.15,25.53,3.6,28.6,24.5,86.2,16.4,7.27,160.4,1007.2,11.9,3.6,2,Partly cloudy,27.28,29.15,25.53,16.4,86.15,7.27,160.4,1007.2,NASA POWER MERRA-2 (primary) + ERA5-normals sim (solar/sunshine/weather-code),88,0,459,547,5658,24,0.4242,DENV-3/DENV-4,High,DGHS/WHO/PMC anchored estimates (daily distribution),99.3,115.4,2.64,2.39,9.62,86.6,89.0,89.2
2022-07-26,2022,7,26,207,Monsoon,Dhaka,23.71,90.41,28.14,31.13,25.15,6.0,29.2,24.3,80.6,7.33,4.43,211.0,1007.6,11.5,4.5,61,Moderate rain,28.14,31.13,25.15,7.33,80.57,4.43,211.0,1007.6,NASA POWER MERRA-2 (primary) + ERA5-normals sim (solar/sunshine/weather-code),69,0,487,556,5727,24,0.4191,DENV-3/DENV-4,Moderate,DGHS/WHO/PMC anchored estimates (daily distribution),101.0,112.0,5.11,1.46,0.79,88.3,86.8,87.6
2022-07-27,2022,7,27,208,Monsoon,Dhaka,23.71,90.41,28.72,32.1,25.49,6.6,29.9,25.4,83.4,2.02,6.3,240.6,1006.4,14.2,5.2,3,Overcast,28.72,32.1,25.49,2.02,83.4,6.3,240.6,1006.4,NASA POWER MERRA-2 (primary) + ERA5-normals sim (solar/sunshine/weather-code),33,0,376,409,5760,24,0.4167,DENV-3/DENV-4,Moderate,DGHS/WHO/PMC anchored estimates (daily distribution),92.7,105.7,14.0,1.22,17.13,89.5,87.1,91.7
2022-07-28,2022,7,28,209,Monsoon,Dhaka,23.71,90.41,28.09,30.79,26.36,4.4,29.5,25.6,87.6,4.94,7.6,253.1,1006.5,6.9,4.7,61,Moderate rain,28.09,30.79,26.36,4.94,87.56,7.6,253.1,1006.5,NASA POWER MERRA-2 (primary) + ERA5-normals sim (solar/sunshine/weather-code),40,0,274,314,5800,24,0.4138,DENV-3/DENV-4,Moderate,DGHS/WHO/PMC anchored estimates (daily distribution),89.9,96.5,2.96,3.05,4.38,86.8,89.0,88.3
2022-07-29,2022,7,29,210,Monsoon,Dhaka,23.71,90.41,28.76,31.91,26.06,5.9,29.7,24.5,78.8,8.65,5.15,165.6,1005.5,6.7,5.0,2,Partly cloudy,28.76,31.91,26.06,8.65,78.83,5.15,165.6,1005.5,NASA POWER MERRA-2 (primary) + ERA5-normals sim (solar/sunshine/weather-code),158,0,230,388,5958,24,0.4028,DENV-3/DENV-4,High,DGHS/WHO/PMC anchored estimates (daily distribution),86.7,99.3,2.97,6.6,3.26,88.1,87.2,89.4
2022-07-30,2022,7,30,211,Monsoon,Dhaka,23.71,90.41,29.28,32.71,26.42,6.3,30.6,26.5,86.3,3.14,11.38,211.8,1003.5,9.1,5.6,61,Moderate rain,29.28,32.71,26.42,3.14,86.27,11.38,211.8,1003.5,NASA POWER MERRA-2 (primary) + ERA5-normals sim (solar/sunshine/weather-code),116,0,300,416,6074,24,0.3951,DENV-3/DENV-4,High,DGHS/WHO/PMC anchored estimates (daily distribution),84.0,92.9,13.05,1.95,0.86,90.7,87.0,86.8
2022-07-31,2022,7,31,212,Monsoon,Dhaka,23.71,90.41,28.68,31.37,26.39,5.0,30.0,26.1,86.9,3.52,13.54,185.0,1002.0,4.9,3.8,61,Moderate rain,28.68,31.37,26.39,3.52,86.92,13.54,185.0,1002.0,NASA POWER MERRA-2 (primary) + ERA5-normals sim (solar/sunshine/weather-code),125,1,346,472,6199,25,0.4033,DENV-3/DENV-4,High,DGHS/WHO/PMC anchored estimates (daily distribution),89.9,93.7,5.22,2.69,1.81,90.0,87.3,88.0
2022-08-01,2022,8,1,213,Monsoon,Dhaka,23.71,90.41,29.08,31.78,26.69,5.1,30.5,26.7,88.1,10.23,10.62,190.6,1001.7,12.6,6.0,2,Partly cloudy,29.08,31.78,26.69,10.23,88.1,10.62,190.6,1001.7,NASA POWER MERRA-2 (primary) + ERA5-normals sim (solar/sunshine/weather-code),246,1,438,685,6445,26,0.4034,DENV-3/DENV-4,Critical,DGHS/WHO/PMC anchored estimates (daily distribution),112.4,105.9,16.4,2.64,2.39,86.2,86.6,89.0
2022-08-02,2022,8,2,214,Monsoon,Dhaka,23.71,90.41,29.49,32.77,26.78,6.0,30.8,26.6,85.4,7.25,7.85,188.4,1001.4,6.5,1.8,80,Rain showers,29.49,32.77,26.78,7.25,85.41,7.85,188.4,1001.4,NASA POWER MERRA-2 (primary) + ERA5-normals sim (solar/sunshine/weather-code),159,0,645,804,6604,26,0.3937,DENV-3/DENV-4,High,DGHS/WHO/PMC anchored estimates (daily distribution),125.3,113.1,7.33,5.11,1.46,80.6,88.3,86.8
2022-08-03,2022,8,3,215,Monsoon,Dhaka,23.71,90.41,28.32,30.65,26.3,4.3,29.7,25.9,88.1,11.74,7.16,183.5,1003.0,11.0,3.4,3,Overcast,28.32,30.65,26.3,11.74,88.07,7.16,183.5,1003.0,NASA POWER MERRA-2 (primary) + ERA5-normals sim (solar/sunshine/weather-code),172,1,645,818,6776,27,0.3985,DENV-3/DENV-4,High,DGHS/WHO/PMC anchored estimates (daily distribution),145.1,118.9,2.02,14.0,1.22,83.4,89.5,87.1
2022-08-04,2022,8,4,216,Monsoon,Dhaka,23.71,90.41,28.86,32.17,26.03,6.1,30.1,26.0,85.7,14.72,8.03,145.7,1003.0,14.3,3.2,61,Moderate rain,28.86,32.17,26.03,14.72,85.71,8.03,145.7,1003.0,NASA POWER MERRA-2 (primary) + ERA5-normals sim (solar/sunshine/weather-code),77,1,701,779,6853,28,0.4086,DENV-3/DENV-4,Moderate,DGHS/WHO/PMC anchored estimates (daily distribution),150.4,120.1,4.94,2.96,3.05,87.6,86.8,89.0
2022-08-05,2022,8,5,217,Monsoon,Dhaka,23.71,90.41,29.18,32.43,26.47,6.0,30.5,26.5,86.6,6.39,9.36,147.8,1001.1,9.9,4.7,3,Overcast,29.18,32.43,26.47,6.39,86.63,9.36,147.8,1001.1,NASA POWER MERRA-2 (primary) + ERA5-normals sim (solar/sunshine/weather-code),223,2,652,877,7076,30,0.424,DENV-3/DENV-4,Critical,DGHS/WHO/PMC anchored estimates (daily distribution),159.7,123.2,8.65,2.97,6.6,78.8,88.1,87.2
2022-08-06,2022,8,6,218,Monsoon,Dhaka,23.71,90.41,28.62,31.63,26.33,5.3,30.0,26.3,88.6,25.17,10.62,135.7,999.3,9.5,5.3,51,Light drizzle,28.62,31.63,26.33,25.17,88.61,10.62,135.7,999.3,NASA POWER MERRA-2 (primary) + ERA5-normals sim (solar/sunshine/weather-code),270,1,630,901,7346,31,0.422,DENV-3/DENV-4,Critical,DGHS/WHO/PMC anchored estimates (daily distribution),181.7,132.9,3.14,13.05,1.95,86.3,90.7,87.0
2022-08-07,2022,8,7,219,Monsoon,Dhaka,23.71,90.41,29.38,32.92,25.99,6.9,30.6,26.3,84.8,7.17,10.37,128.9,998.3,11.8,2.9,3,Overcast,29.38,32.92,25.99,7.17,84.81,10.37,128.9,998.3,NASA POWER MERRA-2 (primary) + ERA5-normals sim (solar/sunshine/weather-code),173,0,742,915,7519,31,0.4123,DENV-3/DENV-4,High,DGHS/WHO/PMC anchored estimates (daily distribution),188.6,139.2,3.52,5.22,2.69,86.9,90.0,87.3
2022-08-08,2022,8,8,220,Monsoon,Dhaka,23.71,90.41,27.99,30.4,26.14,4.3,29.5,26.0,90.3,9.92,17.53,131.6,998.0,5.7,2.1,61,Moderate rain,27.99,30.4,26.14,9.92,90.26,17.53,131.6,998.0,NASA POWER MERRA-2 (primary) + ERA5-normals sim (solar/sunshine/weather-code),160,0,743,903,7679,31,0.4037,DENV-3/DENV-4,High,DGHS/WHO/PMC anchored estimates (daily distribution),176.3,144.4,10.23,16.4,2.64,88.1,86.2,86.6
2022-08-09,2022,8,9,221,Monsoon,Dhaka,23.71,90.41,28.2,31.46,25.57,5.9,29.6,25.9,88.6,6.14,18.18,124.3,998.6,15.0,4.1,61,Moderate rain,28.2,31.46,25.57,6.14,88.62,18.18,124.3,998.6,NASA POWER MERRA-2 (primary) + ERA5-normals sim (solar/sunshine/weather-code),125,1,825,951,7804,32,0.41,DENV-3/DENV-4,High,DGHS/WHO/PMC anchored estimates (daily distribution),171.4,148.4,7.25,7.33,5.11,85.4,80.6,88.3
2022-08-10,2022,8,10,222,Monsoon,Dhaka,23.71,90.41,27.5,29.74,25.99,3.8,29.1,25.9,92.1,4.97,21.56,121.4,998.9,10.7,4.0,61,Moderate rain,27.5,29.74,25.99,4.97,92.13,21.56,121.4,998.9,NASA POWER MERRA-2 (primary) + ERA5-normals sim (solar/sunshine/weather-code),208,0,728,936,8012,32,0.3994,DENV-3/DENV-4,Critical,DGHS/WHO/PMC anchored estimates (daily distribution),176.6,160.9,11.74,2.02,14.0,88.1,83.4,89.5
2022-08-11,2022,8,11,223,Monsoon,Dhaka,23.71,90.41,27.9,30.57,25.87,4.7,29.4,25.9,90.2,4.85,20.48,132.1,1000.3,6.0,1.8,61,Moderate rain,27.9,30.57,25.87,4.85,90.21,20.48,132.1,1000.3,NASA POWER MERRA-2 (primary) + ERA5-normals sim (solar/sunshine/weather-code),201,1,665,867,8213,33,0.4018,DENV-3/DENV-4,Critical,DGHS/WHO/PMC anchored estimates (daily distribution),194.3,172.4,14.72,4.94,2.96,85.7,87.6,86.8
2022-08-12,2022,8,12,224,Monsoon,Dhaka,23.71,90.41,28.82,32.68,25.58,7.1,30.0,25.7,84.4,2.36,7.85,189.0,999.7,14.9,2.5,3,Overcast,28.82,32.68,25.58,2.36,84.4,7.85,189.0,999.7,NASA POWER MERRA-2 (primary) + ERA5-normals sim (solar/sunshine/weather-code),124,2,692,818,8337,35,0.4198,DENV-3/DENV-4,High,DGHS/WHO/PMC anchored estimates (daily distribution),180.1,169.9,6.39,8.65,2.97,86.6,78.8,88.1
2022-08-13,2022,8,13,225,Monsoon,Dhaka,23.71,90.41,27.76,30.08,26.0,4.1,29.4,26.2,92.0,11.0,16.24,130.1,999.0,5.7,2.2,80,Rain showers,27.76,30.08,26.0,11.0,91.97,16.24,130.1,999.0,NASA POWER MERRA-2 (primary) + ERA5-normals sim (solar/sunshine/weather-code),67,1,657,725,8404,36,0.4284,DENV-3/DENV-4,Moderate,DGHS/WHO/PMC anchored estimates (daily distribution),151.1,166.4,25.17,3.14,13.05,88.6,86.3,90.7
2022-08-14,2022,8,14,226,Monsoon,Dhaka,23.71,90.41,27.23,29.63,25.51,4.1,28.8,25.6,91.7,19.98,27.79,125.7,1002.4,15.3,3.5,80,Rain showers,27.23,29.63,25.51,19.98,91.71,27.79,125.7,1002.4,NASA POWER MERRA-2 (primary) + ERA5-normals sim (solar/sunshine/weather-code),34,0,600,634,8438,36,0.4266,DENV-3/DENV-4,Moderate,DGHS/WHO/PMC anchored estimates (daily distribution),131.3,159.9,7.17,3.52,5.22,84.8,86.9,90.0
2022-08-15,2022,8,15,227,Monsoon,Dhaka,23.71,90.41,28.18,31.76,25.89,5.9,29.7,26.1,89.5,14.86,17.06,150.5,1005.6,12.9,4.7,3,Overcast,28.18,31.76,25.89,14.86,89.47,17.06,150.5,1005.6,NASA POWER MERRA-2 (primary) + ERA5-normals sim (solar/sunshine/weather-code),172,1,425,598,8610,37,0.4297,DENV-3/DENV-4,High,DGHS/WHO/PMC anchored estimates (daily distribution),133.0,154.6,9.92,10.23,16.4,90.3,88.1,86.2
2022-08-16,2022,8,16,228,Monsoon,Dhaka,23.71,90.41,28.91,32.3,25.64,6.7,30.2,26.0,85.4,4.41,7.81,220.8,1004.7,16.4,4.1,80,Rain showers,28.91,32.3,25.64,4.41,85.45,7.81,220.8,1004.7,NASA POWER MERRA-2 (primary) + ERA5-normals sim (solar/sunshine/weather-code),129,2,395,526,8739,39,0.4463,DENV-3/DENV-4,High,DGHS/WHO/PMC anchored estimates (daily distribution),133.6,152.5,6.14,7.25,7.33,88.6,85.4,80.6
2022-08-17,2022,8,17,229,Monsoon,Dhaka,23.71,90.41,29.59,32.72,26.25,6.5,30.8,26.3,83.5,4.1,6.44,266.3,1002.0,6.8,1.3,80,Rain showers,29.59,32.72,26.25,4.1,83.46,6.44,266.3,1002.0,NASA POWER MERRA-2 (primary) + ERA5-normals sim (solar/sunshine/weather-code),146,0,402,548,8885,39,0.4389,DENV-3/DENV-4,High,DGHS/WHO/PMC anchored estimates (daily distribution),124.7,150.6,4.97,11.74,2.02,92.1,88.1,83.4
2022-08-18,2022,8,18,230,Monsoon,Dhaka,23.71,90.41,30.01,33.03,27.15,5.9,31.2,26.8,83.8,4.98,9.4,40.7,998.5,4.5,1.0,95,Thunderstorm,30.01,33.03,27.15,4.98,83.84,9.4,40.7,998.5,NASA POWER MERRA-2 (primary) + ERA5-normals sim (solar/sunshine/weather-code),125,1,480,606,9010,40,0.444,DENV-3/DENV-4,High,DGHS/WHO/PMC anchored estimates (daily distribution),113.9,154.1,4.85,14.72,4.94,90.2,85.7,87.6
2022-08-19,2022,8,19,231,Monsoon,Dhaka,23.71,90.41,28.4,31.76,25.45,6.3,29.7,25.8,86.9,22.3,21.38,122.0,999.7,16.3,3.6,2,Partly cloudy,28.4,31.76,25.45,22.3,86.9,21.38,122.0,999.7,NASA POWER MERRA-2 (primary) + ERA5-normals sim (solar/sunshine/weather-code),64,0,572,636,9074,40,0.4408,DENV-3/DENV-4,Moderate,DGHS/WHO/PMC anchored estimates (daily distribution),105.3,142.7,2.36,6.39,8.65,84.4,86.6,78.8
2022-08-20,2022,8,20,232,Monsoon,Dhaka,23.71,90.41,28.08,31.36,25.98,5.4,29.5,25.6,87.6,8.26,20.92,138.2,1001.8,7.2,4.5,61,Moderate rain,28.08,31.36,25.98,8.26,87.59,20.92,138.2,1001.8,NASA POWER MERRA-2 (primary) + ERA5-normals sim (solar/sunshine/weather-code),34,0,464,498,9108,40,0.4392,DENV-3/DENV-4,Moderate,DGHS/WHO/PMC anchored estimates (daily distribution),100.6,125.9,11.0,25.17,3.14,92.0,88.6,86.3
2022-08-21,2022,8,21,233,Monsoon,Dhaka,23.71,90.41,28.3,31.62,25.86,5.8,29.7,25.8,87.6,4.95,12.17,154.1,1001.5,16.1,2.2,80,Rain showers,28.3,31.62,25.86,4.95,87.58,12.17,154.1,1001.5,NASA POWER MERRA-2 (primary) + ERA5-normals sim (solar/sunshine/weather-code),46,1,368,415,9154,41,0.4479,DENV-3/DENV-4,Moderate,DGHS/WHO/PMC anchored estimates (daily distribution),102.3,116.8,19.98,7.17,3.52,91.7,84.8,86.9
2022-08-22,2022,8,22,234,Monsoon,Dhaka,23.71,90.41,28.95,32.39,26.09,6.3,30.2,26.0,85.1,2.45,7.42,185.7,1000.9,11.2,6.0,61,Moderate rain,28.95,32.39,26.09,2.45,85.11,7.42,185.7,1000.9,NASA POWER MERRA-2 (primary) + ERA5-normals sim (solar/sunshine/weather-code),66,1,268,335,9220,42,0.4555,DENV-3/DENV-4,Moderate,DGHS/WHO/PMC anchored estimates (daily distribution),87.1,110.1,14.86,9.92,10.23,89.5,90.3,88.1
2022-08-23,2022,8,23,235,Monsoon,Dhaka,23.71,90.41,28.09,31.24,25.89,5.3,29.5,25.9,89.1,34.31,13.07,157.7,1003.1,10.2,5.0,51,Light drizzle,28.09,31.24,25.89,34.31,89.06,13.07,157.7,1003.1,NASA POWER MERRA-2 (primary) + ERA5-normals sim (solar/sunshine/weather-code),71,0,210,281,9291,42,0.4521,DENV-3/DENV-4,Moderate,DGHS/WHO/PMC anchored estimates (daily distribution),78.9,106.2,4.41,6.14,7.25,85.4,88.6,85.4
2022-08-24,2022,8,24,236,Monsoon,Dhaka,23.71,90.41,27.78,31.27,25.35,5.9,29.2,25.3,87.7,5.57,15.19,149.9,1004.9,12.2,5.4,80,Rain showers,27.78,31.27,25.35,5.57,87.72,15.19,149.9,1004.9,NASA POWER MERRA-2 (primary) + ERA5-normals sim (solar/sunshine/weather-code),74,0,217,291,9365,42,0.4485,DENV-3/DENV-4,Moderate,DGHS/WHO/PMC anchored estimates (daily distribution),68.6,96.6,4.1,4.97,11.74,83.5,92.1,88.1
2022-08-25,2022,8,25,237,Monsoon,Dhaka,23.71,90.41,28.34,32.31,24.89,7.4,29.5,25.0,83.4,3.87,6.95,189.9,1003.8,17.6,4.6,2,Partly cloudy,28.34,32.31,24.89,3.87,83.45,6.95,189.9,1003.8,NASA POWER MERRA-2 (primary) + ERA5-normals sim (solar/sunshine/weather-code),305,2,255,562,9670,44,0.455,DENV-3/DENV-4,Critical,DGHS/WHO/PMC anchored estimates (daily distribution),94.3,104.1,4.98,4.85,14.72,83.8,90.2,85.7
2022-08-26,2022,8,26,238,Monsoon,Dhaka,23.71,90.41,28.53,32.07,26.15,5.9,29.9,25.9,86.9,0.54,11.09,223.7,1002.2,17.3,4.2,2,Partly cloudy,28.53,32.07,26.15,0.54,86.9,11.09,223.7,1002.2,NASA POWER MERRA-2 (primary) + ERA5-normals sim (solar/sunshine/weather-code),265,4,512,781,9935,48,0.4831,DENV-3/DENV-4,Critical,DGHS/WHO/PMC anchored estimates (daily distribution),123.0,114.1,22.3,2.36,6.39,86.9,84.4,86.6
2022-08-27,2022,8,27,239,Monsoon,Dhaka,23.71,90.41,27.77,30.45,25.8,4.6,29.3,25.7,89.8,1.48,14.08,182.8,1002.6,9.6,4.4,61,Moderate rain,27.77,30.45,25.8,1.48,89.83,14.08,182.8,1002.6,NASA POWER MERRA-2 (primary) + ERA5-normals sim (solar/sunshine/weather-code),183,0,715,898,10118,48,0.4744,DENV-3/DENV-4,High,DGHS/WHO/PMC anchored estimates (daily distribution),144.3,122.4,8.26,11.0,25.17,87.6,92.0,88.6
2022-08-28,2022,8,28,240,Monsoon,Dhaka,23.71,90.41,27.8,30.79,25.75,5.0,29.2,25.4,88.0,6.0,14.58,166.3,1005.1,11.5,5.5,61,Moderate rain,27.8,30.79,25.75,6.0,87.95,14.58,166.3,1005.1,NASA POWER MERRA-2 (primary) + ERA5-normals sim (solar/sunshine/weather-code),112,0,827,939,10230,48,0.4692,DENV-3/DENV-4,High,DGHS/WHO/PMC anchored estimates (daily distribution),153.7,128.0,4.95,19.98,7.17,87.6,91.7,84.8
2022-08-29,2022,8,29,241,Monsoon,Dhaka,23.71,90.41,28.65,32.35,25.46,6.9,29.9,25.7,85.1,1.51,9.0,185.5,1007.2,19.2,4.9,61,Moderate rain,28.65,32.35,25.46,1.51,85.08,9.0,185.5,1007.2,NASA POWER MERRA-2 (primary) + ERA5-normals sim (solar/sunshine/weather-code),113,0,865,978,10343,48,0.4641,DENV-3/DENV-4,High,DGHS/WHO/PMC anchored estimates (daily distribution),160.4,123.8,2.45,14.86,9.92,85.1,89.5,90.3
2022-08-30,2022,8,30,242,Monsoon,Dhaka,23.71,90.41,29.1,32.42,25.84,6.6,30.2,25.7,82.9,0.86,7.45,240.7,1007.3,17.2,6.3,51,Light drizzle,29.1,32.42,25.84,0.86,82.93,7.45,240.7,1007.3,NASA POWER MERRA-2 (primary) + ERA5-normals sim (solar/sunshine/weather-code),160,1,672,833,10503,49,0.4665,DENV-3/DENV-4,High,DGHS/WHO/PMC anchored estimates (daily distribution),173.1,126.0,34.31,4.41,6.14,89.1,85.4,88.6
2022-08-31,2022,8,31,243,Monsoon,Dhaka,23.71,90.41,28.82,32.21,25.95,6.3,30.1,26.0,85.8,0.49,9.0,207.7,1005.6,14.5,3.8,61,Moderate rain,28.82,32.21,25.95,0.49,85.78,9.0,207.7,1005.6,NASA POWER MERRA-2 (primary) + ERA5-normals sim (solar/sunshine/weather-code),122,1,567,690,10625,50,0.4706,DENV-3/DENV-4,High,DGHS/WHO/PMC anchored estimates (daily distribution),180.0,124.3,5.57,4.1,4.97,87.7,83.5,92.1
2022-09-01,2022,9,1,244,Monsoon,Dhaka,23.71,90.41,28.29,30.19,26.6,3.6,29.5,25.1,84.1,2.75,5.4,190.3,1006.6,10.6,4.0,61,Moderate rain,28.29,30.19,26.6,2.75,84.13,5.4,190.3,1006.6,NASA POWER MERRA-2 (primary) + ERA5-normals sim (solar/sunshine/weather-code),289,1,506,796,10914,51,0.4673,DENV-3/DENV-4,Critical,DGHS/WHO/PMC anchored estimates (daily distribution),177.7,136.0,3.87,4.98,4.85,83.4,83.8,90.2
2022-09-02,2022,9,2,245,Monsoon,Dhaka,23.71,90.41,28.39,31.19,26.28,4.9,29.7,25.7,86.6,10.25,8.5,214.1,1006.8,6.7,2.3,80,Rain showers,28.39,31.19,26.28,10.25,86.58,8.5,214.1,1006.8,NASA POWER MERRA-2 (primary) + ERA5-normals sim (solar/sunshine/weather-code),227,2,682,911,11141,53,0.4757,DENV-3/DENV-4,Critical,DGHS/WHO/PMC anchored estimates (daily distribution),172.3,147.6,0.54,22.3,2.36,86.9,86.9,84.4
2022-09-03,2022,9,3,246,Monsoon,Dhaka,23.71,90.41,28.99,32.18,26.09,6.1,30.4,26.4,87.2,12.47,13.57,207.0,1004.0,11.5,3.3,61,Moderate rain,28.99,32.18,26.09,12.47,87.24,13.57,207.0,1004.0,NASA POWER MERRA-2 (primary) + ERA5-normals sim (solar/sunshine/weather-code),456,2,796,1254,11597,55,0.4743,DENV-3/DENV-4,Critical,DGHS/WHO/PMC anchored estimates (daily distribution),211.3,177.8,1.48,8.26,11.0,89.8,87.6,92.0
2022-09-04,2022,9,4,247,Monsoon,Dhaka,23.71,90.41,29.08,32.21,26.96,5.2,30.5,26.7,88.3,19.14,13.5,202.0,1003.8,15.4,7.4,61,Moderate rain,29.08,32.21,26.96,19.14,88.3,13.5,202.0,1003.8,NASA POWER MERRA-2 (primary) + ERA5-normals sim (solar/sunshine/weather-code),216,0,1094,1310,11813,55,0.4656,DENV-3/DENV-4,Critical,DGHS/WHO/PMC anchored estimates (daily distribution),226.1,189.9,6.0,4.95,19.98,88.0,87.6,91.7
2022-09-05,2022,9,5,248,Monsoon,Dhaka,23.71,90.41,28.69,31.19,27.0,4.2,30.2,26.6,89.8,13.69,11.34,186.2,1004.4,7.0,3.1,80,Rain showers,28.69,31.19,27.0,13.69,89.83,11.34,186.2,1004.4,NASA POWER MERRA-2 (primary) + ERA5-normals sim (solar/sunshine/weather-code),300,4,1184,1488,12113,59,0.4871,DENV-3/DENV-4,Critical,DGHS/WHO/PMC anchored estimates (daily distribution),252.9,206.6,1.51,2.45,14.86,85.1,85.1,89.5
2022-09-06,2022,9,6,249,Monsoon,Dhaka,23.71,90.41,28.6,31.7,26.52,5.2,29.9,25.7,85.4,11.78,4.5,193.0,1005.4,11.9,3.9,2,Partly cloudy,28.6,31.7,26.52,11.78,85.39,4.5,193.0,1005.4,NASA POWER MERRA-2 (primary) + ERA5-normals sim (solar/sunshine/weather-code),146,1,1198,1345,12259,60,0.4894,DENV-3/DENV-4,High,DGHS/WHO/PMC anchored estimates (daily distribution),250.9,212.0,0.86,34.31,4.41,82.9,89.1,85.4
2022-09-07,2022,9,7,250,Monsoon,Dhaka,23.71,90.41,28.33,30.68,25.69,5.0,29.7,25.8,87.2,10.75,5.76,93.1,1006.3,9.5,7.5,2,Partly cloudy,28.33,30.68,25.69,10.75,87.21,5.76,93.1,1006.3,NASA POWER MERRA-2 (primary) + ERA5-normals sim (solar/sunshine/weather-code),102,1,1117,1220,12361,61,0.4935,DENV-3/DENV-4,High,DGHS/WHO/PMC anchored estimates (daily distribution),248.0,214.0,0.49,5.57,4.1,85.8,87.7,83.5
2022-09-08,2022,9,8,251,Monsoon,Dhaka,23.71,90.41,29.9,33.01,26.38,6.6,31.0,26.5,82.8,8.54,6.48,27.0,1006.4,8.1,1.6,80,Rain showers,29.9,33.01,26.38,8.54,82.8,6.48,27.0,1006.4,NASA POWER MERRA-2 (primary) + ERA5-normals sim (solar/sunshine/weather-code),371,1,763,1135,12732,62,0.487,DENV-3/DENV-4,Critical,DGHS/WHO/PMC anchored estimates (daily distribution),259.7,218.7,2.75,3.87,4.98,84.1,83.4,83.8
2022-09-09,2022,9,9,252,Monsoon,Dhaka,23.71,90.41,28.42,30.72,26.96,3.8,29.8,26.0,88.0,11.22,7.67,251.2,1006.4,10.7,6.3,3,Overcast,28.42,30.72,26.96,11.22,87.99,7.67,251.2,1006.4,NASA POWER MERRA-2 (primary) + ERA5-normals sim (solar/sunshine/weather-code),316,0,919,1235,13048,62,0.4752,DENV-3/DENV-4,Critical,DGHS/WHO/PMC anchored estimates (daily distribution),272.4,222.4,10.25,0.54,22.3,86.6,86.9,86.9
2022-09-10,2022,9,10,253,Monsoon,Dhaka,23.71,90.41,27.34,29.05,26.22,2.8,29.0,25.8,92.2,10.91,13.82,143.7,1006.3,15.4,3.7,3,Overcast,27.34,29.05,26.22,10.91,92.25,13.82,143.7,1006.3,NASA POWER MERRA-2 (primary) + ERA5-normals sim (solar/sunshine/weather-code),252,0,935,1187,13300,62,0.4662,DENV-3/DENV-4,Critical,DGHS/WHO/PMC anchored estimates (daily distribution),243.3,227.3,12.47,1.48,8.26,87.2,89.8,87.6
2022-09-11,2022,9,11,254,Monsoon,Dhaka,23.71,90.41,27.34,29.12,26.23,2.9,28.9,25.7,91.6,26.02,16.6,142.3,1005.3,15.1,8.3,80,Rain showers,27.34,29.12,26.23,26.02,91.65,16.6,142.3,1005.3,NASA POWER MERRA-2 (primary) + ERA5-normals sim (solar/sunshine/weather-code),152,0,1041,1193,13452,62,0.4609,DENV-3/DENV-4,High,DGHS/WHO/PMC anchored estimates (daily distribution),234.1,230.1,19.14,6.0,4.95,88.3,88.0,87.6
2022-09-12,2022,9,12,255,Monsoon,Dhaka,23.71,90.41,27.23,28.44,26.37,2.1,29.0,26.1,94.5,24.5,17.93,150.6,1004.8,15.7,5.7,80,Rain showers,27.23,28.44,26.37,24.5,94.48,17.93,150.6,1004.8,NASA POWER MERRA-2 (primary) + ERA5-normals sim (solar/sunshine/weather-code),270,1,1090,1361,13722,63,0.4591,DENV-3/DENV-4,Critical,DGHS/WHO/PMC anchored estimates (daily distribution),229.9,241.4,13.69,1.51,2.45,89.8,85.1,85.1
2022-09-13,2022,9,13,256,Monsoon,Dhaka,23.71,90.41,27.25,29.17,25.92,3.2,28.9,26.0,93.9,33.07,16.02,191.6,1006.1,14.0,5.6,61,Moderate rain,27.25,29.17,25.92,33.07,93.92,16.02,191.6,1006.1,NASA POWER MERRA-2 (primary) + ERA5-normals sim (solar/sunshine/weather-code),317,3,987,1307,14039,66,0.4701,DENV-3/DENV-4,Critical,DGHS/WHO/PMC anchored estimates (daily distribution),254.3,252.6,11.78,0.86,34.31,85.4,82.9,89.1
2022-09-14,2022,9,14,257,Monsoon,Dhaka,23.71,90.41,27.55,30.14,25.41,4.7,29.0,25.4,89.4,35.48,12.42,195.3,1007.5,9.0,2.4,61,Moderate rain,27.55,30.14,25.41,35.48,89.43,12.42,195.3,1007.5,NASA POWER MERRA-2 (primary) + ERA5-normals sim (solar/sunshine/weather-code),407,5,986,1398,14446,71,0.4915,DENV-3/DENV-4,Critical,DGHS/WHO/PMC anchored estimates (daily distribution),297.9,272.9,10.75,0.49,5.57,87.2,85.8,87.7
2022-09-15,2022,9,15,258,Monsoon,Dhaka,23.71,90.41,27.91,30.88,25.47,5.4,29.4,25.8,89.6,24.47,12.24,204.3,1005.3,15.7,3.9,3,Overcast,27.91,30.88,25.47,24.47,89.55,12.24,204.3,1005.3,NASA POWER MERRA-2 (primary) + ERA5-normals sim (solar/sunshine/weather-code),185,0,1146,1331,14631,71,0.4853,DENV-3/DENV-4,High,DGHS/WHO/PMC anchored estimates (daily distribution),271.3,265.5,8.54,2.75,3.87,82.8,84.1,83.4
2022-09-16,2022,9,16,259,Monsoon,Dhaka,23.71,90.41,27.98,30.75,25.88,4.9,29.4,25.8,89.2,10.61,8.46,219.9,1002.4,9.5,5.9,2,Partly cloudy,27.98,30.75,25.88,10.61,89.17,8.46,219.9,1002.4,NASA POWER MERRA-2 (primary) + ERA5-normals sim (solar/sunshine/weather-code),151,1,1178,1330,14782,72,0.4871,DENV-3/DENV-4,High,DGHS/WHO/PMC anchored estimates (daily distribution),247.7,260.1,11.22,10.25,0.54,88.0,86.6,86.9
2022-09-17,2022,9,17,260,Monsoon,Dhaka,23.71,90.41,28.57,32.16,25.54,6.6,29.9,25.7,85.8,1.21,9.47,191.2,1002.5,8.5,1.8,80,Rain showers,28.57,32.16,25.54,1.21,85.78,9.47,191.2,1002.5,NASA POWER MERRA-2 (primary) + ERA5-normals sim (solar/sunshine/weather-code),170,1,1059,1230,14952,73,0.4882,DENV-3/DENV-4,High,DGHS/WHO/PMC anchored estimates (daily distribution),236.0,239.6,10.91,12.47,1.48,92.2,87.2,89.8
2022-09-18,2022,9,18,261,Monsoon,Dhaka,23.71,90.41,28.57,31.81,25.91,5.9,30.0,26.1,87.8,1.48,8.53,172.2,1003.0,15.6,3.4,2,Partly cloudy,28.57,31.81,25.91,1.48,87.8,8.53,172.2,1003.0,NASA POWER MERRA-2 (primary) + ERA5-normals sim (solar/sunshine/weather-code),293,1,912,1206,15245,74,0.4854,DENV-3/DENV-4,Critical,DGHS/WHO/PMC anchored estimates (daily distribution),256.1,245.1,26.02,19.14,6.0,91.6,88.3,88.0
2022-09-19,2022,9,19,262,Monsoon,Dhaka,23.71,90.41,27.55,29.76,25.93,3.8,29.2,26.0,92.1,8.46,12.89,138.4,1004.3,14.0,7.4,3,Overcast,27.55,29.76,25.93,8.46,92.09,12.89,138.4,1004.3,NASA POWER MERRA-2 (primary) + ERA5-normals sim (solar/sunshine/weather-code),259,1,798,1058,15504,75,0.4837,DENV-3/DENV-4,Critical,DGHS/WHO/PMC anchored estimates (daily distribution),254.6,242.2,24.5,13.69,1.51,94.5,89.8,85.1
2022-09-20,2022,9,20,263,Monsoon,Dhaka,23.71,90.41,27.84,30.89,25.78,5.1,29.3,25.8,89.6,1.41,19.62,136.6,1004.6,7.3,3.6,3,Overcast,27.84,30.89,25.78,1.41,89.61,19.62,136.6,1004.6,NASA POWER MERRA-2 (primary) + ERA5-normals sim (solar/sunshine/weather-code),314,2,871,1187,15818,77,0.4868,DENV-3/DENV-4,Critical,DGHS/WHO/PMC anchored estimates (daily distribution),254.1,254.2,33.07,11.78,0.86,93.9,85.4,82.9
2022-09-21,2022,9,21,264,Monsoon,Dhaka,23.71,90.41,27.88,30.95,25.77,5.2,29.4,25.8,89.8,4.64,16.06,154.8,1005.3,18.2,4.8,80,Rain showers,27.88,30.95,25.77,4.64,89.79,16.06,154.8,1005.3,NASA POWER MERRA-2 (primary) + ERA5-normals sim (solar/sunshine/weather-code),145,1,1035,1181,15963,78,0.4886,DENV-3/DENV-4,High,DGHS/WHO/PMC anchored estimates (daily distribution),216.7,257.3,35.48,10.75,0.49,89.4,87.2,85.8
2022-09-22,2022,9,22,265,Monsoon,Dhaka,23.71,90.41,27.54,29.71,25.72,4.0,29.1,25.8,91.3,5.35,11.12,166.3,1005.6,7.1,2.1,80,Rain showers,27.54,29.71,25.72,5.35,91.31,11.12,166.3,1005.6,NASA POWER MERRA-2 (primary) + ERA5-normals sim (solar/sunshine/weather-code),120,2,1009,1131,16083,80,0.4974,DENV-3/DENV-4,High,DGHS/WHO/PMC anchored estimates (daily distribution),207.4,239.4,24.47,8.54,2.75,89.6,82.8,84.1
2022-09-23,2022,9,23,266,Monsoon,Dhaka,23.71,90.41,27.78,30.77,25.23,5.5,29.2,25.4,88.3,2.75,9.07,192.4,1005.7,9.2,2.0,80,Rain showers,27.78,30.77,25.23,2.75,88.28,9.07,192.4,1005.7,NASA POWER MERRA-2 (primary) + ERA5-normals sim (solar/sunshine/weather-code),285,1,837,1123,16368,81,0.4949,DENV-3/DENV-4,Critical,DGHS/WHO/PMC anchored estimates (daily distribution),226.6,237.1,10.61,11.22,10.25,89.2,88.0,86.6
2022-09-24,2022,9,24,267,Monsoon,Dhaka,23.71,90.41,27.4,30.1,25.36,4.7,28.8,25.2,89.0,2.38,8.42,178.0,1005.1,12.2,8.2,80,Rain showers,27.4,30.1,25.36,2.38,89.04,8.42,178.0,1005.1,NASA POWER MERRA-2 (primary) + ERA5-normals sim (solar/sunshine/weather-code),184,1,863,1048,16552,82,0.4954,DENV-3/DENV-4,High,DGHS/WHO/PMC anchored estimates (daily distribution),228.6,232.3,1.21,10.91,12.47,85.8,92.2,87.2
2022-09-25,2022,9,25,268,Monsoon,Dhaka,23.71,90.41,28.15,31.02,24.8,6.2,29.3,24.8,83.0,4.05,4.1,166.8,1005.8,7.0,2.0,80,Rain showers,28.15,31.02,24.8,4.05,82.96,4.1,166.8,1005.8,NASA POWER MERRA-2 (primary) + ERA5-normals sim (solar/sunshine/weather-code),133,1,733,867,16685,83,0.4975,DENV-3/DENV-4,High,DGHS/WHO/PMC anchored estimates (daily distribution),205.7,230.9,1.48,26.02,19.14,87.8,91.6,88.3
2022-09-26,2022,9,26,269,Monsoon,Dhaka,23.71,90.41,27.5,29.4,25.5,3.9,28.9,25.0,87.5,3.14,6.91,199.5,1006.2,7.7,1.1,80,Rain showers,27.5,29.4,25.5,3.14,87.46,6.91,199.5,1006.2,NASA POWER MERRA-2 (primary) + ERA5-normals sim (solar/sunshine/weather-code),336,0,722,1058,17021,83,0.4876,DENV-3/DENV-4,Critical,DGHS/WHO/PMC anchored estimates (daily distribution),216.7,235.6,8.46,24.5,13.69,92.1,94.5,89.8
2022-09-27,2022,9,27,270,Monsoon,Dhaka,23.71,90.41,27.76,30.87,24.71,6.2,29.2,25.4,88.0,18.75,7.27,237.3,1004.9,18.0,5.5,51,Light drizzle,27.76,30.87,24.71,18.75,88.04,7.27,237.3,1004.9,NASA POWER MERRA-2 (primary) + ERA5-normals sim (solar/sunshine/weather-code),167,0,938,1105,17188,83,0.4829,DENV-3/DENV-4,High,DGHS/WHO/PMC anchored estimates (daily distribution),195.7,224.9,1.41,33.07,11.78,89.6,93.9,85.4
2022-09-28,2022,9,28,271,Monsoon,Dhaka,23.71,90.41,27.4,29.63,25.58,4.1,28.7,24.5,85.4,5.82,7.6,26.5,1004.2,12.6,7.5,80,Rain showers,27.4,29.63,25.58,5.82,85.44,7.6,26.5,1004.2,NASA POWER MERRA-2 (primary) + ERA5-normals sim (solar/sunshine/weather-code),109,0,820,929,17297,83,0.4799,DENV-3/DENV-4,High,DGHS/WHO/PMC anchored estimates (daily distribution),190.6,203.6,4.64,35.48,10.75,89.8,89.4,87.2
2022-09-29,2022,9,29,272,Monsoon,Dhaka,23.71,90.41,28.45,31.94,24.7,7.2,29.5,24.5,80.1,0.37,5.58,7.0,1003.9,11.4,5.9,80,Rain showers,28.45,31.94,24.7,0.37,80.06,5.58,7.0,1003.9,NASA POWER MERRA-2 (primary) + ERA5-normals sim (solar/sunshine/weather-code),61,0,745,806,17358,83,0.4782,DENV-3/DENV-4,Moderate,DGHS/WHO/PMC anchored estimates (daily distribution),182.1,194.8,5.35,24.47,8.54,91.3,89.6,82.8
2022-09-30,2022,9,30,273,Monsoon,Dhaka,23.71,90.41,28.99,32.87,24.99,7.9,30.0,25.2,81.1,0.82,7.92,338.1,1003.2,16.6,4.9,61,Moderate rain,28.99,32.87,24.99,0.82,81.07,7.92,338.1,1003.2,NASA POWER MERRA-2 (primary) + ERA5-normals sim (solar/sunshine/weather-code),305,2,671,978,17663,85,0.4812,DENV-3/DENV-4,Critical,DGHS/WHO/PMC anchored estimates (daily distribution),185.0,205.8,2.75,10.61,11.22,88.3,89.2,88.0
2022-10-01,2022,10,1,274,Post-Monsoon,Dhaka,23.71,90.41,28.94,31.76,25.96,5.8,30.2,25.8,84.2,11.06,5.15,24.8,1002.2,9.9,2.9,80,Rain showers,28.94,31.76,25.96,11.06,84.22,5.15,24.8,1002.2,NASA POWER MERRA-2 (primary) + ERA5-normals sim (solar/sunshine/weather-code),929,5,637,1571,18592,90,0.4841,DENV-3/DENV-4,Critical,DGHS/WHO/PMC anchored estimates (daily distribution),291.4,260.0,2.38,1.21,10.91,89.0,85.8,92.2
2022-10-02,2022,10,2,275,Post-Monsoon,Dhaka,23.71,90.41,27.56,29.18,26.38,2.8,29.1,25.9,91.6,41.76,9.07,115.7,1002.0,19.4,8.9,3,Overcast,27.56,29.18,26.38,41.76,91.65,9.07,115.7,1002.0,NASA POWER MERRA-2 (primary) + ERA5-normals sim (solar/sunshine/weather-code),780,2,1402,2184,19372,92,0.4749,DENV-3/DENV-4,Critical,DGHS/WHO/PMC anchored estimates (daily distribution),383.9,294.8,4.05,1.48,26.02,83.0,87.8,91.6
2022-10-03,2022,10,3,276,Post-Monsoon,Dhaka,23.71,90.41,26.89,28.35,25.66,2.7,28.5,25.5,93.1,25.98,7.6,169.3,1004.6,21.1,8.3,61,Moderate rain,26.89,28.35,25.66,25.98,93.08,7.6,169.3,1004.6,NASA POWER MERRA-2 (primary) + ERA5-normals sim (solar/sunshine/weather-code),547,3,2072,2622,19919,95,0.4769,DENV-3/DENV-4,Critical,DGHS/WHO/PMC anchored estimates (daily distribution),414.0,315.4,3.14,8.46,24.5,87.5,92.1,94.5
2022-10-04,2022,10,4,277,Post-Monsoon,Dhaka,23.71,90.41,27.81,30.69,25.81,4.9,29.3,25.6,88.9,20.57,10.62,146.0,1008.0,14.2,7.0,51,Light drizzle,27.81,30.69,25.81,20.57,88.93,10.62,146.0,1008.0,NASA POWER MERRA-2 (primary) + ERA5-normals sim (solar/sunshine/weather-code),265,1,2560,2826,20184,96,0.4756,DENV-3/DENV-4,Critical,DGHS/WHO/PMC anchored estimates (daily distribution),428.0,311.9,18.75,1.41,33.07,88.0,89.6,93.9
2022-10-05,2022,10,5,278,Post-Monsoon,Dhaka,23.71,90.41,27.72,30.77,25.09,5.7,29.2,25.6,89.3,14.24,8.53,165.0,1009.2,18.4,7.3,51,Light drizzle,27.72,30.77,25.09,14.24,89.28,8.53,165.0,1009.2,NASA POWER MERRA-2 (primary) + ERA5-normals sim (solar/sunshine/weather-code),135,3,2518,2656,20319,99,0.4872,DENV-3/DENV-4,High,DGHS/WHO/PMC anchored estimates (daily distribution),431.7,311.1,5.82,4.64,35.48,85.4,89.8,89.4
2022-10-06,2022,10,6,279,Post-Monsoon,Dhaka,23.71,90.41,27.59,30.76,24.93,5.8,29.0,25.2,88.3,5.38,8.46,179.6,1009.7,6.4,3.1,95,Thunderstorm,27.59,30.76,24.93,5.38,88.31,8.46,179.6,1009.7,NASA POWER MERRA-2 (primary) + ERA5-normals sim (solar/sunshine/weather-code),772,4,1723,2499,21091,103,0.4884,DENV-3/DENV-4,Critical,DGHS/WHO/PMC anchored estimates (daily distribution),533.3,357.7,0.37,5.35,24.47,80.1,91.3,89.6
2022-10-07,2022,10,7,280,Post-Monsoon,Dhaka,23.71,90.41,28.14,31.82,24.68,7.1,29.1,24.0,79.2,2.29,4.28,163.9,1009.2,17.5,7.3,2,Partly cloudy,28.14,31.82,24.68,2.29,79.16,4.28,163.9,1009.2,NASA POWER MERRA-2 (primary) + ERA5-normals sim (solar/sunshine/weather-code),709,4,1715,2428,21800,107,0.4908,DENV-3/DENV-4,Critical,DGHS/WHO/PMC anchored estimates (daily distribution),591.0,388.0,0.82,2.75,10.61,81.1,88.3,89.2
2022-10-08,2022,10,8,281,Post-Monsoon,Dhaka,23.71,90.41,28.11,31.18,24.73,6.4,29.3,24.7,83.1,1.84,5.47,258.8,1009.4,15.9,6.4,61,Moderate rain,28.11,31.18,24.73,1.84,83.12,5.47,258.8,1009.4,NASA POWER MERRA-2 (primary) + ERA5-normals sim (solar/sunshine/weather-code),748,2,1879,2629,22548,109,0.4834,DENV-3/DENV-4,Critical,DGHS/WHO/PMC anchored estimates (daily distribution),565.1,428.3,11.06,2.38,1.21,84.2,89.0,85.8
2022-10-09,2022,10,9,282,Post-Monsoon,Dhaka,23.71,90.41,27.49,30.24,25.29,4.9,28.9,25.2,88.7,12.16,7.45,203.8,1010.9,17.3,8.5,3,Overcast,27.49,30.24,25.29,12.16,88.73,7.45,203.8,1010.9,NASA POWER MERRA-2 (primary) + ERA5-normals sim (solar/sunshine/weather-code),524,3,2361,2888,23072,112,0.4854,DENV-3/DENV-4,Critical,DGHS/WHO/PMC anchored estimates (daily distribution),528.6,456.2,41.76,4.05,1.48,91.6,83.0,87.8
2022-10-10,2022,10,10,283,Post-Monsoon,Dhaka,23.71,90.41,27.24,30.18,25.07,5.1,28.7,25.1,89.1,10.41,8.21,209.4,1011.3,16.5,6.6,3,Overcast,27.24,30.18,25.07,10.41,89.11,8.21,209.4,1011.3,NASA POWER MERRA-2 (primary) + ERA5-normals sim (solar/sunshine/weather-code),358,1,2752,3111,23430,113,0.4823,DENV-3/DENV-4,Critical,DGHS/WHO/PMC anchored estimates (daily distribution),501.6,457.8,25.98,3.14,8.46,93.1,87.5,92.1
2022-10-11,2022,10,11,284,Post-Monsoon,Dhaka,23.71,90.41,27.13,30.0,25.19,4.8,28.7,25.4,91.6,6.56,10.69,198.5,1009.7,23.9,6.2,51,Light drizzle,27.13,30.0,25.19,6.56,91.65,10.69,198.5,1009.7,NASA POWER MERRA-2 (primary) + ERA5-normals sim (solar/sunshine/weather-code),331,3,2336,2670,23761,116,0.4882,DENV-3/DENV-4,Critical,DGHS/WHO/PMC anchored estimates (daily distribution),511.0,469.5,20.57,18.75,1.41,88.9,88.0,89.6
2022-10-12,2022,10,12,285,Post-Monsoon,Dhaka,23.71,90.41,26.76,28.87,25.21,3.7,28.3,25.0,91.1,5.05,9.0,198.7,1009.9,14.9,8.0,2,Partly cloudy,26.76,28.87,25.21,5.05,91.11,9.0,198.7,1009.9,NASA POWER MERRA-2 (primary) + ERA5-normals sim (solar/sunshine/weather-code),215,1,1960,2176,23976,117,0.488,DENV-3/DENV-4,Critical,DGHS/WHO/PMC anchored estimates (daily distribution),522.4,477.1,14.24,5.82,4.64,89.3,85.4,89.8
2022-10-13,2022,10,13,286,Post-Monsoon,Dhaka,23.71,90.41,26.95,29.91,24.32,5.6,28.3,24.4,87.4,5.14,7.34,198.6,1009.8,8.1,4.9,2,Partly cloudy,26.95,29.91,24.32,5.14,87.39,7.34,198.6,1009.8,NASA POWER MERRA-2 (primary) + ERA5-normals sim (solar/sunshine/weather-code),157,0,1428,1585,24133,117,0.4848,DENV-3/DENV-4,High,DGHS/WHO/PMC anchored estimates (daily distribution),434.6,483.9,5.38,0.37,5.35,88.3,80.1,91.3
2022-10-14,2022,10,14,287,Post-Monsoon,Dhaka,23.71,90.41,27.55,30.44,24.8,5.6,28.7,24.3,83.6,10.02,3.89,261.5,1009.1,22.4,5.1,3,Overcast,27.55,30.44,24.8,10.02,83.61,3.89,261.5,1009.1,NASA POWER MERRA-2 (primary) + ERA5-normals sim (solar/sunshine/weather-code),585,2,1059,1646,24718,119,0.4814,DENV-3/DENV-4,Critical,DGHS/WHO/PMC anchored estimates (daily distribution),416.9,503.9,2.29,0.82,2.75,79.2,81.1,88.3
2022-10-15,2022,10,15,288,Post-Monsoon,Dhaka,23.71,90.41,26.9,30.39,23.95,6.4,28.2,24.2,86.4,2.91,9.72,358.6,1008.5,20.1,7.4,51,Light drizzle,26.9,30.39,23.95,2.91,86.37,9.72,358.6,1008.5,NASA POWER MERRA-2 (primary) + ERA5-normals sim (solar/sunshine/weather-code),268,2,1286,1556,24986,121,0.4843,DENV-3/DENV-4,Critical,DGHS/WHO/PMC anchored estimates (daily distribution),348.3,456.7,1.84,11.06,2.38,83.1,84.2,89.0
2022-10-16,2022,10,16,289,Post-Monsoon,Dhaka,23.71,90.41,26.37,31.19,21.94,9.2,27.6,23.5,85.6,2.61,10.08,339.9,1010.1,13.3,8.6,61,Moderate rain,26.37,31.19,21.94,2.61,85.65,10.08,339.9,1010.1,NASA POWER MERRA-2 (primary) + ERA5-normals sim (solar/sunshine/weather-code),162,0,1225,1387,25148,121,0.4812,DENV-3/DENV-4,High,DGHS/WHO/PMC anchored estimates (daily distribution),296.6,412.6,12.16,41.76,4.05,88.7,91.6,83.0
2022-10-17,2022,10,17,290,Post-Monsoon,Dhaka,23.71,90.41,27.15,31.6,22.96,8.6,28.3,23.8,83.1,1.1,7.38,315.0,1010.3,13.1,5.8,61,Moderate rain,27.15,31.6,22.96,1.1,83.12,7.38,315.0,1010.3,NASA POWER MERRA-2 (primary) + ERA5-normals sim (solar/sunshine/weather-code),275,3,1169,1447,25423,124,0.4877,DENV-3/DENV-4,Critical,DGHS/WHO/PMC anchored estimates (daily distribution),284.7,393.1,10.41,25.98,3.14,89.1,93.1,87.5
2022-10-18,2022,10,18,291,Post-Monsoon,Dhaka,23.71,90.41,27.52,31.16,23.74,7.4,28.5,23.5,80.0,0.93,4.9,324.5,1009.8,9.7,2.6,61,Moderate rain,27.52,31.16,23.74,0.93,80.04,4.9,324.5,1009.8,NASA POWER MERRA-2 (primary) + ERA5-normals sim (solar/sunshine/weather-code),382,2,1288,1672,25805,126,0.4883,DENV-3/DENV-4,Critical,DGHS/WHO/PMC anchored estimates (daily distribution),292.0,401.5,6.56,20.57,18.75,91.6,88.9,88.0
2022-10-19,2022,10,19,292,Post-Monsoon,Dhaka,23.71,90.41,26.62,30.03,23.14,6.9,27.8,23.3,83.3,0.55,7.49,8.0,1009.9,16.8,8.1,2,Partly cloudy,26.62,30.03,23.14,0.55,83.28,7.49,8.0,1009.9,NASA POWER MERRA-2 (primary) + ERA5-normals sim (solar/sunshine/weather-code),203,0,1087,1290,26008,126,0.4845,DENV-3/DENV-4,Critical,DGHS/WHO/PMC anchored estimates (daily distribution),290.3,406.4,5.05,14.24,5.82,91.1,89.3,85.4
2022-10-20,2022,10,20,293,Post-Monsoon,Dhaka,23.71,90.41,26.41,30.93,22.89,8.0,27.6,23.3,84.4,0.11,10.76,4.2,1010.7,16.0,4.9,80,Rain showers,26.41,30.93,22.89,0.11,84.43,10.76,4.2,1010.7,NASA POWER MERRA-2 (primary) + ERA5-normals sim (solar/sunshine/weather-code),443,2,1020,1465,26451,128,0.4839,DENV-3/DENV-4,Critical,DGHS/WHO/PMC anchored estimates (daily distribution),331.1,382.9,5.14,5.38,0.37,87.4,88.3,80.1
2022-10-21,2022,10,21,294,Post-Monsoon,Dhaka,23.71,90.41,26.62,31.05,22.66,8.4,27.9,23.6,84.9,0.0,9.83,6.2,1011.7,7.0,7.6,61,Moderate rain,26.62,31.05,22.66,0.0,84.89,9.83,6.2,1011.7,NASA POWER MERRA-2 (primary) + ERA5-normals sim (solar/sunshine/weather-code),479,2,1301,1782,26930,130,0.4827,DENV-3/DENV-4,Critical,DGHS/WHO/PMC anchored estimates (daily distribution),316.0,366.4,10.02,2.29,0.82,83.6,79.2,81.1
2022-10-22,2022,10,22,295,Post-Monsoon,Dhaka,23.71,90.41,26.68,31.38,22.79,8.6,27.8,23.3,82.9,0.0,9.9,21.9,1011.5,22.2,5.1,51,Light drizzle,26.68,31.38,22.79,0.0,82.87,9.9,21.9,1011.5,NASA POWER MERRA-2 (primary) + ERA5-normals sim (solar/sunshine/weather-code),901,2,1505,2408,27831,132,0.4743,DENV-3/DENV-4,Critical,DGHS/WHO/PMC anchored estimates (daily distribution),406.4,377.4,2.91,1.84,11.06,86.4,83.1,84.2
2022-10-23,2022,10,23,296,Post-Monsoon,Dhaka,23.71,90.41,25.01,27.5,23.03,4.5,26.5,23.1,90.3,25.1,8.53,48.8,1010.5,17.8,8.8,61,Moderate rain,25.01,27.5,23.03,25.1,90.29,8.53,48.8,1010.5,NASA POWER MERRA-2 (primary) + ERA5-normals sim (solar/sunshine/weather-code),541,0,2026,2567,28372,132,0.4652,DENV-3/DENV-4,Critical,DGHS/WHO/PMC anchored estimates (daily distribution),460.6,378.6,2.61,12.16,41.76,85.6,88.7,91.6
2022-10-24,2022,10,24,297,Post-Monsoon,Dhaka,23.71,90.41,23.48,24.24,21.64,2.6,25.2,22.5,95.0,149.91,25.09,45.1,1004.2,18.2,7.3,80,Rain showers,23.48,24.24,21.64,149.91,94.96,25.09,45.1,1004.2,NASA POWER MERRA-2 (primary) + ERA5-normals sim (solar/sunshine/weather-code),648,2,2362,3012,29020,134,0.4618,DENV-3/DENV-4,Critical,DGHS/WHO/PMC anchored estimates (daily distribution),513.9,399.3,1.1,10.41,25.98,83.1,89.1,93.1
2022-10-25,2022,10,25,298,Post-Monsoon,Dhaka,23.71,90.41,24.02,27.46,21.17,6.3,25.3,21.2,85.8,26.26,15.84,274.0,1006.2,18.3,7.3,51,Light drizzle,24.02,27.46,21.17,26.26,85.75,15.84,274.0,1006.2,NASA POWER MERRA-2 (primary) + ERA5-normals sim (solar/sunshine/weather-code),378,2,2567,2947,29398,136,0.4626,DENV-3/DENV-4,Critical,DGHS/WHO/PMC anchored estimates (daily distribution),513.3,402.6,0.93,6.56,20.57,80.0,91.6,88.9
2022-10-26,2022,10,26,299,Post-Monsoon,Dhaka,23.71,90.41,24.47,28.55,20.43,8.1,25.6,20.8,81.8,2.64,6.59,76.3,1012.3,9.8,3.0,80,Rain showers,24.47,28.55,20.43,2.64,81.78,6.59,76.3,1012.3,NASA POWER MERRA-2 (primary) + ERA5-normals sim (solar/sunshine/weather-code),275,1,2467,2743,29673,137,0.4617,DENV-3/DENV-4,Critical,DGHS/WHO/PMC anchored estimates (daily distribution),523.6,406.9,0.55,5.05,14.24,83.3,91.1,89.3
2022-10-27,2022,10,27,300,Post-Monsoon,Dhaka,23.71,90.41,24.23,28.75,20.69,8.1,25.2,20.1,79.3,0.0,9.04,34.0,1011.9,11.3,5.1,61,Moderate rain,24.23,28.75,20.69,0.0,79.29,9.04,34.0,1011.9,NASA POWER MERRA-2 (primary) + ERA5-normals sim (solar/sunshine/weather-code),168,0,1842,2010,29841,137,0.4591,DENV-3/DENV-4,High,DGHS/WHO/PMC anchored estimates (daily distribution),484.3,407.7,0.11,5.14,5.38,84.4,87.4,88.3
2022-10-28,2022,10,28,301,Post-Monsoon,Dhaka,23.71,90.41,23.61,28.32,18.76,9.6,24.4,18.8,76.1,0.0,7.56,355.6,1011.1,15.4,7.2,51,Light drizzle,23.61,28.32,18.76,0.0,76.07,7.56,355.6,1011.1,NASA POWER MERRA-2 (primary) + ERA5-normals sim (solar/sunshine/weather-code),187,1,1468,1656,30028,138,0.4596,DENV-3/DENV-4,High,DGHS/WHO/PMC anchored estimates (daily distribution),442.6,379.3,0.0,10.02,2.29,84.9,83.6,79.2
2022-10-29,2022,10,29,302,Post-Monsoon,Dhaka,23.71,90.41,24.09,28.88,19.14,9.7,24.9,19.2,75.4,0.07,6.26,349.2,1010.9,20.2,6.8,3,Overcast,24.09,28.88,19.14,0.07,75.36,6.26,349.2,1010.9,NASA POWER MERRA-2 (primary) + ERA5-normals sim (solar/sunshine/weather-code),260,1,1007,1268,30288,139,0.4589,DENV-3/DENV-4,Critical,DGHS/WHO/PMC anchored estimates (daily distribution),351.0,378.7,0.0,2.91,1.84,82.9,86.4,83.1
2022-10-30,2022,10,30,303,Post-Monsoon,Dhaka,23.71,90.41,24.74,29.95,20.35,9.6,25.7,20.7,79.6,7.54,6.62,322.1,1010.6,19.2,8.1,2,Partly cloudy,24.74,29.95,20.35,7.54,79.56,6.62,322.1,1010.6,NASA POWER MERRA-2 (primary) + ERA5-normals sim (solar/sunshine/weather-code),646,1,889,1536,30934,140,0.4526,DENV-3/DENV-4,Critical,DGHS/WHO/PMC anchored estimates (daily distribution),366.0,413.3,25.1,2.61,12.16,90.3,85.6,88.7
2022-10-31,2022,10,31,304,Post-Monsoon,Dhaka,23.71,90.41,25.73,30.44,21.4,9.0,26.9,22.5,84.0,0.5,6.88,343.4,1011.2,20.1,9.7,2,Partly cloudy,25.73,30.44,21.4,0.5,84.0,6.88,343.4,1011.2,NASA POWER MERRA-2 (primary) + ERA5-normals sim (solar/sunshine/weather-code),405,0,1261,1666,31339,140,0.4467,DENV-3/DENV-4,Critical,DGHS/WHO/PMC anchored estimates (daily distribution),331.3,422.6,149.91,1.1,10.41,95.0,83.1,89.1
2022-11-01,2022,11,1,305,Post-Monsoon,Dhaka,23.71,90.41,25.92,30.15,21.97,8.2,27.2,22.9,85.0,0.0,8.42,9.7,1011.6,19.5,7.4,51,Light drizzle,25.92,30.15,21.97,0.0,84.98,8.42,9.7,1011.6,NASA POWER MERRA-2 (primary) + ERA5-normals sim (solar/sunshine/weather-code),745,8,1490,2243,32084,148,0.4613,DENV-3/DENV-4,Critical,DGHS/WHO/PMC anchored estimates (daily distribution),383.7,448.5,26.26,0.93,6.56,85.8,80.0,91.6
2022-11-02,2022,11,2,306,Post-Monsoon,Dhaka,23.71,90.41,25.75,29.8,22.38,7.4,27.0,22.8,85.4,0.0,8.06,326.7,1010.3,19.5,8.3,2,Partly cloudy,25.75,29.8,22.38,0.0,85.43,8.06,326.7,1010.3,NASA POWER MERRA-2 (primary) + ERA5-normals sim (solar/sunshine/weather-code),464,2,2054,2520,32548,150,0.4609,DENV-3/DENV-4,Critical,DGHS/WHO/PMC anchored estimates (daily distribution),410.7,467.1,2.64,0.55,5.05,81.8,83.3,91.1
2022-11-03,2022,11,3,307,Post-Monsoon,Dhaka,23.71,90.41,24.51,27.92,21.62,6.3,25.7,21.2,83.5,0.0,8.14,317.6,1010.4,21.1,8.1,3,Overcast,24.51,27.92,21.62,0.0,83.52,8.14,317.6,1010.4,NASA POWER MERRA-2 (primary) + ERA5-normals sim (solar/sunshine/weather-code),325,2,2258,2585,32873,152,0.4624,DENV-3/DENV-4,Critical,DGHS/WHO/PMC anchored estimates (daily distribution),433.1,458.7,0.0,0.11,5.14,79.3,84.4,87.4
2022-11-04,2022,11,4,308,Post-Monsoon,Dhaka,23.71,90.41,23.85,28.26,19.13,9.1,24.7,19.1,76.3,0.0,6.26,327.3,1012.2,17.3,5.8,3,Overcast,23.85,28.26,19.13,0.0,76.34,6.26,327.3,1012.2,NASA POWER MERRA-2 (primary) + ERA5-normals sim (solar/sunshine/weather-code),232,2,1937,2171,33105,154,0.4652,DENV-3/DENV-4,Critical,DGHS/WHO/PMC anchored estimates (daily distribution),439.6,441.1,0.0,0.0,10.02,76.1,84.9,83.6
2022-11-05,2022,11,5,309,Post-Monsoon,Dhaka,23.71,90.41,25.12,29.87,21.11,8.8,25.7,19.6,72.2,0.08,3.78,246.8,1013.7,12.7,8.1,2,Partly cloudy,25.12,29.87,21.11,0.08,72.17,3.78,246.8,1013.7,NASA POWER MERRA-2 (primary) + ERA5-normals sim (solar/sunshine/weather-code),177,1,1765,1943,33282,155,0.4657,DENV-3/DENV-4,High,DGHS/WHO/PMC anchored estimates (daily distribution),427.7,389.4,0.07,0.0,2.91,75.4,82.9,86.4
2022-11-06,2022,11,6,310,Post-Monsoon,Dhaka,23.71,90.41,24.93,29.47,21.45,8.0,25.6,19.6,73.4,7.49,4.9,249.8,1013.7,18.1,6.5,51,Light drizzle,24.93,29.47,21.45,7.49,73.42,4.9,249.8,1013.7,NASA POWER MERRA-2 (primary) + ERA5-normals sim (solar/sunshine/weather-code),107,0,1198,1305,33389,155,0.4642,DENV-3/DENV-4,High,DGHS/WHO/PMC anchored estimates (daily distribution),350.7,358.4,7.54,25.1,2.61,79.6,90.3,85.6
2022-11-07,2022,11,7,311,Post-Monsoon,Dhaka,23.71,90.41,24.1,28.76,19.71,9.0,24.8,18.8,73.3,0.06,4.86,243.5,1013.3,17.8,7.3,2,Partly cloudy,24.1,28.76,19.71,0.06,73.33,4.86,243.5,1013.3,NASA POWER MERRA-2 (primary) + ERA5-normals sim (solar/sunshine/weather-code),69,1,840,910,33458,156,0.4663,DENV-3/DENV-4,Moderate,DGHS/WHO/PMC anchored estimates (daily distribution),302.7,317.0,0.5,149.91,1.1,84.0,95.0,83.1
2022-11-08,2022,11,8,312,Post-Monsoon,Dhaka,23.71,90.41,24.19,28.5,19.62,8.9,24.7,18.1,69.5,0.0,2.84,109.0,1013.3,21.7,9.9,3,Overcast,24.19,28.5,19.62,0.0,69.49,2.84,109.0,1013.3,NASA POWER MERRA-2 (primary) + ERA5-normals sim (solar/sunshine/weather-code),69,0,585,654,33527,156,0.4653,DENV-3/DENV-4,Moderate,DGHS/WHO/PMC anchored estimates (daily distribution),206.1,294.9,0.0,26.26,0.93,85.0,85.8,80.0
2022-11-09,2022,11,9,313,Post-Monsoon,Dhaka,23.71,90.41,23.72,28.01,19.25,8.8,24.4,18.6,74.4,0.0,4.57,45.0,1013.5,15.7,7.4,51,Light drizzle,23.72,28.01,19.25,0.0,74.42,4.57,45.0,1013.5,NASA POWER MERRA-2 (primary) + ERA5-normals sim (solar/sunshine/weather-code),360,0,422,782,33887,156,0.4604,DENV-3/DENV-4,Critical,DGHS/WHO/PMC anchored estimates (daily distribution),191.3,301.0,0.0,2.64,0.55,85.4,81.8,83.3
2022-11-10,2022,11,10,314,Post-Monsoon,Dhaka,23.71,90.41,23.63,27.94,18.45,9.5,24.4,18.5,74.5,0.0,5.11,36.0,1013.4,18.5,9.8,3,Overcast,23.63,27.94,18.45,0.0,74.51,5.11,36.0,1013.4,NASA POWER MERRA-2 (primary) + ERA5-normals sim (solar/sunshine/weather-code),302,0,605,907,34189,156,0.4563,DENV-3/DENV-4,Critical,DGHS/WHO/PMC anchored estimates (daily distribution),188.0,310.6,0.0,0.0,0.11,83.5,79.3,84.4
2022-11-11,2022,11,11,315,Post-Monsoon,Dhaka,23.71,90.41,23.32,28.18,18.07,10.1,24.1,18.4,75.6,0.0,6.12,26.2,1013.2,15.8,9.8,3,Overcast,23.32,28.18,18.07,0.0,75.58,6.12,26.2,1013.2,NASA POWER MERRA-2 (primary) + ERA5-normals sim (solar/sunshine/weather-code),451,3,797,1251,34640,159,0.459,DENV-3/DENV-4,Critical,DGHS/WHO/PMC anchored estimates (daily distribution),219.3,329.4,0.0,0.0,0.0,76.3,76.1,84.9
2022-11-12,2022,11,12,316,Post-Monsoon,Dhaka,23.71,90.41,23.46,28.08,19.02,9.1,24.3,18.6,75.9,0.0,6.41,8.3,1012.6,17.1,8.0,3,Overcast,23.46,28.08,19.02,0.0,75.93,6.41,8.3,1012.6,NASA POWER MERRA-2 (primary) + ERA5-normals sim (solar/sunshine/weather-code),234,3,1179,1416,34874,162,0.4645,DENV-3/DENV-4,Critical,DGHS/WHO/PMC anchored estimates (daily distribution),227.4,327.6,0.08,0.07,0.0,72.2,75.4,82.9
2022-11-13,2022,11,13,317,Post-Monsoon,Dhaka,23.71,90.41,21.8,26.38,17.71,8.7,22.9,18.1,81.7,0.01,9.72,3.7,1012.8,17.9,9.0,3,Overcast,21.8,26.38,17.71,0.01,81.67,9.72,3.7,1012.8,NASA POWER MERRA-2 (primary) + ERA5-normals sim (solar/sunshine/weather-code),106,0,1347,1453,34980,162,0.4631,DENV-3/DENV-4,High,DGHS/WHO/PMC anchored estimates (daily distribution),227.3,289.0,7.49,7.54,25.1,73.4,79.6,90.3
2022-11-14,2022,11,14,318,Post-Monsoon,Dhaka,23.71,90.41,21.64,26.78,16.12,10.7,22.5,16.9,76.4,0.14,7.34,0.7,1012.7,19.7,8.2,3,Overcast,21.64,26.78,16.12,0.14,76.38,7.34,0.7,1012.7,NASA POWER MERRA-2 (primary) + ERA5-normals sim (solar/sunshine/weather-code),151,1,1092,1244,35131,163,0.464,DENV-3/DENV-4,High,DGHS/WHO/PMC anchored estimates (daily distribution),239.0,270.9,0.06,0.5,149.91,73.3,84.0,95.0
2022-11-15,2022,11,15,319,Post-Monsoon,Dhaka,23.71,90.41,22.49,26.96,17.54,9.4,23.2,17.3,74.0,0.0,4.46,10.0,1012.1,12.1,8.2,3,Overcast,22.49,26.96,17.54,0.0,73.96,4.46,10.0,1012.1,NASA POWER MERRA-2 (primary) + ERA5-normals sim (solar/sunshine/weather-code),103,1,941,1045,35234,164,0.4655,DENV-3/DENV-4,High,DGHS/WHO/PMC anchored estimates (daily distribution),243.9,225.0,0.0,0.0,26.26,69.5,85.0,85.8
2022-11-16,2022,11,16,320,Post-Monsoon,Dhaka,23.71,90.41,22.42,26.95,17.81,9.1,23.3,18.1,78.4,0.0,5.83,9.1,1011.1,20.0,7.7,2,Partly cloudy,22.42,26.95,17.81,0.0,78.36,5.83,9.1,1011.1,NASA POWER MERRA-2 (primary) + ERA5-normals sim (solar/sunshine/weather-code),161,2,592,755,35395,166,0.469,DENV-3/DENV-4,High,DGHS/WHO/PMC anchored estimates (daily distribution),215.4,203.4,0.0,0.0,2.64,74.4,85.4,81.8
2022-11-17,2022,11,17,321,Post-Monsoon,Dhaka,23.71,90.41,22.05,27.24,17.02,10.2,23.1,18.2,80.6,0.0,8.14,5.9,1011.1,11.8,6.0,61,Moderate rain,22.05,27.24,17.02,0.0,80.59,8.14,5.9,1011.1,NASA POWER MERRA-2 (primary) + ERA5-normals sim (solar/sunshine/weather-code),78,0,521,599,35473,166,0.468,DENV-3/DENV-4,Moderate,DGHS/WHO/PMC anchored estimates (daily distribution),183.4,185.7,0.0,0.0,0.0,74.5,83.5,79.3
2022-11-18,2022,11,18,322,Post-Monsoon,Dhaka,23.71,90.41,20.98,26.07,16.04,10.0,22.0,17.0,80.2,0.0,9.58,2.2,1012.4,17.9,8.9,61,Moderate rain,20.98,26.07,16.04,0.0,80.16,9.58,2.2,1012.4,NASA POWER MERRA-2 (primary) + ERA5-normals sim (solar/sunshine/weather-code),37,0,493,530,35510,166,0.4675,DENV-3/DENV-4,Moderate,DGHS/WHO/PMC anchored estimates (daily distribution),124.3,171.8,0.0,0.0,0.0,75.6,76.3,76.1
2022-11-19,2022,11,19,323,Post-Monsoon,Dhaka,23.71,90.41,21.07,26.78,15.07,11.7,22.1,17.0,79.9,0.0,8.86,2.0,1011.9,17.1,7.2,2,Partly cloudy,21.07,26.78,15.07,0.0,79.87,8.86,2.0,1011.9,NASA POWER MERRA-2 (primary) + ERA5-normals sim (solar/sunshine/weather-code),150,2,377,529,35660,168,0.4711,DENV-3/DENV-4,High,DGHS/WHO/PMC anchored estimates (daily distribution),112.3,169.9,0.0,0.08,0.07,75.9,72.2,75.4
2022-11-20,2022,11,20,324,Post-Monsoon,Dhaka,23.71,90.41,22.2,27.9,16.21,11.7,23.1,17.8,78.2,0.62,7.88,349.4,1010.7,23.6,7.8,61,Moderate rain,22.2,27.9,16.21,0.62,78.19,7.88,349.4,1010.7,NASA POWER MERRA-2 (primary) + ERA5-normals sim (solar/sunshine/weather-code),339,1,425,765,35999,169,0.4695,DENV-3/DENV-4,Critical,DGHS/WHO/PMC anchored estimates (daily distribution),145.6,186.4,0.01,7.49,7.54,81.7,73.4,79.6
2022-11-21,2022,11,21,325,Post-Monsoon,Dhaka,23.71,90.41,21.27,26.84,16.91,9.9,22.4,17.7,82.1,0.11,10.19,331.3,1010.1,18.6,7.4,51,Light drizzle,21.27,26.84,16.91,0.11,82.09,10.19,331.3,1010.1,NASA POWER MERRA-2 (primary) + ERA5-normals sim (solar/sunshine/weather-code),300,2,602,904,36299,171,0.4711,DENV-3/DENV-4,Critical,DGHS/WHO/PMC anchored estimates (daily distribution),166.9,202.9,0.14,0.06,0.5,76.4,73.3,84.0
2022-11-22,2022,11,22,326,Post-Monsoon,Dhaka,23.71,90.41,20.2,26.13,15.01,11.1,21.4,16.9,83.6,0.0,10.76,333.6,1010.8,22.8,7.4,61,Moderate rain,20.2,26.13,15.01,0.0,83.55,10.76,333.6,1010.8,NASA POWER MERRA-2 (primary) + ERA5-normals sim (solar/sunshine/weather-code),277,1,825,1103,36576,172,0.4703,DENV-3/DENV-4,Critical,DGHS/WHO/PMC anchored estimates (daily distribution),191.7,217.8,0.0,0.0,0.0,74.0,69.5,85.0
2022-11-23,2022,11,23,327,Post-Monsoon,Dhaka,23.71,90.41,20.16,25.85,15.58,10.3,21.5,17.4,86.2,0.0,10.22,335.2,1011.1,17.5,7.9,3,Overcast,20.16,25.85,15.58,0.0,86.18,10.22,335.2,1011.1,NASA POWER MERRA-2 (primary) + ERA5-normals sim (solar/sunshine/weather-code),215,0,1066,1281,36791,172,0.4675,DENV-3/DENV-4,Critical,DGHS/WHO/PMC anchored estimates (daily distribution),199.4,207.4,0.0,0.0,0.0,78.4,74.4,85.4
2022-11-24,2022,11,24,328,Post-Monsoon,Dhaka,23.71,90.41,20.34,26.59,14.79,11.8,21.6,17.3,84.6,0.0,9.65,344.7,1011.3,17.4,7.8,3,Overcast,20.34,26.59,14.79,0.0,84.62,9.65,344.7,1011.3,NASA POWER MERRA-2 (primary) + ERA5-normals sim (solar/sunshine/weather-code),200,1,1130,1331,36991,173,0.4677,DENV-3/DENV-4,Critical,DGHS/WHO/PMC anchored estimates (daily distribution),216.9,200.1,0.0,0.0,0.0,80.6,74.5,83.5
2022-11-25,2022,11,25,329,Post-Monsoon,Dhaka,23.71,90.41,21.56,27.36,15.56,11.8,22.6,17.7,80.6,2.94,6.8,356.5,1011.8,14.1,6.7,3,Overcast,21.56,27.36,15.56,2.94,80.63,6.8,356.5,1011.8,NASA POWER MERRA-2 (primary) + ERA5-normals sim (solar/sunshine/weather-code),97,1,991,1089,37088,174,0.4692,DENV-3/DENV-4,High,DGHS/WHO/PMC anchored estimates (daily distribution),225.4,174.9,0.0,0.0,0.0,80.2,75.6,76.3
2022-11-26,2022,11,26,330,Post-Monsoon,Dhaka,23.71,90.41,21.86,27.24,16.57,10.7,22.7,17.3,77.4,0.0,5.54,344.9,1010.4,20.5,5.4,2,Partly cloudy,21.86,27.24,16.57,0.0,77.45,5.54,344.9,1010.4,NASA POWER MERRA-2 (primary) + ERA5-normals sim (solar/sunshine/weather-code),84,0,789,873,37172,174,0.4681,DENV-3/DENV-4,High,DGHS/WHO/PMC anchored estimates (daily distribution),216.0,164.1,0.0,0.0,0.08,79.9,75.9,72.2
2022-11-27,2022,11,27,331,Post-Monsoon,Dhaka,23.71,90.41,21.81,26.53,16.96,9.6,22.5,16.5,73.6,0.01,4.07,339.7,1009.0,14.4,6.9,51,Light drizzle,21.81,26.53,16.96,0.01,73.59,4.07,339.7,1009.0,NASA POWER MERRA-2 (primary) + ERA5-normals sim (solar/sunshine/weather-code),247,0,596,843,37419,174,0.465,DENV-3/DENV-4,Critical,DGHS/WHO/PMC anchored estimates (daily distribution),202.9,174.2,0.62,0.01,7.49,78.2,81.7,73.4
2022-11-28,2022,11,28,332,Post-Monsoon,Dhaka,23.71,90.41,21.46,27.1,15.8,11.3,22.5,17.5,80.1,0.01,7.24,359.8,1009.8,17.6,7.1,61,Moderate rain,21.46,27.1,15.8,0.01,80.09,7.24,359.8,1009.8,NASA POWER MERRA-2 (primary) + ERA5-normals sim (solar/sunshine/weather-code),188,1,627,816,37607,175,0.4653,DENV-3/DENV-4,High,DGHS/WHO/PMC anchored estimates (daily distribution),186.9,176.9,0.11,0.14,0.06,82.1,76.4,73.3
2022-11-29,2022,11,29,333,Post-Monsoon,Dhaka,23.71,90.41,22.66,27.91,18.02,9.9,23.6,18.4,78.6,0.01,7.42,332.5,1011.2,17.7,8.5,3,Overcast,22.66,27.91,18.02,0.01,78.58,7.42,332.5,1011.2,NASA POWER MERRA-2 (primary) + ERA5-normals sim (solar/sunshine/weather-code),328,1,615,944,37935,176,0.464,DENV-3/DENV-4,Critical,DGHS/WHO/PMC anchored estimates (daily distribution),194.1,192.9,0.0,0.0,0.0,83.6,74.0,69.5
2022-11-30,2022,11,30,334,Post-Monsoon,Dhaka,23.71,90.41,22.38,27.83,18.46,9.4,23.4,18.3,79.7,0.0,8.53,312.9,1012.0,21.1,7.0,61,Moderate rain,22.38,27.83,18.46,0.0,79.73,8.53,312.9,1012.0,NASA POWER MERRA-2 (primary) + ERA5-normals sim (solar/sunshine/weather-code),242,0,847,1089,38177,176,0.461,DENV-3/DENV-4,Critical,DGHS/WHO/PMC anchored estimates (daily distribution),198.0,198.7,0.0,0.0,0.0,86.2,78.4,74.4
2022-12-01,2022,12,1,335,Dry Winter,Dhaka,23.71,90.41,20.96,27.04,15.97,11.1,22.1,17.5,82.5,0.0,10.22,321.9,1011.6,16.0,3.9,0,Clear sky,20.96,27.04,15.97,0.0,82.52,10.22,321.9,1011.6,NASA POWER MERRA-2 (primary) + ERA5-normals sim (solar/sunshine/weather-code),71,0,1005,1076,38248,176,0.4602,DENV-3/DENV-4,Moderate,DGHS/WHO/PMC anchored estimates (daily distribution),179.6,198.2,0.0,0.0,0.0,84.6,80.6,74.5
2022-12-02,2022,12,2,336,Dry Winter,Dhaka,23.71,90.41,20.24,26.23,15.33,10.9,21.5,17.4,85.6,0.0,10.8,328.4,1011.5,18.4,9.0,0,Clear sky,20.24,26.23,15.33,0.0,85.57,10.8,328.4,1011.5,NASA POWER MERRA-2 (primary) + ERA5-normals sim (solar/sunshine/weather-code),55,1,828,884,38303,177,0.4621,DENV-3/DENV-4,Moderate,DGHS/WHO/PMC anchored estimates (daily distribution),173.6,199.5,2.94,0.0,0.0,80.6,80.2,75.6
2022-12-03,2022,12,3,337,Dry Winter,Dhaka,23.71,90.41,19.98,25.61,14.57,11.0,21.1,16.6,83.1,0.0,8.78,324.4,1011.9,18.9,7.6,1,Mainly clear,19.98,25.61,14.57,0.0,83.06,8.78,324.4,1011.9,NASA POWER MERRA-2 (primary) + ERA5-normals sim (solar/sunshine/weather-code),87,0,696,783,38390,177,0.4611,DENV-3/DENV-4,High,DGHS/WHO/PMC anchored estimates (daily distribution),174.0,195.0,0.0,0.0,0.0,77.4,79.9,75.9
2022-12-04,2022,12,4,338,Dry Winter,Dhaka,23.71,90.41,20.23,26.02,14.47,11.5,21.2,16.2,80.1,0.0,7.38,339.9,1012.4,19.4,5.6,0,Clear sky,20.23,26.02,14.47,0.0,80.09,7.38,339.9,1012.4,NASA POWER MERRA-2 (primary) + ERA5-normals sim (solar/sunshine/weather-code),96,0,455,551,38486,177,0.4599,DENV-3/DENV-4,High,DGHS/WHO/PMC anchored estimates (daily distribution),152.4,177.6,0.01,0.62,0.01,73.6,78.2,81.7
2022-12-05,2022,12,5,339,Dry Winter,Dhaka,23.71,90.41,20.21,26.26,14.66,11.6,21.4,16.8,83.0,0.0,8.64,336.7,1013.1,12.1,9.0,51,Light drizzle,20.21,26.26,14.66,0.0,82.99,8.64,336.7,1013.1,NASA POWER MERRA-2 (primary) + ERA5-normals sim (solar/sunshine/weather-code),61,1,308,370,38547,178,0.4618,DENV-3/DENV-4,Moderate,DGHS/WHO/PMC anchored estimates (daily distribution),134.3,160.6,0.01,0.11,0.14,80.1,82.1,76.4
2022-12-06,2022,12,6,340,Dry Winter,Dhaka,23.71,90.41,20.15,25.96,15.11,10.9,21.3,16.8,83.5,0.0,8.6,322.0,1011.9,18.5,7.4,51,Light drizzle,20.15,25.96,15.11,0.0,83.49,8.6,322.0,1011.9,NASA POWER MERRA-2 (primary) + ERA5-normals sim (solar/sunshine/weather-code),32,0,299,331,38579,178,0.4614,DENV-3/DENV-4,Moderate,DGHS/WHO/PMC anchored estimates (daily distribution),92.0,143.1,0.01,0.0,0.0,78.6,83.6,74.0
2022-12-07,2022,12,7,341,Dry Winter,Dhaka,23.71,90.41,19.61,25.56,14.81,10.7,20.8,16.4,84.0,0.0,9.47,332.1,1011.8,16.9,7.5,0,Clear sky,19.61,25.56,14.81,0.0,84.05,9.47,332.1,1011.8,NASA POWER MERRA-2 (primary) + ERA5-normals sim (solar/sunshine/weather-code),16,0,276,292,38595,178,0.4612,DENV-3/DENV-4,Watch,DGHS/WHO/PMC anchored estimates (daily distribution),59.7,128.9,0.0,0.0,0.0,79.7,86.2,78.4
2022-12-08,2022,12,8,342,Dry Winter,Dhaka,23.71,90.41,19.94,25.66,14.66,11.0,21.0,16.2,81.2,0.0,8.42,356.0,1012.0,18.0,7.4,1,Mainly clear,19.94,25.66,14.66,0.0,81.23,8.42,356.0,1012.0,NASA POWER MERRA-2 (primary) + ERA5-normals sim (solar/sunshine/weather-code),62,1,204,267,38657,179,0.463,DENV-3/DENV-4,Moderate,DGHS/WHO/PMC anchored estimates (daily distribution),58.4,119.0,0.0,0.0,0.0,82.5,84.6,80.6
2022-12-09,2022,12,9,343,Dry Winter,Dhaka,23.71,90.41,20.5,25.05,15.26,9.8,21.3,15.8,76.6,0.0,4.0,346.3,1011.9,16.5,4.6,0,Clear sky,20.5,25.05,15.26,0.0,76.65,4.0,346.3,1011.9,NASA POWER MERRA-2 (primary) + ERA5-normals sim (solar/sunshine/weather-code),75,1,170,246,38732,180,0.4647,DENV-3/DENV-4,Moderate,DGHS/WHO/PMC anchored estimates (daily distribution),61.3,117.4,0.0,2.94,0.0,85.6,80.6,80.2
2022-12-10,2022,12,10,344,Dry Winter,Dhaka,23.71,90.41,20.99,25.7,16.51,9.2,21.6,15.6,73.0,0.0,5.4,350.0,1011.9,17.8,7.4,0,Clear sky,20.99,25.7,16.51,0.0,73.04,5.4,350.0,1011.9,NASA POWER MERRA-2 (primary) + ERA5-normals sim (solar/sunshine/weather-code),229,1,184,414,38961,181,0.4646,DENV-3/DENV-4,Critical,DGHS/WHO/PMC anchored estimates (daily distribution),81.6,127.8,0.0,0.0,0.0,83.1,77.4,79.9
2022-12-11,2022,12,11,345,Dry Winter,Dhaka,23.71,90.41,20.16,25.77,15.3,10.5,21.0,15.4,76.4,0.0,7.52,344.6,1012.4,14.3,6.3,0,Clear sky,20.16,25.77,15.3,0.0,76.39,7.52,344.6,1012.4,NASA POWER MERRA-2 (primary) + ERA5-normals sim (solar/sunshine/weather-code),111,0,382,493,39072,181,0.4632,DENV-3/DENV-4,High,DGHS/WHO/PMC anchored estimates (daily distribution),83.7,118.1,0.0,0.01,0.62,80.1,73.6,78.2
2022-12-12,2022,12,12,346,Dry Winter,Dhaka,23.71,90.41,19.38,25.15,14.06,11.1,20.3,15.1,78.7,0.0,8.14,355.7,1012.2,22.1,6.6,0,Clear sky,19.38,25.15,14.06,0.0,78.74,8.14,355.7,1012.2,NASA POWER MERRA-2 (primary) + ERA5-normals sim (solar/sunshine/weather-code),85,0,477,562,39157,181,0.4622,DENV-3/DENV-4,High,DGHS/WHO/PMC anchored estimates (daily distribution),87.1,110.7,0.0,0.01,0.11,83.0,80.1,82.1
2022-12-13,2022,12,13,347,Dry Winter,Dhaka,23.71,90.41,19.36,24.54,13.77,10.8,20.3,14.9,77.9,0.0,6.77,11.0,1012.4,17.7,7.5,0,Clear sky,19.36,24.54,13.77,0.0,77.86,6.77,11.0,1012.4,NASA POWER MERRA-2 (primary) + ERA5-normals sim (solar/sunshine/weather-code),79,0,500,579,39236,181,0.4613,DENV-3/DENV-4,Moderate,DGHS/WHO/PMC anchored estimates (daily distribution),93.9,92.9,0.0,0.01,0.0,83.5,78.6,83.6
2022-12-14,2022,12,14,348,Dry Winter,Dhaka,23.71,90.41,19.82,24.77,14.72,10.0,20.7,15.2,76.9,0.0,5.4,13.1,1012.5,13.1,6.8,0,Clear sky,19.82,24.77,14.72,0.0,76.92,5.4,13.1,1012.5,NASA POWER MERRA-2 (primary) + ERA5-normals sim (solar/sunshine/weather-code),79,2,502,583,39315,183,0.4655,DENV-3/DENV-4,Moderate,DGHS/WHO/PMC anchored estimates (daily distribution),102.9,81.3,0.0,0.0,0.0,84.0,79.7,86.2
2022-12-15,2022,12,15,349,Dry Winter,Dhaka,23.71,90.41,18.75,24.54,13.76,10.8,19.6,14.1,76.8,0.0,7.56,344.0,1011.7,16.6,7.5,0,Clear sky,18.75,24.54,13.76,0.0,76.81,7.56,344.0,1011.7,NASA POWER MERRA-2 (primary) + ERA5-normals sim (solar/sunshine/weather-code),62,1,353,416,39377,184,0.4673,DENV-3/DENV-4,Moderate,DGHS/WHO/PMC anchored estimates (daily distribution),102.9,80.6,0.0,0.0,0.0,81.2,82.5,84.6
2022-12-16,2022,12,16,350,Dry Winter,Dhaka,23.71,90.41,17.48,23.96,12.27,11.7,18.4,13.4,79.4,0.0,9.5,357.3,1011.6,18.5,4.6,0,Clear sky,17.48,23.96,12.27,0.0,79.38,9.5,357.3,1011.6,NASA POWER MERRA-2 (primary) + ERA5-normals sim (solar/sunshine/weather-code),41,0,305,346,39418,184,0.4668,DENV-3/DENV-4,Moderate,DGHS/WHO/PMC anchored estimates (daily distribution),98.0,79.6,0.0,0.0,2.94,76.6,85.6,80.6
2022-12-17,2022,12,17,351,Dry Winter,Dhaka,23.71,90.41,18.26,24.42,12.4,12.0,19.1,13.7,77.4,0.0,7.74,346.5,1012.5,12.0,5.5,1,Mainly clear,18.26,24.42,12.4,0.0,77.35,7.74,346.5,1012.5,NASA POWER MERRA-2 (primary) + ERA5-normals sim (solar/sunshine/weather-code),53,0,261,314,39471,184,0.4662,DENV-3/DENV-4,Moderate,DGHS/WHO/PMC anchored estimates (daily distribution),72.9,77.2,0.0,0.0,0.0,73.0,83.1,77.4
2022-12-18,2022,12,18,352,Dry Winter,Dhaka,23.71,90.41,19.35,24.47,14.17,10.3,20.0,13.9,72.8,0.0,4.03,0.9,1012.5,15.2,6.4,1,Mainly clear,19.35,24.47,14.17,0.0,72.76,4.03,0.9,1012.5,NASA POWER MERRA-2 (primary) + ERA5-normals sim (solar/sunshine/weather-code),48,0,235,283,39519,184,0.4656,DENV-3/DENV-4,Moderate,DGHS/WHO/PMC anchored estimates (daily distribution),63.9,73.8,0.0,0.0,0.01,76.4,80.1,73.6
2022-12-19,2022,12,19,353,Dry Winter,Dhaka,23.71,90.41,19.61,24.89,14.82,10.1,20.2,14.0,72.0,0.0,5.26,287.6,1011.2,17.4,7.6,61,Moderate rain,19.61,24.89,14.82,0.0,72.0,5.26,287.6,1011.2,NASA POWER MERRA-2 (primary) + ERA5-normals sim (solar/sunshine/weather-code),58,0,204,262,39577,184,0.4649,DENV-3/DENV-4,Moderate,DGHS/WHO/PMC anchored estimates (daily distribution),60.0,73.6,0.0,0.0,0.01,78.7,83.0,80.1
2022-12-20,2022,12,20,354,Dry Winter,Dhaka,23.71,90.41,20.09,25.23,15.14,10.1,20.8,15.0,74.5,0.0,4.28,318.5,1011.0,19.4,8.0,1,Mainly clear,20.09,25.23,15.14,0.0,74.51,4.28,318.5,1011.0,NASA POWER MERRA-2 (primary) + ERA5-normals sim (solar/sunshine/weather-code),94,1,199,294,39671,185,0.4663,DENV-3/DENV-4,High,DGHS/WHO/PMC anchored estimates (daily distribution),62.1,78.0,0.0,0.0,0.01,77.9,83.5,78.6
2022-12-21,2022,12,21,355,Dry Winter,Dhaka,23.71,90.41,19.06,24.73,14.37,10.4,20.1,15.1,80.2,0.0,7.7,353.1,1011.6,18.6,7.5,0,Clear sky,19.06,24.73,14.37,0.0,80.25,7.7,353.1,1011.6,NASA POWER MERRA-2 (primary) + ERA5-normals sim (solar/sunshine/weather-code),74,1,252,327,39745,186,0.468,DENV-3/DENV-4,Moderate,DGHS/WHO/PMC anchored estimates (daily distribution),61.4,82.1,0.0,0.0,0.0,76.9,84.0,79.7
2022-12-22,2022,12,22,356,Dry Winter,Dhaka,23.71,90.41,19.05,24.75,13.85,10.9,19.9,14.4,76.6,0.0,6.77,338.0,1011.5,22.6,8.3,1,Mainly clear,19.05,24.75,13.85,0.0,76.65,6.77,338.0,1011.5,NASA POWER MERRA-2 (primary) + ERA5-normals sim (solar/sunshine/weather-code),37,0,274,311,39782,186,0.4675,DENV-3/DENV-4,Moderate,DGHS/WHO/PMC anchored estimates (daily distribution),57.9,80.4,0.0,0.0,0.0,76.8,81.2,82.5
2022-12-23,2022,12,23,357,Dry Winter,Dhaka,23.71,90.41,18.51,25.05,12.98,12.1,19.1,12.8,71.5,0.0,9.11,354.1,1012.1,18.5,6.0,1,Mainly clear,18.51,25.05,12.98,0.0,71.47,9.11,354.1,1012.1,NASA POWER MERRA-2 (primary) + ERA5-normals sim (solar/sunshine/weather-code),34,0,263,297,39816,186,0.4671,DENV-3/DENV-4,Moderate,DGHS/WHO/PMC anchored estimates (daily distribution),56.9,77.4,0.0,0.0,0.0,79.4,76.6,85.6
2022-12-24,2022,12,24,358,Dry Winter,Dhaka,23.71,90.41,18.45,24.68,12.24,12.4,18.7,11.4,64.8,0.0,5.9,353.6,1012.5,13.5,8.9,1,Mainly clear,18.45,24.68,12.24,0.0,64.8,5.9,353.6,1012.5,NASA POWER MERRA-2 (primary) + ERA5-normals sim (solar/sunshine/weather-code),44,0,239,283,39860,186,0.4666,DENV-3/DENV-4,Moderate,DGHS/WHO/PMC anchored estimates (daily distribution),55.6,64.2,0.0,0.0,0.0,77.4,73.0,83.1
2022-12-25,2022,12,25,359,Dry Winter,Dhaka,23.71,90.41,19.74,24.95,14.97,10.0,20.1,13.3,67.7,0.0,5.44,158.8,1013.7,18.9,8.3,0,Clear sky,19.74,24.95,14.97,0.0,67.67,5.44,158.8,1013.7,NASA POWER MERRA-2 (primary) + ERA5-normals sim (solar/sunshine/weather-code),47,1,188,236,39907,187,0.4686,DENV-3/DENV-4,Moderate,DGHS/WHO/PMC anchored estimates (daily distribution),55.4,59.6,0.0,0.0,0.0,72.8,76.4,80.1
2022-12-26,2022,12,26,360,Dry Winter,Dhaka,23.71,90.41,20.69,26.26,15.5,10.8,21.4,15.6,74.6,0.06,4.93,175.8,1014.9,22.5,8.6,1,Mainly clear,20.69,26.26,15.5,0.06,74.62,4.93,175.8,1014.9,NASA POWER MERRA-2 (primary) + ERA5-normals sim (solar/sunshine/weather-code),79,1,161,241,39986,188,0.4702,DENV-3/DENV-4,Moderate,DGHS/WHO/PMC anchored estimates (daily distribution),58.4,59.2,0.0,0.0,0.0,72.0,78.7,83.0
2022-12-27,2022,12,27,361,Dry Winter,Dhaka,23.71,90.41,20.67,25.38,16.24,9.1,21.7,16.9,81.0,4.3,7.92,224.9,1014.2,18.9,8.2,0,Clear sky,20.67,25.38,16.24,4.3,81.03,7.92,224.9,1014.2,NASA POWER MERRA-2 (primary) + ERA5-normals sim (solar/sunshine/weather-code),70,0,204,274,40056,188,0.4693,DENV-3/DENV-4,Moderate,DGHS/WHO/PMC anchored estimates (daily distribution),55.0,58.6,0.0,0.0,0.0,74.5,77.9,83.5
2022-12-28,2022,12,28,362,Dry Winter,Dhaka,23.71,90.41,19.03,24.18,13.94,10.2,20.2,15.7,83.4,2.17,8.78,9.8,1015.4,15.3,8.5,80,Rain showers,19.03,24.18,13.94,2.17,83.37,8.78,9.8,1015.4,NASA POWER MERRA-2 (primary) + ERA5-normals sim (solar/sunshine/weather-code),30,0,240,270,40086,188,0.469,DENV-3/DENV-4,Moderate,DGHS/WHO/PMC anchored estimates (daily distribution),48.7,55.1,0.0,0.0,0.0,80.2,76.9,84.0
2022-12-29,2022,12,29,363,Dry Winter,Dhaka,23.71,90.41,16.06,22.99,10.49,12.5,16.6,10.4,71.8,0.0,10.8,342.2,1017.1,16.5,7.6,0,Clear sky,16.06,22.99,10.49,0.0,71.76,10.8,342.2,1017.1,NASA POWER MERRA-2 (primary) + ERA5-normals sim (solar/sunshine/weather-code),21,0,226,247,40107,188,0.4687,DENV-3/DENV-4,Moderate,DGHS/WHO/PMC anchored estimates (daily distribution),46.4,52.1,0.0,0.0,0.0,76.6,76.8,81.2
2022-12-30,2022,12,30,364,Dry Winter,Dhaka,23.71,90.41,16.6,22.13,11.58,10.5,17.2,10.9,71.5,0.0,6.05,351.3,1017.6,19.7,6.1,51,Light drizzle,16.6,22.13,11.58,0.0,71.48,6.05,351.3,1017.6,NASA POWER MERRA-2 (primary) + ERA5-normals sim (solar/sunshine/weather-code),68,0,200,268,40175,188,0.468,DENV-3/DENV-4,Moderate,DGHS/WHO/PMC anchored estimates (daily distribution),51.3,54.1,0.0,0.0,0.0,71.5,79.4,76.6
2022-12-31,2022,12,31,365,Dry Winter,Dhaka,23.71,90.41,17.1,22.54,11.12,11.4,17.7,11.3,71.0,0.0,5.62,46.0,1017.4,17.2,6.0,0,Clear sky,17.1,22.54,11.12,0.0,71.03,5.62,46.0,1017.4,NASA POWER MERRA-2 (primary) + ERA5-normals sim (solar/sunshine/weather-code),56,0,189,245,40231,188,0.4673,DENV-3/DENV-4,Moderate,DGHS/WHO/PMC anchored estimates (daily distribution),53.0,54.3,0.0,0.0,0.0,64.8,77.4,73.0
2023-01-01,2023,1,1,1,Dry Winter,Dhaka,23.71,90.41,16.68,22.66,11.52,11.1,17.5,12.0,76.5,0.0,8.68,20.8,1018.1,20.1,7.9,61,Moderate rain,16.68,22.66,11.52,0.0,76.5,8.68,20.8,1018.1,NASA POWER MERRA-2 (primary) + ERA5-normals sim (solar/sunshine/weather-code),19,0,175,194,19,0,0.0,DENV-2 (dominant 70%),Watch,DGHS/WHO/PMC anchored estimates (daily distribution),49.0,52.2,0.0,0.0,0.0,67.7,72.8,76.4
2023-01-02,2023,1,2,2,Dry Winter,Dhaka,23.71,90.41,17.02,23.16,11.22,11.9,17.8,12.0,75.0,0.0,8.53,7.9,1018.2,21.7,5.6,0,Clear sky,17.02,23.16,11.22,0.0,75.04,8.53,7.9,1018.2,NASA POWER MERRA-2 (primary) + ERA5-normals sim (solar/sunshine/weather-code),17,0,164,181,36,0,0.0,DENV-2 (dominant 70%),Watch,DGHS/WHO/PMC anchored estimates (daily distribution),40.1,49.3,0.06,0.0,0.0,74.6,72.0,78.7
2023-01-03,2023,1,3,3,Dry Winter,Dhaka,23.71,90.41,16.73,23.3,11.41,11.9,17.7,12.6,79.3,0.0,10.01,348.5,1018.0,19.0,7.8,51,Light drizzle,16.73,23.3,11.41,0.0,79.31,10.01,348.5,1018.0,NASA POWER MERRA-2 (primary) + ERA5-normals sim (solar/sunshine/weather-code),13,0,160,173,49,0,0.0,DENV-2 (dominant 70%),Watch,DGHS/WHO/PMC anchored estimates (daily distribution),32.0,43.5,4.3,0.0,0.0,81.0,74.5,77.9
2023-01-04,2023,1,4,4,Dry Winter,Dhaka,23.71,90.41,15.8,22.41,10.77,11.6,17.0,12.4,83.0,0.0,11.48,340.9,1017.7,18.0,7.4,1,Mainly clear,15.8,22.41,10.77,0.0,82.96,11.48,340.9,1017.7,NASA POWER MERRA-2 (primary) + ERA5-normals sim (solar/sunshine/weather-code),14,0,105,119,63,0,0.0,DENV-2 (dominant 70%),Watch,DGHS/WHO/PMC anchored estimates (daily distribution),29.7,39.2,2.17,0.0,0.0,83.4,80.2,76.9
2023-01-05,2023,1,5,5,Dry Winter,Dhaka,23.71,90.41,15.85,23.15,10.21,12.9,16.9,12.1,81.4,0.0,12.71,339.0,1018.2,19.8,7.2,0,Clear sky,15.85,23.15,10.21,0.0,81.38,12.71,339.0,1018.2,NASA POWER MERRA-2 (primary) + ERA5-normals sim (solar/sunshine/weather-code),19,0,63,82,82,0,0.0,DENV-2 (dominant 70%),Watch,DGHS/WHO/PMC anchored estimates (daily distribution),29.4,37.9,0.0,0.0,0.0,71.8,76.6,76.8
2023-01-06,2023,1,6,6,Dry Winter,Dhaka,23.71,90.41,16.05,23.49,10.2,13.3,17.1,12.2,80.9,0.03,12.6,326.8,1017.8,20.6,6.3,1,Mainly clear,16.05,23.49,10.2,0.03,80.87,12.6,326.8,1017.8,NASA POWER MERRA-2 (primary) + ERA5-normals sim (solar/sunshine/weather-code),19,0,63,82,101,0,0.0,DENV-2 (dominant 70%),Watch,DGHS/WHO/PMC anchored estimates (daily distribution),22.4,36.9,0.0,0.0,0.0,71.5,71.5,79.4
2023-01-07,2023,1,7,7,Dry Winter,Dhaka,23.71,90.41,16.58,23.66,10.3,13.4,17.7,13.0,82.3,0.0,9.79,330.9,1016.2,17.3,7.0,0,Clear sky,16.58,23.66,10.3,0.0,82.34,9.79,330.9,1016.2,NASA POWER MERRA-2 (primary) + ERA5-normals sim (solar/sunshine/weather-code),33,0,65,98,134,0,0.0,DENV-2 (dominant 70%),Moderate,DGHS/WHO/PMC anchored estimates (daily distribution),19.1,36.1,0.0,0.0,0.0,71.0,64.8,77.4
2023-01-08,2023,1,8,8,Dry Winter,Dhaka,23.71,90.41,17.62,25.03,11.16,13.9,18.6,13.5,79.4,0.0,7.56,342.0,1015.5,11.1,5.1,0,Clear sky,17.62,25.03,11.16,0.0,79.44,7.56,342.0,1015.5,NASA POWER MERRA-2 (primary) + ERA5-normals sim (solar/sunshine/weather-code),13,0,85,98,147,0,0.0,DENV-2 (dominant 70%),Watch,DGHS/WHO/PMC anchored estimates (daily distribution),18.3,33.6,0.0,0.0,0.0,76.5,67.7,72.8
2023-01-09,2023,1,9,9,Dry Winter,Dhaka,23.71,90.41,18.28,26.05,11.73,14.3,19.1,13.5,76.3,0.0,9.07,340.0,1016.2,18.1,8.9,0,Clear sky,18.28,26.05,11.73,0.0,76.31,9.07,340.0,1016.2,NASA POWER MERRA-2 (primary) + ERA5-normals sim (solar/sunshine/weather-code),8,0,84,92,155,0,0.0,DENV-2 (dominant 70%),Watch,DGHS/WHO/PMC anchored estimates (daily distribution),17.0,28.6,0.0,0.06,0.0,75.0,74.6,72.0
2023-01-10,2023,1,10,10,Dry Winter,Dhaka,23.71,90.41,18.45,26.29,12.01,14.3,19.1,13.1,73.4,0.0,9.94,325.4,1014.9,14.4,7.6,1,Mainly clear,18.45,26.29,12.01,0.0,73.4,9.94,325.4,1014.9,NASA POWER MERRA-2 (primary) + ERA5-normals sim (solar/sunshine/weather-code),13,0,73,86,168,0,0.0,DENV-2 (dominant 70%),Watch,DGHS/WHO/PMC anchored estimates (daily distribution),17.0,24.5,0.0,4.3,0.0,79.3,81.0,74.5
2023-01-11,2023,1,11,11,Dry Winter,Dhaka,23.71,90.41,17.02,24.27,11.08,13.2,17.5,11.0,69.8,0.0,9.43,331.5,1013.5,18.4,6.4,0,Clear sky,17.02,24.27,11.08,0.0,69.84,9.43,331.5,1013.5,NASA POWER MERRA-2 (primary) + ERA5-normals sim (solar/sunshine/weather-code),24,1,66,91,192,1,0.5208,DENV-2 (dominant 70%),Moderate,DGHS/WHO/PMC anchored estimates (daily distribution),18.4,24.1,0.0,2.17,0.0,83.0,83.4,80.2
2023-01-12,2023,1,12,12,Dry Winter,Dhaka,23.71,90.41,16.35,22.66,10.29,12.4,16.7,9.8,67.1,0.0,6.88,305.1,1012.2,24.7,10.1,0,Clear sky,16.35,22.66,10.29,0.0,67.09,6.88,305.1,1012.2,NASA POWER MERRA-2 (primary) + ERA5-normals sim (solar/sunshine/weather-code),32,0,58,90,224,1,0.4464,DENV-2 (dominant 70%),Moderate,DGHS/WHO/PMC anchored estimates (daily distribution),20.3,24.9,0.0,0.0,0.0,81.4,71.8,76.6
2023-01-13,2023,1,13,13,Dry Winter,Dhaka,23.71,90.41,17.65,24.28,10.32,14.0,17.9,10.5,64.5,0.0,5.98,145.3,1013.1,20.2,7.8,0,Clear sky,17.65,24.28,10.32,0.0,64.49,5.98,145.3,1013.1,NASA POWER MERRA-2 (primary) + ERA5-normals sim (solar/sunshine/weather-code),19,0,77,96,243,1,0.4115,DENV-2 (dominant 70%),Watch,DGHS/WHO/PMC anchored estimates (daily distribution),20.3,21.4,0.03,0.0,0.0,80.9,71.5,71.5
2023-01-14,2023,1,14,14,Dry Winter,Dhaka,23.71,90.41,18.51,25.03,12.06,13.0,19.2,13.5,74.8,0.0,7.34,168.6,1012.3,19.4,5.8,0,Clear sky,18.51,25.03,12.06,0.0,74.85,7.34,168.6,1012.3,NASA POWER MERRA-2 (primary) + ERA5-normals sim (solar/sunshine/weather-code),8,0,88,96,251,1,0.3984,DENV-2 (dominant 70%),Watch,DGHS/WHO/PMC anchored estimates (daily distribution),16.7,17.9,0.0,0.0,0.0,82.3,71.0,64.8
2023-01-15,2023,1,15,15,Dry Winter,Dhaka,23.71,90.41,18.58,24.57,14.73,9.8,19.5,14.3,78.4,0.0,8.5,9.2,1012.4,22.5,4.8,0,Clear sky,18.58,24.57,14.73,0.0,78.43,8.5,9.2,1012.4,NASA POWER MERRA-2 (primary) + ERA5-normals sim (solar/sunshine/weather-code),8,0,83,91,259,1,0.3861,DENV-2 (dominant 70%),Watch,DGHS/WHO/PMC anchored estimates (daily distribution),16.0,17.1,0.0,0.0,0.0,79.4,76.5,67.7
2023-01-16,2023,1,16,16,Dry Winter,Dhaka,23.71,90.41,17.61,23.9,12.71,11.2,18.2,12.0,71.9,0.0,8.42,21.9,1014.0,17.6,6.2,1,Mainly clear,17.61,23.9,12.71,0.0,71.86,8.42,21.9,1014.0,NASA POWER MERRA-2 (primary) + ERA5-normals sim (solar/sunshine/weather-code),20,0,67,87,279,1,0.3584,DENV-2 (dominant 70%),Moderate,DGHS/WHO/PMC anchored estimates (daily distribution),17.7,17.4,0.0,0.0,0.06,76.3,75.0,74.6
2023-01-17,2023,1,17,17,Dry Winter,Dhaka,23.71,90.41,16.8,23.41,11.41,12.0,17.5,11.6,73.8,0.0,9.36,16.2,1015.0,18.6,8.2,0,Clear sky,16.8,23.41,11.41,0.0,73.78,9.36,16.2,1015.0,NASA POWER MERRA-2 (primary) + ERA5-normals sim (solar/sunshine/weather-code),20,0,55,75,299,1,0.3344,DENV-2 (dominant 70%),Moderate,DGHS/WHO/PMC anchored estimates (daily distribution),18.7,17.9,0.0,0.0,4.3,73.4,79.3,81.0
2023-01-18,2023,1,18,18,Dry Winter,Dhaka,23.71,90.41,15.91,22.27,10.5,11.8,16.3,9.6,68.7,0.0,9.4,21.9,1016.8,17.2,9.4,0,Clear sky,15.91,22.27,10.5,0.0,68.71,9.4,21.9,1016.8,NASA POWER MERRA-2 (primary) + ERA5-normals sim (solar/sunshine/weather-code),27,0,56,83,326,1,0.3067,DENV-2 (dominant 70%),Moderate,DGHS/WHO/PMC anchored estimates (daily distribution),19.1,18.8,0.0,0.0,2.17,69.8,83.0,83.4
2023-01-19,2023,1,19,19,Dry Winter,Dhaka,23.71,90.41,15.21,22.23,9.53,12.7,15.5,8.4,65.8,0.0,10.94,355.8,1016.9,19.2,7.4,0,Clear sky,15.21,22.23,9.53,0.0,65.83,10.94,355.8,1016.9,NASA POWER MERRA-2 (primary) + ERA5-normals sim (solar/sunshine/weather-code),41,0,75,116,367,1,0.2725,DENV-2 (dominant 70%),Moderate,DGHS/WHO/PMC anchored estimates (daily distribution),20.4,20.4,0.0,0.0,0.0,67.1,81.4,71.8
2023-01-20,2023,1,20,20,Dry Winter,Dhaka,23.71,90.41,15.61,22.65,9.81,12.8,15.9,8.9,66.4,0.0,8.82,351.2,1015.9,23.1,7.8,61,Moderate rain,15.61,22.65,9.81,0.0,66.35,8.82,351.2,1015.9,NASA POWER MERRA-2 (primary) + ERA5-normals sim (solar/sunshine/weather-code),27,0,108,135,394,1,0.2538,DENV-2 (dominant 70%),Moderate,DGHS/WHO/PMC anchored estimates (daily distribution),21.6,20.9,0.0,0.03,0.0,64.5,80.9,71.5
2023-01-21,2023,1,21,21,Dry Winter,Dhaka,23.71,90.41,16.96,23.7,10.19,13.5,17.4,10.6,68.2,6.96,7.09,354.7,1014.5,21.1,9.9,1,Mainly clear,16.96,23.7,10.19,6.96,68.19,7.09,354.7,1014.5,NASA POWER MERRA-2 (primary) + ERA5-normals sim (solar/sunshine/weather-code),18,0,115,133,412,1,0.2427,DENV-2 (dominant 70%),Watch,DGHS/WHO/PMC anchored estimates (daily distribution),23.0,19.9,0.0,0.0,0.0,74.8,82.3,71.0
2023-01-22,2023,1,22,22,Dry Winter,Dhaka,23.71,90.41,17.91,24.56,11.37,13.2,18.1,10.8,64.3,0.0,7.6,19.9,1014.1,17.3,6.2,0,Clear sky,17.91,24.56,11.37,0.0,64.34,7.6,19.9,1014.1,NASA POWER MERRA-2 (primary) + ERA5-normals sim (solar/sunshine/weather-code),10,0,113,123,422,1,0.237,DENV-2 (dominant 70%),Watch,DGHS/WHO/PMC anchored estimates (daily distribution),23.3,19.6,0.0,0.0,0.0,78.4,79.4,76.5
2023-01-23,2023,1,23,23,Dry Winter,Dhaka,23.71,90.41,18.93,25.23,12.23,13.0,19.4,12.6,68.4,0.0,6.48,49.9,1013.6,18.7,7.3,0,Clear sky,18.93,25.23,12.23,0.0,68.37,6.48,49.9,1013.6,NASA POWER MERRA-2 (primary) + ERA5-normals sim (solar/sunshine/weather-code),7,1,95,103,429,2,0.4662,DENV-2 (dominant 70%),Watch,DGHS/WHO/PMC anchored estimates (daily distribution),21.4,19.6,0.0,0.0,0.0,71.9,76.3,75.0
2023-01-24,2023,1,24,24,Dry Winter,Dhaka,23.71,90.41,19.57,26.93,13.25,13.7,20.1,13.6,70.1,0.0,8.35,27.1,1013.7,14.7,8.5,0,Clear sky,19.57,26.93,13.25,0.0,70.07,8.35,27.1,1013.7,NASA POWER MERRA-2 (primary) + ERA5-normals sim (solar/sunshine/weather-code),4,0,62,66,433,2,0.4619,DENV-2 (dominant 70%),Watch,DGHS/WHO/PMC anchored estimates (daily distribution),19.1,18.9,0.0,0.0,0.0,73.8,73.4,79.3
2023-01-25,2023,1,25,25,Dry Winter,Dhaka,23.71,90.41,20.45,27.09,13.87,13.2,20.7,13.6,65.8,0.0,6.91,21.3,1013.5,15.4,6.9,1,Mainly clear,20.45,27.09,13.87,0.0,65.78,6.91,21.3,1013.5,NASA POWER MERRA-2 (primary) + ERA5-normals sim (solar/sunshine/weather-code),8,0,39,47,441,2,0.4535,DENV-2 (dominant 70%),Watch,DGHS/WHO/PMC anchored estimates (daily distribution),16.4,17.8,0.0,0.0,0.0,68.7,69.8,83.0
2023-01-26,2023,1,26,26,Dry Winter,Dhaka,23.71,90.41,21.23,27.49,15.22,12.3,21.6,14.6,67.0,0.0,5.58,4.9,1012.5,22.9,6.9,0,Clear sky,21.23,27.49,15.22,0.0,66.98,5.58,4.9,1012.5,NASA POWER MERRA-2 (primary) + ERA5-normals sim (solar/sunshine/weather-code),30,0,29,59,471,2,0.4246,DENV-2 (dominant 70%),Moderate,DGHS/WHO/PMC anchored estimates (daily distribution),14.9,17.6,0.0,0.0,0.0,65.8,67.1,81.4
2023-01-27,2023,1,27,27,Dry Winter,Dhaka,23.71,90.41,21.18,27.21,16.1,11.1,21.8,15.5,71.8,0.0,7.38,356.9,1012.8,18.2,5.8,1,Mainly clear,21.18,27.21,16.1,0.0,71.75,7.38,356.9,1012.8,NASA POWER MERRA-2 (primary) + ERA5-normals sim (solar/sunshine/weather-code),33,0,49,82,504,2,0.3968,DENV-2 (dominant 70%),Moderate,DGHS/WHO/PMC anchored estimates (daily distribution),15.7,18.6,0.0,0.0,0.03,66.4,64.5,80.9
2023-01-28,2023,1,28,28,Dry Winter,Dhaka,23.71,90.41,20.76,27.03,15.55,11.5,21.5,15.7,74.5,0.0,9.18,347.7,1012.4,19.4,7.2,1,Mainly clear,20.76,27.03,15.55,0.0,74.52,9.18,347.7,1012.4,NASA POWER MERRA-2 (primary) + ERA5-normals sim (solar/sunshine/weather-code),20,0,75,95,524,2,0.3817,DENV-2 (dominant 70%),Moderate,DGHS/WHO/PMC anchored estimates (daily distribution),16.0,19.5,6.96,0.0,0.0,68.2,74.8,82.3
2023-01-29,2023,1,29,29,Dry Winter,Dhaka,23.71,90.41,19.66,26.76,13.54,13.2,20.2,13.8,70.6,0.0,10.37,346.6,1013.0,22.4,6.1,0,Clear sky,19.66,26.76,13.54,0.0,70.57,10.37,346.6,1013.0,NASA POWER MERRA-2 (primary) + ERA5-normals sim (solar/sunshine/weather-code),53,1,90,144,577,3,0.5199,DENV-2 (dominant 70%),Moderate,DGHS/WHO/PMC anchored estimates (daily distribution),22.1,22.7,0.0,0.0,0.0,64.3,78.4,79.4
2023-01-30,2023,1,30,30,Dry Winter,Dhaka,23.71,90.41,20.63,28.25,13.28,15.0,21.0,14.0,67.1,0.0,8.35,346.6,1013.9,17.3,8.8,1,Mainly clear,20.63,28.25,13.28,0.0,67.1,8.35,346.6,1013.9,NASA POWER MERRA-2 (primary) + ERA5-normals sim (solar/sunshine/weather-code),31,0,136,167,608,3,0.4934,DENV-2 (dominant 70%),Moderate,DGHS/WHO/PMC anchored estimates (daily distribution),25.6,23.5,0.0,0.0,0.0,68.4,71.9,76.3
2023-01-31,2023,1,31,31,Dry Winter,Dhaka,23.71,90.41,21.35,27.52,16.66,10.9,21.9,15.4,70.2,0.0,6.3,311.7,1011.8,17.0,6.6,1,Mainly clear,21.35,27.52,16.66,0.0,70.18,6.3,311.7,1011.8,NASA POWER MERRA-2 (primary) + ERA5-normals sim (solar/sunshine/weather-code),45,0,137,182,653,3,0.4594,DENV-2 (dominant 70%),Moderate,DGHS/WHO/PMC anchored estimates (daily distribution),31.4,25.3,0.0,0.0,0.0,70.1,73.8,73.4
2023-02-01,2023,2,1,32,Dry Winter,Dhaka,23.71,90.41,20.81,26.9,16.19,10.7,21.0,13.8,64.7,0.0,11.59,334.1,1011.7,15.6,6.9,0,Clear sky,20.81,26.9,16.19,0.0,64.69,11.59,334.1,1011.7,NASA POWER MERRA-2 (primary) + ERA5-normals sim (solar/sunshine/weather-code),54,1,148,203,707,4,0.5658,DENV-2 (dominant 70%),Moderate,DGHS/WHO/PMC anchored estimates (daily distribution),38.0,27.2,0.0,0.0,0.0,65.8,68.7,69.8
2023-02-02,2023,2,2,33,Dry Winter,Dhaka,23.71,90.41,18.56,26.16,11.99,14.2,18.6,10.7,60.8,0.0,13.5,340.7,1013.0,13.6,9.3,1,Mainly clear,18.56,26.16,11.99,0.0,60.82,13.5,340.7,1013.0,NASA POWER MERRA-2 (primary) + ERA5-normals sim (solar/sunshine/weather-code),36,0,183,219,743,4,0.5384,DENV-2 (dominant 70%),Moderate,DGHS/WHO/PMC anchored estimates (daily distribution),38.9,26.9,0.0,0.0,0.0,67.0,65.8,67.1
2023-02-03,2023,2,3,34,Dry Winter,Dhaka,23.71,90.41,18.49,26.42,11.59,14.8,18.7,11.5,65.1,0.0,10.94,320.5,1012.1,18.1,7.3,0,Clear sky,18.49,26.42,11.59,0.0,65.07,10.94,320.5,1012.1,NASA POWER MERRA-2 (primary) + ERA5-normals sim (solar/sunshine/weather-code),19,0,166,185,762,4,0.5249,DENV-2 (dominant 70%),Watch,DGHS/WHO/PMC anchored estimates (daily distribution),36.9,26.3,0.0,0.0,0.0,71.8,66.4,64.5
2023-02-04,2023,2,4,35,Dry Winter,Dhaka,23.71,90.41,19.15,25.99,12.18,13.8,19.1,11.0,59.1,0.0,8.5,313.0,1011.1,21.3,8.9,61,Moderate rain,19.15,25.99,12.18,0.0,59.13,8.5,313.0,1011.1,NASA POWER MERRA-2 (primary) + ERA5-normals sim (solar/sunshine/weather-code),15,0,154,169,777,4,0.5148,DENV-2 (dominant 70%),Watch,DGHS/WHO/PMC anchored estimates (daily distribution),36.1,26.1,0.0,6.96,0.0,74.5,68.2,74.8
2023-02-05,2023,2,5,36,Dry Winter,Dhaka,23.71,90.41,20.19,26.83,15.27,11.6,19.8,10.4,51.2,0.0,5.76,320.1,1011.0,12.6,10.0,1,Mainly clear,20.19,26.83,15.27,0.0,51.15,5.76,320.1,1011.0,NASA POWER MERRA-2 (primary) + ERA5-normals sim (solar/sunshine/weather-code),15,0,124,139,792,4,0.5051,DENV-2 (dominant 70%),Watch,DGHS/WHO/PMC anchored estimates (daily distribution),30.7,26.4,0.0,0.0,0.0,70.6,64.3,78.4
2023-02-06,2023,2,6,37,Dry Winter,Dhaka,23.71,90.41,21.15,27.25,15.31,11.9,20.5,10.7,47.8,0.0,5.65,292.2,1011.3,16.6,7.1,61,Moderate rain,21.15,27.25,15.31,0.0,47.76,5.65,292.2,1011.3,NASA POWER MERRA-2 (primary) + ERA5-normals sim (solar/sunshine/weather-code),9,0,85,94,801,4,0.4994,DENV-2 (dominant 70%),Watch,DGHS/WHO/PMC anchored estimates (daily distribution),27.6,26.6,0.0,0.0,0.0,67.1,68.4,71.9
2023-02-07,2023,2,7,38,Dry Winter,Dhaka,23.71,90.41,20.26,27.65,13.09,14.6,20.5,13.0,63.8,0.0,10.08,204.7,1010.7,18.9,6.4,61,Moderate rain,20.26,27.65,13.09,0.0,63.78,10.08,204.7,1010.7,NASA POWER MERRA-2 (primary) + ERA5-normals sim (solar/sunshine/weather-code),7,0,58,65,808,4,0.495,DENV-2 (dominant 70%),Watch,DGHS/WHO/PMC anchored estimates (daily distribution),22.1,26.8,0.0,0.0,0.0,70.2,70.1,73.8
2023-02-08,2023,2,8,39,Dry Winter,Dhaka,23.71,90.41,21.58,28.86,15.7,13.2,22.4,16.7,75.7,0.0,13.68,178.7,1011.2,18.4,7.8,51,Light drizzle,21.58,28.86,15.7,0.0,75.7,13.68,178.7,1011.2,NASA POWER MERRA-2 (primary) + ERA5-normals sim (solar/sunshine/weather-code),6,0,46,52,814,4,0.4914,DENV-2 (dominant 70%),Watch,DGHS/WHO/PMC anchored estimates (daily distribution),15.3,26.6,0.0,0.0,0.0,64.7,65.8,68.7
2023-02-09,2023,2,9,40,Dry Winter,Dhaka,23.71,90.41,22.03,28.73,17.04,11.7,22.5,16.0,70.0,0.0,6.66,222.8,1011.7,18.1,4.5,51,Light drizzle,22.03,28.73,17.04,0.0,70.01,6.66,222.8,1011.7,NASA POWER MERRA-2 (primary) + ERA5-normals sim (solar/sunshine/weather-code),18,0,37,55,832,4,0.4808,DENV-2 (dominant 70%),Watch,DGHS/WHO/PMC anchored estimates (daily distribution),12.7,25.8,0.0,0.0,0.0,60.8,67.0,65.8
2023-02-10,2023,2,10,41,Dry Winter,Dhaka,23.71,90.41,21.65,28.15,15.56,12.6,21.4,12.8,55.7,0.0,6.84,296.7,1012.3,17.1,6.9,0,Clear sky,21.65,28.15,15.56,0.0,55.74,6.84,296.7,1012.3,NASA POWER MERRA-2 (primary) + ERA5-normals sim (solar/sunshine/weather-code),32,0,40,72,864,4,0.463,DENV-2 (dominant 70%),Moderate,DGHS/WHO/PMC anchored estimates (daily distribution),14.6,25.7,0.0,0.0,0.0,65.1,71.8,66.4
2023-02-11,2023,2,11,42,Dry Winter,Dhaka,23.71,90.41,21.68,29.42,14.35,15.1,21.4,12.5,54.0,0.0,7.88,196.1,1011.8,21.7,7.5,0,Clear sky,21.68,29.42,14.35,0.0,53.97,7.88,196.1,1011.8,NASA POWER MERRA-2 (primary) + ERA5-normals sim (solar/sunshine/weather-code),31,0,63,94,895,4,0.4469,DENV-2 (dominant 70%),Moderate,DGHS/WHO/PMC anchored estimates (daily distribution),16.9,26.5,0.0,0.0,6.96,59.1,74.5,68.2
2023-02-12,2023,2,12,43,Dry Winter,Dhaka,23.71,90.41,22.25,29.7,16.18,13.5,22.8,16.4,70.6,0.0,11.02,217.6,1011.5,24.5,6.8,0,Clear sky,22.25,29.7,16.18,0.0,70.65,11.02,217.6,1011.5,NASA POWER MERRA-2 (primary) + ERA5-normals sim (solar/sunshine/weather-code),29,0,87,116,924,4,0.4329,DENV-2 (dominant 70%),Moderate,DGHS/WHO/PMC anchored estimates (daily distribution),18.9,24.8,0.0,0.0,0.0,51.2,70.6,64.3
2023-02-13,2023,2,13,44,Dry Winter,Dhaka,23.71,90.41,19.76,27.7,12.43,15.3,19.1,9.2,47.3,0.0,11.84,312.3,1012.9,20.3,9.2,0,Clear sky,19.76,27.7,12.43,0.0,47.33,11.84,312.3,1012.9,NASA POWER MERRA-2 (primary) + ERA5-normals sim (solar/sunshine/weather-code),18,1,109,128,942,5,0.5308,DENV-2 (dominant 70%),Watch,DGHS/WHO/PMC anchored estimates (daily distribution),20.1,23.9,0.0,0.0,0.0,47.8,67.1,68.4
2023-02-14,2023,2,14,45,Dry Winter,Dhaka,23.71,90.41,19.72,27.92,13.26,14.7,18.9,8.3,42.8,0.0,10.48,4.5,1012.7,20.7,8.5,61,Moderate rain,19.72,27.92,13.26,0.0,42.75,10.48,4.5,1012.7,NASA POWER MERRA-2 (primary) + ERA5-normals sim (solar/sunshine/weather-code),14,0,110,124,956,5,0.523,DENV-2 (dominant 70%),Watch,DGHS/WHO/PMC anchored estimates (daily distribution),21.1,21.6,0.0,0.0,0.0,63.8,70.2,70.1
2023-02-15,2023,2,15,46,Dry Winter,Dhaka,23.71,90.41,20.45,27.04,14.21,12.8,19.6,8.9,42.1,0.0,6.44,333.3,1011.4,18.0,7.9,0,Clear sky,20.45,27.04,14.21,0.0,42.07,6.44,333.3,1011.4,NASA POWER MERRA-2 (primary) + ERA5-normals sim (solar/sunshine/weather-code),14,0,92,106,970,5,0.5155,DENV-2 (dominant 70%),Watch,DGHS/WHO/PMC anchored estimates (daily distribution),22.3,18.8,0.0,0.0,0.0,75.7,64.7,65.8
2023-02-16,2023,2,16,47,Dry Winter,Dhaka,23.71,90.41,20.98,28.13,14.5,13.6,20.3,10.3,46.4,0.0,5.0,179.5,1012.5,17.9,6.8,0,Clear sky,20.98,28.13,14.5,0.0,46.45,5.0,179.5,1012.5,NASA POWER MERRA-2 (primary) + ERA5-normals sim (solar/sunshine/weather-code),20,0,75,95,990,5,0.5051,DENV-2 (dominant 70%),Moderate,DGHS/WHO/PMC anchored estimates (daily distribution),22.6,17.6,0.0,0.0,0.0,70.0,60.8,67.0
2023-02-17,2023,2,17,48,Dry Winter,Dhaka,23.71,90.41,21.63,28.41,15.44,13.0,21.7,14.0,61.8,0.0,5.69,200.9,1014.1,14.6,9.8,0,Clear sky,21.63,28.41,15.44,0.0,61.83,5.69,200.9,1014.1,NASA POWER MERRA-2 (primary) + ERA5-normals sim (solar/sunshine/weather-code),13,0,66,79,1003,5,0.4985,DENV-2 (dominant 70%),Watch,DGHS/WHO/PMC anchored estimates (daily distribution),19.9,17.2,0.0,0.0,0.0,55.7,65.1,71.8
2023-02-18,2023,2,18,49,Dry Winter,Dhaka,23.71,90.41,23.03,28.93,16.98,12.0,23.1,15.3,61.3,0.0,3.92,214.8,1013.9,18.2,7.9,0,Clear sky,23.03,28.93,16.98,0.0,61.3,3.92,214.8,1013.9,NASA POWER MERRA-2 (primary) + ERA5-normals sim (solar/sunshine/weather-code),26,0,61,87,1029,5,0.4859,DENV-2 (dominant 70%),Moderate,DGHS/WHO/PMC anchored estimates (daily distribution),19.1,18.0,0.0,0.0,0.0,54.0,59.1,74.5
2023-02-19,2023,2,19,50,Dry Winter,Dhaka,23.71,90.41,23.88,29.46,18.12,11.3,23.8,15.4,57.6,0.0,3.96,247.9,1012.8,20.4,8.4,51,Light drizzle,23.88,29.46,18.12,0.0,57.55,3.96,247.9,1012.8,NASA POWER MERRA-2 (primary) + ERA5-normals sim (solar/sunshine/weather-code),36,0,73,109,1065,5,0.4695,DENV-2 (dominant 70%),Moderate,DGHS/WHO/PMC anchored estimates (daily distribution),20.1,19.5,0.0,0.0,0.0,70.6,51.2,70.6
2023-02-20,2023,2,20,51,Dry Winter,Dhaka,23.71,90.41,24.2,29.88,17.86,12.0,24.3,16.5,61.7,0.0,6.05,211.4,1011.9,23.1,9.1,1,Mainly clear,24.2,29.88,17.86,0.0,61.74,6.05,211.4,1011.9,NASA POWER MERRA-2 (primary) + ERA5-normals sim (solar/sunshine/weather-code),32,0,95,127,1097,5,0.4558,DENV-2 (dominant 70%),Moderate,DGHS/WHO/PMC anchored estimates (daily distribution),22.1,21.1,0.0,0.0,0.0,47.3,47.8,67.1
2023-02-21,2023,2,21,52,Dry Winter,Dhaka,23.71,90.41,24.41,30.86,19.04,11.8,24.9,18.5,70.4,0.0,12.46,192.7,1011.8,16.9,8.0,61,Moderate rain,24.41,30.86,19.04,0.0,70.43,12.46,192.7,1011.8,NASA POWER MERRA-2 (primary) + ERA5-normals sim (solar/sunshine/weather-code),20,0,107,127,1117,5,0.4476,DENV-2 (dominant 70%),Moderate,DGHS/WHO/PMC anchored estimates (daily distribution),23.0,22.1,0.0,0.0,0.0,42.8,63.8,70.2
2023-02-22,2023,2,22,53,Dry Winter,Dhaka,23.71,90.41,25.18,32.36,19.85,12.5,25.8,19.6,72.0,0.0,16.74,184.9,1010.8,18.6,6.6,1,Mainly clear,25.18,32.36,19.85,0.0,72.0,16.74,184.9,1010.8,NASA POWER MERRA-2 (primary) + ERA5-normals sim (solar/sunshine/weather-code),12,0,114,126,1129,5,0.4429,DENV-2 (dominant 70%),Watch,DGHS/WHO/PMC anchored estimates (daily distribution),22.7,22.5,0.0,0.0,0.0,42.1,75.7,64.7
2023-02-23,2023,2,23,54,Dry Winter,Dhaka,23.71,90.41,25.12,32.17,20.03,12.1,25.8,19.8,73.4,0.15,14.44,188.0,1011.2,19.3,6.5,0,Clear sky,25.12,32.17,20.03,0.15,73.37,14.44,188.0,1011.2,NASA POWER MERRA-2 (primary) + ERA5-normals sim (solar/sunshine/weather-code),8,0,100,108,1137,5,0.4398,DENV-2 (dominant 70%),Watch,DGHS/WHO/PMC anchored estimates (daily distribution),21.0,21.8,0.0,0.0,0.0,46.4,70.0,60.8
2023-02-24,2023,2,24,55,Dry Winter,Dhaka,23.71,90.41,25.25,31.87,19.62,12.2,25.7,19.0,68.8,0.22,9.29,179.8,1012.5,22.3,7.9,61,Moderate rain,25.25,31.87,19.62,0.22,68.82,9.29,179.8,1012.5,NASA POWER MERRA-2 (primary) + ERA5-normals sim (solar/sunshine/weather-code),4,0,72,76,1141,5,0.4382,DENV-2 (dominant 70%),Watch,DGHS/WHO/PMC anchored estimates (daily distribution),19.7,19.8,0.0,0.0,0.0,61.8,55.7,65.1
2023-02-25,2023,2,25,56,Dry Winter,Dhaka,23.71,90.41,25.07,32.05,19.32,12.7,24.9,16.3,56.3,0.32,7.92,40.4,1014.9,16.5,7.2,61,Moderate rain,25.07,32.05,19.32,0.32,56.32,7.92,40.4,1014.9,NASA POWER MERRA-2 (primary) + ERA5-normals sim (solar/sunshine/weather-code),9,0,44,53,1150,5,0.4348,DENV-2 (dominant 70%),Watch,DGHS/WHO/PMC anchored estimates (daily distribution),17.3,18.2,0.0,0.0,0.0,61.3,54.0,59.1
2023-02-26,2023,2,26,57,Dry Winter,Dhaka,23.71,90.41,25.35,32.82,17.39,15.4,24.5,14.0,43.1,0.66,6.41,49.3,1016.1,18.9,7.9,1,Mainly clear,25.35,32.82,17.39,0.66,43.08,6.41,49.3,1016.1,NASA POWER MERRA-2 (primary) + ERA5-normals sim (solar/sunshine/weather-code),10,0,33,43,1160,5,0.431,DENV-2 (dominant 70%),Watch,DGHS/WHO/PMC anchored estimates (daily distribution),13.6,16.9,0.0,0.0,0.0,57.6,70.6,51.2
2023-02-27,2023,2,27,58,Dry Winter,Dhaka,23.71,90.41,25.49,32.79,19.22,13.6,24.6,14.0,42.7,0.0,6.05,232.0,1015.5,20.7,9.7,0,Clear sky,25.49,32.79,19.22,0.0,42.69,6.05,232.0,1015.5,NASA POWER MERRA-2 (primary) + ERA5-normals sim (solar/sunshine/weather-code),25,0,31,56,1185,5,0.4219,DENV-2 (dominant 70%),Moderate,DGHS/WHO/PMC anchored estimates (daily distribution),12.6,17.4,0.0,0.0,0.0,61.7,47.3,47.8
2023-02-28,2023,2,28,59,Dry Winter,Dhaka,23.71,90.41,24.82,32.6,18.27,14.3,24.2,14.2,46.7,0.01,8.06,278.6,1015.8,23.8,8.5,0,Clear sky,24.82,32.6,18.27,0.01,46.68,8.06,278.6,1015.8,NASA POWER MERRA-2 (primary) + ERA5-normals sim (solar/sunshine/weather-code),15,1,47,63,1200,6,0.5,DENV-2 (dominant 70%),Watch,DGHS/WHO/PMC anchored estimates (daily distribution),11.9,17.4,0.0,0.0,0.0,70.4,42.8,63.8
2023-03-01,2023,3,1,60,Pre-Monsoon,Dhaka,23.71,90.41,24.1,32.39,16.46,15.9,23.5,13.5,47.1,0.0,9.29,36.2,1016.1,19.9,6.7,1,Mainly clear,24.1,32.39,16.46,0.0,47.06,9.29,36.2,1016.1,NASA POWER MERRA-2 (primary) + ERA5-normals sim (solar/sunshine/weather-code),14,0,59,73,1214,6,0.4942,DENV-2 (dominant 70%),Watch,DGHS/WHO/PMC anchored estimates (daily distribution),12.1,17.4,0.0,0.0,0.0,72.0,42.1,75.7
2023-03-02,2023,3,2,61,Pre-Monsoon,Dhaka,23.71,90.41,25.49,32.94,18.35,14.6,24.7,14.4,44.7,0.0,7.85,22.0,1015.7,21.7,5.4,3,Overcast,25.49,32.94,18.35,0.0,44.74,7.85,22.0,1015.7,NASA POWER MERRA-2 (primary) + ERA5-normals sim (solar/sunshine/weather-code),18,0,64,82,1232,6,0.487,DENV-2 (dominant 70%),Watch,DGHS/WHO/PMC anchored estimates (daily distribution),13.6,17.3,0.15,0.0,0.0,73.4,46.4,70.0
2023-03-03,2023,3,3,62,Pre-Monsoon,Dhaka,23.71,90.41,25.74,33.63,19.5,14.1,25.0,14.6,44.2,0.0,9.18,346.9,1015.5,19.1,6.8,3,Overcast,25.74,33.63,19.5,0.0,44.18,9.18,346.9,1015.5,NASA POWER MERRA-2 (primary) + ERA5-normals sim (solar/sunshine/weather-code),22,0,72,94,1254,6,0.4785,DENV-2 (dominant 70%),Moderate,DGHS/WHO/PMC anchored estimates (daily distribution),16.1,17.9,0.22,0.0,0.0,68.8,61.8,55.7
2023-03-04,2023,3,4,63,Pre-Monsoon,Dhaka,23.71,90.41,27.27,34.47,19.83,14.6,26.2,15.2,39.6,0.0,5.98,14.7,1014.9,10.3,3.7,80,Rain showers,27.27,34.47,19.83,0.0,39.65,5.98,14.7,1014.9,NASA POWER MERRA-2 (primary) + ERA5-normals sim (solar/sunshine/weather-code),27,0,69,96,1281,6,0.4684,DENV-2 (dominant 70%),Moderate,DGHS/WHO/PMC anchored estimates (daily distribution),18.7,18.0,0.32,0.0,0.0,56.3,61.3,54.0
2023-03-05,2023,3,5,64,Pre-Monsoon,Dhaka,23.71,90.41,27.43,34.57,19.9,14.7,26.7,16.5,45.4,0.0,5.58,248.0,1013.7,23.5,5.5,2,Partly cloudy,27.43,34.57,19.9,0.0,45.35,5.58,248.0,1013.7,NASA POWER MERRA-2 (primary) + ERA5-normals sim (solar/sunshine/weather-code),19,1,80,100,1300,7,0.5385,DENV-2 (dominant 70%),Watch,DGHS/WHO/PMC anchored estimates (daily distribution),20.0,16.8,0.66,0.0,0.0,43.1,57.6,70.6
2023-03-06,2023,3,6,65,Pre-Monsoon,Dhaka,23.71,90.41,27.86,34.8,21.16,13.6,26.8,15.7,39.3,0.0,6.8,298.6,1012.8,16.9,9.0,61,Moderate rain,27.86,34.8,21.16,0.0,39.29,6.8,298.6,1012.8,NASA POWER MERRA-2 (primary) + ERA5-normals sim (solar/sunshine/weather-code),11,0,86,97,1311,7,0.5339,DENV-2 (dominant 70%),Watch,DGHS/WHO/PMC anchored estimates (daily distribution),18.0,15.3,0.0,0.0,0.0,42.7,61.7,47.3
2023-03-07,2023,3,7,66,Pre-Monsoon,Dhaka,23.71,90.41,26.89,34.52,19.86,14.7,26.1,15.6,43.6,0.0,8.39,310.0,1013.3,19.7,7.7,3,Overcast,26.89,34.52,19.86,0.0,43.62,8.39,310.0,1013.3,NASA POWER MERRA-2 (primary) + ERA5-normals sim (solar/sunshine/weather-code),18,0,79,97,1329,7,0.5267,DENV-2 (dominant 70%),Watch,DGHS/WHO/PMC anchored estimates (daily distribution),18.4,15.1,0.01,0.0,0.0,46.7,70.4,42.8
2023-03-08,2023,3,8,67,Pre-Monsoon,Dhaka,23.71,90.41,26.74,34.15,20.0,14.2,25.7,14.7,39.8,0.0,9.9,3.1,1014.2,20.6,6.7,1,Mainly clear,26.74,34.15,20.0,0.0,39.77,9.9,3.1,1014.2,NASA POWER MERRA-2 (primary) + ERA5-normals sim (solar/sunshine/weather-code),12,0,75,87,1341,7,0.522,DENV-2 (dominant 70%),Watch,DGHS/WHO/PMC anchored estimates (daily distribution),18.1,15.1,0.0,0.0,0.0,47.1,72.0,42.1
2023-03-09,2023,3,9,68,Pre-Monsoon,Dhaka,23.71,90.41,26.9,33.31,20.51,12.8,26.1,15.6,43.4,0.0,11.23,354.4,1013.2,21.8,7.2,2,Partly cloudy,26.9,33.31,20.51,0.0,43.41,11.23,354.4,1013.2,NASA POWER MERRA-2 (primary) + ERA5-normals sim (solar/sunshine/weather-code),31,0,60,91,1372,7,0.5102,DENV-2 (dominant 70%),Moderate,DGHS/WHO/PMC anchored estimates (daily distribution),20.0,16.8,0.0,0.15,0.0,44.7,73.4,46.4
2023-03-10,2023,3,10,69,Pre-Monsoon,Dhaka,23.71,90.41,25.28,30.11,20.35,9.8,24.6,14.5,46.2,0.0,8.78,4.8,1013.2,21.1,8.9,2,Partly cloudy,25.28,30.11,20.35,0.0,46.17,8.78,4.8,1013.2,NASA POWER MERRA-2 (primary) + ERA5-normals sim (solar/sunshine/weather-code),22,0,72,94,1394,7,0.5022,DENV-2 (dominant 70%),Moderate,DGHS/WHO/PMC anchored estimates (daily distribution),20.0,18.1,0.0,0.22,0.0,44.2,68.8,61.8
2023-03-11,2023,3,11,70,Pre-Monsoon,Dhaka,23.71,90.41,27.39,34.39,20.66,13.7,26.5,16.0,43.0,0.0,6.91,358.2,1013.1,24.6,6.7,61,Moderate rain,27.39,34.39,20.66,0.0,43.04,6.91,358.2,1013.1,NASA POWER MERRA-2 (primary) + ERA5-normals sim (solar/sunshine/weather-code),21,0,83,104,1415,7,0.4947,DENV-2 (dominant 70%),Moderate,DGHS/WHO/PMC anchored estimates (daily distribution),19.1,18.9,0.0,0.32,0.0,39.6,56.3,61.3
2023-03-12,2023,3,12,71,Pre-Monsoon,Dhaka,23.71,90.41,27.04,35.41,19.91,15.5,26.3,16.0,44.6,0.01,11.38,358.7,1012.1,20.3,9.0,2,Partly cloudy,27.04,35.41,19.91,0.01,44.57,11.38,358.7,1012.1,NASA POWER MERRA-2 (primary) + ERA5-normals sim (solar/sunshine/weather-code),56,1,85,142,1471,8,0.5438,DENV-2 (dominant 70%),Moderate,DGHS/WHO/PMC anchored estimates (daily distribution),24.4,22.2,0.0,0.66,0.0,45.4,43.1,57.6
2023-03-13,2023,3,13,72,Pre-Monsoon,Dhaka,23.71,90.41,27.96,35.4,20.3,15.1,27.0,16.3,41.7,0.01,9.32,351.1,1010.4,15.0,9.4,3,Overcast,27.96,35.4,20.3,0.01,41.68,9.32,351.1,1010.4,NASA POWER MERRA-2 (primary) + ERA5-normals sim (solar/sunshine/weather-code),45,0,130,175,1516,8,0.5277,DENV-2 (dominant 70%),Moderate,DGHS/WHO/PMC anchored estimates (daily distribution),29.3,23.6,0.0,0.0,0.0,39.3,42.7,61.7
2023-03-14,2023,3,14,73,Pre-Monsoon,Dhaka,23.71,90.41,27.73,34.38,21.99,12.4,27.1,17.4,48.2,0.04,8.24,201.9,1009.1,25.3,9.4,2,Partly cloudy,27.73,34.38,21.99,0.04,48.25,8.24,201.9,1009.1,NASA POWER MERRA-2 (primary) + ERA5-normals sim (solar/sunshine/weather-code),31,0,144,175,1547,8,0.5171,DENV-2 (dominant 70%),Moderate,DGHS/WHO/PMC anchored estimates (daily distribution),31.1,24.8,0.0,0.01,0.0,43.6,46.7,70.4
2023-03-15,2023,3,15,74,Pre-Monsoon,Dhaka,23.71,90.41,26.95,34.04,21.12,12.9,27.2,19.8,64.4,1.08,13.14,187.2,1008.9,18.0,8.5,3,Overcast,26.95,34.04,21.12,1.08,64.44,13.14,187.2,1008.9,NASA POWER MERRA-2 (primary) + ERA5-normals sim (solar/sunshine/weather-code),21,0,153,174,1568,8,0.5102,DENV-2 (dominant 70%),Moderate,DGHS/WHO/PMC anchored estimates (daily distribution),32.4,25.3,0.0,0.0,0.0,39.8,47.1,72.0
2023-03-16,2023,3,16,75,Pre-Monsoon,Dhaka,23.71,90.41,25.85,32.74,21.27,11.5,26.4,19.9,70.2,2.34,10.15,165.8,1011.3,15.1,8.1,3,Overcast,25.85,32.74,21.27,2.34,70.16,10.15,165.8,1011.3,NASA POWER MERRA-2 (primary) + ERA5-normals sim (solar/sunshine/weather-code),11,0,153,164,1579,8,0.5066,DENV-2 (dominant 70%),Watch,DGHS/WHO/PMC anchored estimates (daily distribution),29.6,24.8,0.0,0.0,0.15,43.4,44.7,73.4
2023-03-17,2023,3,17,76,Pre-Monsoon,Dhaka,23.71,90.41,25.49,31.13,21.11,10.0,25.7,18.5,65.1,0.49,8.1,56.2,1012.0,17.3,6.8,2,Partly cloudy,25.49,31.13,21.11,0.49,65.09,8.1,56.2,1012.0,NASA POWER MERRA-2 (primary) + ERA5-normals sim (solar/sunshine/weather-code),12,0,108,120,1591,8,0.5028,DENV-2 (dominant 70%),Watch,DGHS/WHO/PMC anchored estimates (daily distribution),28.1,24.1,0.0,0.0,0.22,46.2,44.2,68.8
2023-03-18,2023,3,18,77,Pre-Monsoon,Dhaka,23.71,90.41,25.54,31.82,20.45,11.4,25.7,18.2,63.5,3.77,8.1,170.4,1010.5,21.9,9.1,2,Partly cloudy,25.54,31.82,20.45,3.77,63.47,8.1,170.4,1010.5,NASA POWER MERRA-2 (primary) + ERA5-normals sim (solar/sunshine/weather-code),9,0,75,84,1600,8,0.5,DENV-2 (dominant 70%),Watch,DGHS/WHO/PMC anchored estimates (daily distribution),26.4,22.8,0.0,0.0,0.32,43.0,39.6,56.3
2023-03-19,2023,3,19,78,Pre-Monsoon,Dhaka,23.71,90.41,23.81,28.11,21.2,6.9,24.6,19.1,76.4,7.89,10.08,176.8,1009.7,25.0,8.1,1,Mainly clear,23.81,28.11,21.2,7.89,76.41,10.08,176.8,1009.7,NASA POWER MERRA-2 (primary) + ERA5-normals sim (solar/sunshine/weather-code),32,0,53,85,1632,8,0.4902,DENV-2 (dominant 70%),Moderate,DGHS/WHO/PMC anchored estimates (daily distribution),23.0,23.7,0.01,0.0,0.66,44.6,45.4,43.1
2023-03-20,2023,3,20,79,Pre-Monsoon,Dhaka,23.71,90.41,23.33,27.44,20.3,7.1,24.3,19.1,78.8,12.25,13.9,181.1,1008.6,21.7,6.5,61,Moderate rain,23.33,27.44,20.3,12.25,78.8,13.9,181.1,1008.6,NASA POWER MERRA-2 (primary) + ERA5-normals sim (solar/sunshine/weather-code),29,1,63,93,1661,9,0.5418,DENV-2 (dominant 70%),Moderate,DGHS/WHO/PMC anchored estimates (daily distribution),20.7,25.0,0.01,0.0,0.0,41.7,39.3,42.7
2023-03-21,2023,3,21,80,Pre-Monsoon,Dhaka,23.71,90.41,24.64,29.32,20.11,9.2,25.4,19.8,75.7,20.26,9.97,207.9,1008.5,23.6,7.4,3,Overcast,24.64,29.32,20.11,20.26,75.67,9.97,207.9,1008.5,NASA POWER MERRA-2 (primary) + ERA5-normals sim (solar/sunshine/weather-code),37,0,82,119,1698,9,0.53,DENV-2 (dominant 70%),Moderate,DGHS/WHO/PMC anchored estimates (daily distribution),21.6,26.4,0.04,0.0,0.01,48.2,43.6,46.7
2023-03-22,2023,3,22,81,Pre-Monsoon,Dhaka,23.71,90.41,24.97,30.09,20.34,9.8,25.6,19.3,71.8,13.21,9.0,209.7,1007.7,17.4,7.6,2,Partly cloudy,24.97,30.09,20.34,13.21,71.79,9.0,209.7,1007.7,NASA POWER MERRA-2 (primary) + ERA5-normals sim (solar/sunshine/weather-code),20,0,107,127,1718,9,0.5239,DENV-2 (dominant 70%),Moderate,DGHS/WHO/PMC anchored estimates (daily distribution),21.4,26.9,1.08,0.0,0.0,64.4,39.8,47.1
2023-03-23,2023,3,23,82,Pre-Monsoon,Dhaka,23.71,90.41,25.27,30.63,20.77,9.9,25.9,19.7,72.1,3.99,10.66,189.8,1007.7,19.6,9.0,1,Mainly clear,25.27,30.63,20.77,3.99,72.07,10.66,189.8,1007.7,NASA POWER MERRA-2 (primary) + ERA5-normals sim (solar/sunshine/weather-code),12,0,118,130,1730,9,0.5202,DENV-2 (dominant 70%),Watch,DGHS/WHO/PMC anchored estimates (daily distribution),21.6,25.6,2.34,0.0,0.0,70.2,43.4,44.7
2023-03-24,2023,3,24,83,Pre-Monsoon,Dhaka,23.71,90.41,25.73,32.01,19.99,12.0,26.2,19.6,69.4,1.7,8.28,176.0,1009.4,22.3,9.8,1,Mainly clear,25.73,32.01,19.99,1.7,69.36,8.28,176.0,1009.4,NASA POWER MERRA-2 (primary) + ERA5-normals sim (solar/sunshine/weather-code),22,0,98,120,1752,9,0.5137,DENV-2 (dominant 70%),Moderate,DGHS/WHO/PMC anchored estimates (daily distribution),23.0,25.6,0.49,0.0,0.0,65.1,46.2,44.2
2023-03-25,2023,3,25,84,Pre-Monsoon,Dhaka,23.71,90.41,26.44,32.71,20.79,11.9,26.9,20.4,69.8,5.14,8.03,187.9,1009.9,23.7,8.6,2,Partly cloudy,26.44,32.71,20.79,5.14,69.85,8.03,187.9,1009.9,NASA POWER MERRA-2 (primary) + ERA5-normals sim (solar/sunshine/weather-code),12,0,91,103,1764,9,0.5102,DENV-2 (dominant 70%),Watch,DGHS/WHO/PMC anchored estimates (daily distribution),23.4,24.9,3.77,0.0,0.0,63.5,43.0,39.6
2023-03-26,2023,3,26,85,Pre-Monsoon,Dhaka,23.71,90.41,27.43,33.7,21.97,11.7,27.9,21.2,69.1,4.04,11.59,203.8,1007.9,20.3,6.1,61,Moderate rain,27.43,33.7,21.97,4.04,69.07,11.59,203.8,1007.9,NASA POWER MERRA-2 (primary) + ERA5-normals sim (solar/sunshine/weather-code),10,0,66,76,1774,9,0.5073,DENV-2 (dominant 70%),Watch,DGHS/WHO/PMC anchored estimates (daily distribution),20.3,21.6,7.89,0.01,0.0,76.4,44.6,45.4
2023-03-27,2023,3,27,86,Pre-Monsoon,Dhaka,23.71,90.41,27.24,33.12,21.9,11.2,27.8,21.3,70.4,5.62,10.66,199.9,1007.8,19.5,7.6,51,Light drizzle,27.24,33.12,21.9,5.62,70.44,10.66,199.9,1007.8,NASA POWER MERRA-2 (primary) + ERA5-normals sim (solar/sunshine/weather-code),40,0,56,96,1814,9,0.4961,DENV-2 (dominant 70%),Moderate,DGHS/WHO/PMC anchored estimates (daily distribution),21.9,21.3,12.25,0.01,0.0,78.8,41.7,39.3
2023-03-28,2023,3,28,87,Pre-Monsoon,Dhaka,23.71,90.41,27.6,33.45,22.45,11.0,28.0,21.2,68.2,3.95,8.71,191.3,1008.4,19.9,7.1,2,Partly cloudy,27.6,33.45,22.45,3.95,68.15,8.71,191.3,1008.4,NASA POWER MERRA-2 (primary) + ERA5-normals sim (solar/sunshine/weather-code),22,2,82,106,1836,11,0.5991,DENV-2 (dominant 70%),Moderate,DGHS/WHO/PMC anchored estimates (daily distribution),19.7,20.6,20.26,0.04,0.0,75.7,48.2,43.6
2023-03-29,2023,3,29,88,Pre-Monsoon,Dhaka,23.71,90.41,26.91,32.11,22.2,9.9,27.6,21.6,73.7,13.77,10.3,182.6,1009.9,16.6,7.9,2,Partly cloudy,26.91,32.11,22.2,13.77,73.67,10.3,182.6,1009.9,NASA POWER MERRA-2 (primary) + ERA5-normals sim (solar/sunshine/weather-code),11,0,84,95,1847,11,0.5956,DENV-2 (dominant 70%),Watch,DGHS/WHO/PMC anchored estimates (daily distribution),18.4,19.9,13.21,1.08,0.0,71.8,64.4,39.8
2023-03-30,2023,3,30,89,Pre-Monsoon,Dhaka,23.71,90.41,26.29,31.08,21.42,9.7,27.1,21.4,75.4,12.21,9.18,179.8,1008.7,21.0,6.5,1,Mainly clear,26.29,31.08,21.42,12.21,75.42,9.18,179.8,1008.7,NASA POWER MERRA-2 (primary) + ERA5-normals sim (solar/sunshine/weather-code),5,0,83,88,1852,11,0.594,DENV-2 (dominant 70%),Watch,DGHS/WHO/PMC anchored estimates (daily distribution),17.4,19.5,3.99,2.34,0.0,72.1,70.2,43.4
2023-03-31,2023,3,31,90,Pre-Monsoon,Dhaka,23.71,90.41,25.72,29.8,22.24,7.6,26.9,22.3,83.1,34.55,7.16,174.8,1008.6,15.7,9.6,80,Rain showers,25.72,29.8,22.24,34.55,83.14,7.16,174.8,1008.6,NASA POWER MERRA-2 (primary) + ERA5-normals sim (solar/sunshine/weather-code),4,0,78,82,1856,11,0.5927,DENV-2 (dominant 70%),Watch,DGHS/WHO/PMC anchored estimates (daily distribution),14.9,18.9,1.7,0.49,0.0,69.4,65.1,46.2
2023-04-01,2023,4,1,91,Pre-Monsoon,Dhaka,23.71,90.41,24.47,27.49,21.83,5.7,25.8,21.8,86.4,48.65,7.2,253.8,1008.0,18.6,7.8,2,Partly cloudy,24.47,27.49,21.83,48.65,86.45,7.2,253.8,1008.0,NASA POWER MERRA-2 (primary) + ERA5-normals sim (solar/sunshine/weather-code),68,0,42,110,1924,11,0.5717,DENV-2 (dominant 70%),Moderate,DGHS/WHO/PMC anchored estimates (daily distribution),22.9,23.1,5.14,3.77,0.0,69.8,63.5,43.0
2023-04-02,2023,4,2,92,Pre-Monsoon,Dhaka,23.71,90.41,24.99,29.73,20.84,8.9,25.9,20.5,77.6,4.64,8.57,215.3,1006.6,21.2,5.4,80,Rain showers,24.99,29.73,20.84,4.64,77.57,8.57,215.3,1006.6,NASA POWER MERRA-2 (primary) + ERA5-normals sim (solar/sunshine/weather-code),30,0,88,118,1954,11,0.5629,DENV-2 (dominant 70%),Moderate,DGHS/WHO/PMC anchored estimates (daily distribution),25.7,23.0,4.04,7.89,0.01,69.1,76.4,44.6
2023-04-03,2023,4,3,93,Pre-Monsoon,Dhaka,23.71,90.41,25.92,31.02,21.13,9.9,26.7,21.2,76.2,3.18,12.17,194.9,1006.7,19.2,7.2,61,Moderate rain,25.92,31.02,21.13,3.18,76.21,12.17,194.9,1006.7,NASA POWER MERRA-2 (primary) + ERA5-normals sim (solar/sunshine/weather-code),101,0,107,208,2055,11,0.5353,DENV-2 (dominant 70%),High,DGHS/WHO/PMC anchored estimates (daily distribution),34.4,28.1,5.62,12.25,0.01,70.4,78.8,41.7
2023-04-04,2023,4,4,94,Pre-Monsoon,Dhaka,23.71,90.41,27.2,32.6,22.68,9.9,28.0,22.4,76.1,0.65,14.4,188.7,1007.3,16.0,5.4,51,Light drizzle,27.2,32.6,22.68,0.65,76.12,14.4,188.7,1007.3,NASA POWER MERRA-2 (primary) + ERA5-normals sim (solar/sunshine/weather-code),89,0,203,292,2144,11,0.5131,DENV-2 (dominant 70%),High,DGHS/WHO/PMC anchored estimates (daily distribution),44.0,31.9,3.95,20.26,0.04,68.2,75.7,48.2
2023-04-05,2023,4,5,95,Pre-Monsoon,Dhaka,23.71,90.41,27.7,33.17,23.24,9.9,28.7,23.6,79.6,0.85,14.69,189.1,1006.7,19.1,7.4,2,Partly cloudy,27.7,33.17,23.24,0.85,79.59,14.69,189.1,1006.7,NASA POWER MERRA-2 (primary) + ERA5-normals sim (solar/sunshine/weather-code),100,0,288,388,2244,11,0.4902,DENV-2 (dominant 70%),High,DGHS/WHO/PMC anchored estimates (daily distribution),56.7,37.6,13.77,13.21,1.08,73.7,71.8,64.4
2023-04-06,2023,4,6,96,Pre-Monsoon,Dhaka,23.71,90.41,27.95,33.5,22.84,10.7,28.5,22.2,71.0,1.18,7.42,171.9,1009.1,21.6,5.9,61,Moderate rain,27.95,33.5,22.84,1.18,71.02,7.42,171.9,1009.1,NASA POWER MERRA-2 (primary) + ERA5-normals sim (solar/sunshine/weather-code),74,1,319,394,2318,12,0.5177,DENV-2 (dominant 70%),Moderate,DGHS/WHO/PMC anchored estimates (daily distribution),66.6,42.0,12.21,3.99,2.34,75.4,72.1,70.2
2023-04-07,2023,4,7,97,Pre-Monsoon,Dhaka,23.71,90.41,28.12,34.44,21.37,13.1,28.3,20.8,63.5,3.3,7.34,198.4,1010.8,15.1,7.8,51,Light drizzle,28.12,34.44,21.37,3.3,63.48,7.34,198.4,1010.8,NASA POWER MERRA-2 (primary) + ERA5-normals sim (solar/sunshine/weather-code),55,0,364,419,2373,12,0.5057,DENV-2 (dominant 70%),Moderate,DGHS/WHO/PMC anchored estimates (daily distribution),73.9,44.4,34.55,1.7,0.49,83.1,69.4,65.1
2023-04-08,2023,4,8,98,Pre-Monsoon,Dhaka,23.71,90.41,28.49,35.29,21.37,13.9,28.4,20.3,58.9,0.0,5.76,212.3,1011.8,18.4,9.8,61,Moderate rain,28.49,35.29,21.37,0.0,58.93,5.76,212.3,1011.8,NASA POWER MERRA-2 (primary) + ERA5-normals sim (solar/sunshine/weather-code),28,0,318,346,2401,12,0.4998,DENV-2 (dominant 70%),Moderate,DGHS/WHO/PMC anchored estimates (daily distribution),68.1,45.5,48.65,5.14,3.77,86.4,69.8,63.5
2023-04-09,2023,4,9,99,Pre-Monsoon,Dhaka,23.71,90.41,29.12,35.37,22.6,12.8,28.8,20.0,54.5,2.11,6.08,228.2,1010.9,19.3,6.5,51,Light drizzle,29.12,35.37,22.6,2.11,54.51,6.08,228.2,1010.9,NASA POWER MERRA-2 (primary) + ERA5-normals sim (solar/sunshine/weather-code),22,0,257,279,2423,12,0.4953,DENV-2 (dominant 70%),Moderate,DGHS/WHO/PMC anchored estimates (daily distribution),67.0,46.4,4.64,4.04,7.89,77.6,69.1,76.4
2023-04-10,2023,4,10,100,Pre-Monsoon,Dhaka,23.71,90.41,28.85,35.36,21.82,13.5,28.9,20.9,60.2,8.45,7.16,195.3,1009.3,19.8,5.2,61,Moderate rain,28.85,35.36,21.82,8.45,60.17,7.16,195.3,1009.3,NASA POWER MERRA-2 (primary) + ERA5-normals sim (solar/sunshine/weather-code),38,0,179,217,2461,12,0.4876,DENV-2 (dominant 70%),Moderate,DGHS/WHO/PMC anchored estimates (daily distribution),58.0,46.2,3.18,5.62,12.25,76.2,70.4,78.8
2023-04-11,2023,4,11,101,Pre-Monsoon,Dhaka,23.71,90.41,29.15,35.9,22.91,13.0,29.4,22.1,64.8,0.0,8.6,182.8,1009.0,23.3,10.0,1,Mainly clear,29.15,35.9,22.91,0.0,64.76,8.6,182.8,1009.0,NASA POWER MERRA-2 (primary) + ERA5-normals sim (solar/sunshine/weather-code),48,0,143,191,2509,12,0.4783,DENV-2 (dominant 70%),Moderate,DGHS/WHO/PMC anchored estimates (daily distribution),52.1,48.1,0.65,3.95,20.26,76.1,68.2,75.7
2023-04-12,2023,4,12,102,Pre-Monsoon,Dhaka,23.71,90.41,29.54,36.55,22.99,13.6,29.4,21.1,57.6,0.0,7.02,186.9,1007.9,16.0,5.6,2,Partly cloudy,29.54,36.55,22.99,0.0,57.58,7.02,186.9,1007.9,NASA POWER MERRA-2 (primary) + ERA5-normals sim (solar/sunshine/weather-code),23,0,136,159,2532,12,0.4739,DENV-2 (dominant 70%),Moderate,DGHS/WHO/PMC anchored estimates (daily distribution),41.1,48.9,0.85,13.77,13.21,79.6,73.7,71.8
2023-04-13,2023,4,13,103,Pre-Monsoon,Dhaka,23.71,90.41,29.17,37.07,21.6,15.5,29.2,21.2,59.9,0.0,9.79,190.1,1007.1,17.5,6.9,80,Rain showers,29.17,37.07,21.6,0.0,59.9,9.79,190.1,1007.1,NASA POWER MERRA-2 (primary) + ERA5-normals sim (solar/sunshine/weather-code),22,0,131,153,2554,12,0.4699,DENV-2 (dominant 70%),Moderate,DGHS/WHO/PMC anchored estimates (daily distribution),33.7,50.1,1.18,12.21,3.99,71.0,75.4,72.1
2023-04-14,2023,4,14,104,Pre-Monsoon,Dhaka,23.71,90.41,30.18,37.97,22.72,15.2,30.3,22.8,62.9,0.0,7.88,182.1,1006.8,20.3,4.4,2,Partly cloudy,30.18,37.97,22.72,0.0,62.88,7.88,182.1,1006.8,NASA POWER MERRA-2 (primary) + ERA5-normals sim (solar/sunshine/weather-code),23,0,131,154,2577,12,0.4657,DENV-2 (dominant 70%),Moderate,DGHS/WHO/PMC anchored estimates (daily distribution),29.1,51.5,3.3,34.55,1.7,63.5,83.1,69.4
2023-04-15,2023,4,15,105,Pre-Monsoon,Dhaka,23.71,90.41,30.73,38.61,23.86,14.8,30.9,23.3,62.7,0.0,7.49,184.4,1006.4,17.9,6.9,61,Moderate rain,30.73,38.61,23.86,0.0,62.73,7.49,184.4,1006.4,NASA POWER MERRA-2 (primary) + ERA5-normals sim (solar/sunshine/weather-code),23,0,116,139,2600,12,0.4615,DENV-2 (dominant 70%),Moderate,DGHS/WHO/PMC anchored estimates (daily distribution),28.4,48.3,0.0,48.65,5.14,58.9,86.4,69.8
2023-04-16,2023,4,16,106,Pre-Monsoon,Dhaka,23.71,90.41,30.38,37.01,24.41,12.6,30.6,23.1,63.8,0.0,8.89,195.1,1005.1,17.3,8.1,51,Light drizzle,30.38,37.01,24.41,0.0,63.75,8.89,195.1,1005.1,NASA POWER MERRA-2 (primary) + ERA5-normals sim (solar/sunshine/weather-code),12,1,90,103,2612,13,0.4977,DENV-2 (dominant 70%),Watch,DGHS/WHO/PMC anchored estimates (daily distribution),27.0,47.0,2.11,4.64,4.04,54.5,77.6,69.1
2023-04-17,2023,4,17,107,Pre-Monsoon,Dhaka,23.71,90.41,30.3,37.18,24.7,12.5,30.9,24.6,71.3,0.0,14.18,179.5,1006.0,12.1,2.9,80,Rain showers,30.3,37.18,24.7,0.0,71.32,14.18,179.5,1006.0,NASA POWER MERRA-2 (primary) + ERA5-normals sim (solar/sunshine/weather-code),64,0,80,144,2676,13,0.4858,DENV-2 (dominant 70%),Moderate,DGHS/WHO/PMC anchored estimates (daily distribution),30.7,44.4,8.45,3.18,5.62,60.2,76.2,70.4
2023-04-18,2023,4,18,108,Pre-Monsoon,Dhaka,23.71,90.41,30.74,37.58,25.32,12.3,31.3,24.8,70.4,0.0,12.64,170.1,1007.0,17.7,7.5,51,Light drizzle,30.74,37.58,25.32,0.0,70.45,12.64,170.1,1007.0,NASA POWER MERRA-2 (primary) + ERA5-normals sim (solar/sunshine/weather-code),38,0,122,160,2714,13,0.479,DENV-2 (dominant 70%),Moderate,DGHS/WHO/PMC anchored estimates (daily distribution),29.3,40.7,0.0,0.65,3.95,64.8,76.1,68.2
2023-04-19,2023,4,19,109,Pre-Monsoon,Dhaka,23.71,90.41,30.52,37.4,25.34,12.1,31.1,24.7,70.7,0.0,14.51,172.0,1003.6,20.0,6.4,2,Partly cloudy,30.52,37.4,25.34,0.0,70.66,14.51,172.0,1003.6,NASA POWER MERRA-2 (primary) + ERA5-normals sim (solar/sunshine/weather-code),20,1,136,157,2734,14,0.5121,DENV-2 (dominant 70%),Moderate,DGHS/WHO/PMC anchored estimates (daily distribution),28.9,35.0,0.0,0.85,13.77,57.6,79.6,73.7
2023-04-20,2023,4,20,110,Pre-Monsoon,Dhaka,23.71,90.41,30.92,38.04,25.87,12.2,31.4,25.0,70.2,0.06,17.78,166.2,1001.1,9.0,3.0,80,Rain showers,30.92,38.04,25.87,0.06,70.17,17.78,166.2,1001.1,NASA POWER MERRA-2 (primary) + ERA5-normals sim (solar/sunshine/weather-code),68,2,132,202,2802,16,0.571,DENV-2 (dominant 70%),Moderate,DGHS/WHO/PMC anchored estimates (daily distribution),35.4,34.6,0.0,1.18,12.21,59.9,71.0,75.4
2023-04-21,2023,4,21,111,Pre-Monsoon,Dhaka,23.71,90.41,30.73,37.52,25.89,11.6,31.3,24.8,70.6,2.5,16.24,161.4,1001.9,19.8,7.0,80,Rain showers,30.73,37.52,25.89,2.5,70.61,16.24,161.4,1001.9,NASA POWER MERRA-2 (primary) + ERA5-normals sim (solar/sunshine/weather-code),76,0,190,266,2878,16,0.5559,DENV-2 (dominant 70%),Moderate,DGHS/WHO/PMC anchored estimates (daily distribution),43.0,36.1,0.0,3.3,34.55,62.9,63.5,83.1
2023-04-22,2023,4,22,112,Pre-Monsoon,Dhaka,23.71,90.41,30.19,36.99,24.64,12.4,30.5,23.4,65.8,1.58,11.81,165.6,1003.4,24.8,5.0,51,Light drizzle,30.19,36.99,24.64,1.58,65.76,11.81,165.6,1003.4,NASA POWER MERRA-2 (primary) + ERA5-normals sim (solar/sunshine/weather-code),48,1,201,250,2926,17,0.581,DENV-2 (dominant 70%),Moderate,DGHS/WHO/PMC anchored estimates (daily distribution),46.6,37.5,0.0,0.0,48.65,62.7,58.9,86.4
2023-04-23,2023,4,23,113,Pre-Monsoon,Dhaka,23.71,90.41,28.31,33.44,24.32,9.1,28.8,22.1,68.9,2.89,8.71,62.6,1006.5,24.9,7.7,2,Partly cloudy,28.31,33.44,24.32,2.89,68.91,8.71,62.6,1006.5,NASA POWER MERRA-2 (primary) + ERA5-normals sim (solar/sunshine/weather-code),24,0,212,236,2950,17,0.5763,DENV-2 (dominant 70%),Moderate,DGHS/WHO/PMC anchored estimates (daily distribution),48.3,37.6,0.0,2.11,4.64,63.8,54.5,77.6
2023-04-24,2023,4,24,114,Pre-Monsoon,Dhaka,23.71,90.41,29.13,34.42,23.48,10.9,29.1,21.0,59.1,0.08,4.61,6.6,1009.6,20.0,10.5,61,Moderate rain,29.13,34.42,23.48,0.08,59.07,4.61,6.6,1009.6,NASA POWER MERRA-2 (primary) + ERA5-normals sim (solar/sunshine/weather-code),13,0,216,229,2963,17,0.5737,DENV-2 (dominant 70%),Watch,DGHS/WHO/PMC anchored estimates (daily distribution),41.0,35.9,0.0,8.45,3.18,71.3,60.2,76.2
2023-04-25,2023,4,25,115,Pre-Monsoon,Dhaka,23.71,90.41,29.8,35.38,24.73,10.7,29.4,20.3,52.6,0.4,6.55,297.2,1009.1,22.7,7.5,1,Mainly clear,29.8,35.38,24.73,0.4,52.6,6.55,297.2,1009.1,NASA POWER MERRA-2 (primary) + ERA5-normals sim (solar/sunshine/weather-code),29,0,161,190,2992,17,0.5682,DENV-2 (dominant 70%),Moderate,DGHS/WHO/PMC anchored estimates (daily distribution),39.7,34.5,0.0,0.0,0.65,70.4,64.8,76.1
2023-04-26,2023,4,26,116,Pre-Monsoon,Dhaka,23.71,90.41,30.41,36.05,23.55,12.5,29.9,20.2,48.9,0.01,4.68,343.8,1007.3,19.5,6.9,2,Partly cloudy,30.41,36.05,23.55,0.01,48.93,4.68,343.8,1007.3,NASA POWER MERRA-2 (primary) + ERA5-normals sim (solar/sunshine/weather-code),20,0,114,134,3012,17,0.5644,DENV-2 (dominant 70%),Moderate,DGHS/WHO/PMC anchored estimates (daily distribution),39.7,34.3,0.0,0.0,0.85,70.7,57.6,79.6
2023-04-27,2023,4,27,117,Pre-Monsoon,Dhaka,23.71,90.41,31.33,36.74,25.44,11.3,30.8,21.2,49.3,0.11,3.96,229.0,1007.3,19.0,7.9,1,Mainly clear,31.33,36.74,25.44,0.11,49.31,3.96,229.0,1007.3,NASA POWER MERRA-2 (primary) + ERA5-normals sim (solar/sunshine/weather-code),23,0,86,109,3035,17,0.5601,DENV-2 (dominant 70%),Moderate,DGHS/WHO/PMC anchored estimates (daily distribution),33.3,34.4,0.06,0.0,1.18,70.2,59.9,71.0
2023-04-28,2023,4,28,118,Pre-Monsoon,Dhaka,23.71,90.41,29.3,34.32,24.4,9.9,29.3,21.4,60.7,12.95,7.27,236.6,1008.1,18.4,6.7,80,Rain showers,29.3,34.32,24.4,12.95,60.71,7.27,236.6,1008.1,NASA POWER MERRA-2 (primary) + ERA5-normals sim (solar/sunshine/weather-code),65,1,84,150,3100,18,0.5806,DENV-2 (dominant 70%),Moderate,DGHS/WHO/PMC anchored estimates (daily distribution),31.7,37.4,2.5,0.0,3.3,70.6,62.9,63.5
2023-04-29,2023,4,29,119,Pre-Monsoon,Dhaka,23.71,90.41,29.63,35.52,24.42,11.1,29.9,22.8,66.0,12.36,6.7,206.8,1007.2,9.7,2.7,80,Rain showers,29.63,35.52,24.42,12.36,65.95,6.7,206.8,1007.2,NASA POWER MERRA-2 (primary) + ERA5-normals sim (solar/sunshine/weather-code),34,0,137,171,3134,18,0.5743,DENV-2 (dominant 70%),Moderate,DGHS/WHO/PMC anchored estimates (daily distribution),29.7,38.1,1.58,0.0,0.0,65.8,62.7,58.9
2023-04-30,2023,4,30,120,Pre-Monsoon,Dhaka,23.71,90.41,29.34,33.92,24.62,9.3,29.7,22.6,66.3,8.71,3.78,232.2,1006.5,19.7,7.1,80,Rain showers,29.34,33.92,24.62,8.71,66.28,3.78,232.2,1006.5,NASA POWER MERRA-2 (primary) + ERA5-normals sim (solar/sunshine/weather-code),31,0,142,173,3165,18,0.5687,DENV-2 (dominant 70%),Moderate,DGHS/WHO/PMC anchored estimates (daily distribution),30.7,39.5,2.89,0.0,2.11,68.9,63.8,54.5
2023-05-01,2023,5,1,121,Pre-Monsoon,Dhaka,23.71,90.41,28.95,33.53,24.66,8.9,29.2,22.0,65.3,1.01,8.06,312.3,1007.4,17.4,5.9,3,Overcast,28.95,33.53,24.66,1.01,65.34,8.06,312.3,1007.4,NASA POWER MERRA-2 (primary) + ERA5-normals sim (solar/sunshine/weather-code),148,0,153,301,3313,18,0.5433,DENV-2 (dominant 70%),High,DGHS/WHO/PMC anchored estimates (daily distribution),50.0,45.5,0.08,0.0,8.45,59.1,71.3,60.2
2023-05-02,2023,5,2,122,Pre-Monsoon,Dhaka,23.71,90.41,29.81,35.08,24.58,10.5,29.7,21.5,58.5,0.16,5.69,278.3,1008.4,8.7,2.6,61,Moderate rain,29.81,35.08,24.58,0.16,58.5,5.69,278.3,1008.4,NASA POWER MERRA-2 (primary) + ERA5-normals sim (solar/sunshine/weather-code),183,0,278,461,3496,18,0.5149,DENV-2 (dominant 70%),High,DGHS/WHO/PMC anchored estimates (daily distribution),72.0,55.9,0.4,0.0,0.0,52.6,70.4,64.8
2023-05-03,2023,5,3,123,Pre-Monsoon,Dhaka,23.71,90.41,29.29,33.97,25.08,8.9,29.5,22.3,64.9,11.41,7.85,204.9,1008.9,15.6,7.2,51,Light drizzle,29.29,33.97,25.08,11.41,64.86,7.85,204.9,1008.9,NASA POWER MERRA-2 (primary) + ERA5-normals sim (solar/sunshine/weather-code),116,2,394,512,3612,20,0.5537,DENV-2 (dominant 70%),High,DGHS/WHO/PMC anchored estimates (daily distribution),85.7,62.7,0.01,0.0,0.0,48.9,70.7,57.6
2023-05-04,2023,5,4,124,Pre-Monsoon,Dhaka,23.71,90.41,28.74,33.3,24.84,8.5,29.4,23.2,72.5,17.97,8.28,210.9,1008.0,16.0,4.6,51,Light drizzle,28.74,33.3,24.84,17.97,72.48,8.28,210.9,1008.0,NASA POWER MERRA-2 (primary) + ERA5-normals sim (solar/sunshine/weather-code),85,0,478,563,3697,20,0.541,DENV-2 (dominant 70%),High,DGHS/WHO/PMC anchored estimates (daily distribution),94.6,63.9,0.11,0.06,0.0,49.3,70.2,59.9
2023-05-05,2023,5,5,125,Pre-Monsoon,Dhaka,23.71,90.41,28.44,32.38,24.1,8.3,29.2,23.4,74.8,9.34,8.86,209.6,1005.2,22.9,5.7,3,Overcast,28.44,32.38,24.1,9.34,74.8,8.86,209.6,1005.2,NASA POWER MERRA-2 (primary) + ERA5-normals sim (solar/sunshine/weather-code),72,0,532,604,3769,20,0.5306,DENV-2 (dominant 70%),Moderate,DGHS/WHO/PMC anchored estimates (daily distribution),95.6,63.6,12.95,2.5,0.0,60.7,70.6,62.9
2023-05-06,2023,5,6,126,Pre-Monsoon,Dhaka,23.71,90.41,29.5,34.06,25.22,8.8,30.1,24.0,72.4,3.7,7.63,205.1,1004.0,8.2,2.9,95,Thunderstorm,29.5,34.06,25.22,3.7,72.35,7.63,205.1,1004.0,NASA POWER MERRA-2 (primary) + ERA5-normals sim (solar/sunshine/weather-code),94,0,456,550,3863,20,0.5177,DENV-2 (dominant 70%),High,DGHS/WHO/PMC anchored estimates (daily distribution),104.1,66.9,12.36,1.58,0.0,66.0,65.8,62.7
2023-05-07,2023,5,7,127,Pre-Monsoon,Dhaka,23.71,90.41,30.52,36.02,25.03,11.0,30.7,23.4,64.2,3.99,7.99,227.5,1004.0,16.3,6.4,2,Partly cloudy,30.52,36.02,25.03,3.99,64.25,7.99,227.5,1004.0,NASA POWER MERRA-2 (primary) + ERA5-normals sim (solar/sunshine/weather-code),156,1,366,523,4019,21,0.5225,DENV-2 (dominant 70%),High,DGHS/WHO/PMC anchored estimates (daily distribution),122.0,76.4,8.71,2.89,0.0,66.3,68.9,63.8
2023-05-08,2023,5,8,128,Pre-Monsoon,Dhaka,23.71,90.41,31.4,38.26,24.67,13.6,31.2,22.8,56.8,0.0,10.33,242.9,1003.5,19.5,9.4,3,Overcast,31.4,38.26,24.67,0.0,56.75,10.33,242.9,1003.5,NASA POWER MERRA-2 (primary) + ERA5-normals sim (solar/sunshine/weather-code),110,2,405,517,4129,23,0.557,DENV-2 (dominant 70%),High,DGHS/WHO/PMC anchored estimates (daily distribution),116.6,83.3,1.01,0.08,0.0,65.3,59.1,71.3
2023-05-09,2023,5,9,129,Pre-Monsoon,Dhaka,23.71,90.41,31.8,38.6,25.0,13.6,31.6,22.8,55.0,0.0,11.12,227.1,1003.4,18.2,6.1,61,Moderate rain,31.8,38.6,25.0,0.0,54.97,11.12,227.1,1003.4,NASA POWER MERRA-2 (primary) + ERA5-normals sim (solar/sunshine/weather-code),45,0,432,477,4174,23,0.551,DENV-2 (dominant 70%),Moderate,DGHS/WHO/PMC anchored estimates (daily distribution),96.9,84.4,0.16,0.4,0.0,58.5,52.6,70.4
2023-05-10,2023,5,10,130,Pre-Monsoon,Dhaka,23.71,90.41,32.16,39.13,25.66,13.5,32.3,24.7,62.5,0.0,12.24,202.1,1004.2,16.8,5.8,1,Mainly clear,32.16,39.13,25.66,0.0,62.46,12.24,202.1,1004.2,NASA POWER MERRA-2 (primary) + ERA5-normals sim (solar/sunshine/weather-code),115,0,405,520,4289,23,0.5363,DENV-2 (dominant 70%),High,DGHS/WHO/PMC anchored estimates (daily distribution),96.7,91.2,11.41,0.01,0.0,64.9,48.9,70.7
2023-05-11,2023,5,11,131,Pre-Monsoon,Dhaka,23.71,90.41,31.62,37.65,26.6,11.0,31.8,24.5,64.4,1.24,9.36,178.5,1006.2,14.6,7.8,61,Moderate rain,31.62,37.65,26.6,1.24,64.41,9.36,178.5,1006.2,NASA POWER MERRA-2 (primary) + ERA5-normals sim (solar/sunshine/weather-code),96,0,426,522,4385,23,0.5245,DENV-2 (dominant 70%),High,DGHS/WHO/PMC anchored estimates (daily distribution),98.3,96.4,17.97,0.11,0.06,72.5,49.3,70.2
2023-05-12,2023,5,12,132,Pre-Monsoon,Dhaka,23.71,90.41,30.61,35.43,25.76,9.7,31.0,24.0,67.2,2.05,5.44,171.6,1006.1,19.5,5.9,2,Partly cloudy,30.61,35.43,25.76,2.05,67.22,5.44,171.6,1006.1,NASA POWER MERRA-2 (primary) + ERA5-normals sim (solar/sunshine/weather-code),112,0,366,478,4497,23,0.5115,DENV-2 (dominant 70%),High,DGHS/WHO/PMC anchored estimates (daily distribution),104.0,99.8,9.34,12.95,2.5,74.8,60.7,70.6
2023-05-13,2023,5,13,133,Pre-Monsoon,Dhaka,23.71,90.41,31.0,36.9,26.75,10.1,31.2,23.6,63.2,0.58,8.42,109.4,1004.5,14.7,6.1,80,Rain showers,31.0,36.9,26.75,0.58,63.17,8.42,109.4,1004.5,NASA POWER MERRA-2 (primary) + ERA5-normals sim (solar/sunshine/weather-code),51,0,368,419,4548,23,0.5057,DENV-2 (dominant 70%),Moderate,DGHS/WHO/PMC anchored estimates (daily distribution),97.9,101.0,3.7,12.36,1.58,72.4,66.0,65.8
2023-05-14,2023,5,14,134,Pre-Monsoon,Dhaka,23.71,90.41,29.16,34.64,24.96,9.7,29.3,21.7,62.8,0.34,21.64,35.6,1000.1,16.8,5.9,1,Mainly clear,29.16,34.64,24.96,0.34,62.84,21.64,35.6,1000.1,NASA POWER MERRA-2 (primary) + ERA5-normals sim (solar/sunshine/weather-code),41,0,374,415,4589,23,0.5012,DENV-2 (dominant 70%),Moderate,DGHS/WHO/PMC anchored estimates (daily distribution),81.4,101.7,3.99,8.71,2.89,64.2,66.3,68.9
2023-05-15,2023,5,15,135,Pre-Monsoon,Dhaka,23.71,90.41,29.46,35.91,23.62,12.3,29.4,21.4,59.7,0.56,13.79,169.4,1002.6,16.6,5.8,2,Partly cloudy,29.46,35.91,23.62,0.56,59.74,13.79,169.4,1002.6,NASA POWER MERRA-2 (primary) + ERA5-normals sim (solar/sunshine/weather-code),110,0,300,410,4699,23,0.4895,DENV-2 (dominant 70%),High,DGHS/WHO/PMC anchored estimates (daily distribution),81.4,99.0,0.0,1.01,0.08,56.8,65.3,59.1
2023-05-16,2023,5,16,136,Pre-Monsoon,Dhaka,23.71,90.41,30.21,35.93,25.89,10.0,30.8,24.7,72.3,9.83,15.91,166.7,1005.1,16.4,7.6,3,Overcast,30.21,35.93,25.89,9.83,72.33,15.91,166.7,1005.1,NASA POWER MERRA-2 (primary) + ERA5-normals sim (solar/sunshine/weather-code),55,1,313,369,4754,24,0.5048,DENV-2 (dominant 70%),Moderate,DGHS/WHO/PMC anchored estimates (daily distribution),82.9,89.9,0.0,0.16,0.4,55.0,58.5,52.6
2023-05-17,2023,5,17,137,Pre-Monsoon,Dhaka,23.71,90.41,28.74,32.55,26.02,6.5,29.9,25.6,84.1,28.42,15.7,149.1,1007.6,16.1,4.1,2,Partly cloudy,28.74,32.55,26.02,28.42,84.07,15.7,149.1,1007.6,NASA POWER MERRA-2 (primary) + ERA5-normals sim (solar/sunshine/weather-code),92,0,257,349,4846,24,0.4953,DENV-2 (dominant 70%),High,DGHS/WHO/PMC anchored estimates (daily distribution),79.6,88.1,0.0,11.41,0.01,62.5,64.9,48.9
2023-05-18,2023,5,18,138,Pre-Monsoon,Dhaka,23.71,90.41,27.98,31.52,25.77,5.8,29.3,25.4,87.2,40.08,12.35,163.4,1008.4,19.2,7.1,80,Rain showers,27.98,31.52,25.77,40.08,87.16,12.35,163.4,1008.4,NASA POWER MERRA-2 (primary) + ERA5-normals sim (solar/sunshine/weather-code),82,1,297,380,4928,25,0.5073,DENV-2 (dominant 70%),High,DGHS/WHO/PMC anchored estimates (daily distribution),77.6,87.9,1.24,17.97,0.11,64.4,72.5,49.3
2023-05-19,2023,5,19,139,Pre-Monsoon,Dhaka,23.71,90.41,27.94,31.39,25.21,6.2,29.2,25.0,85.5,6.52,13.03,164.7,1006.4,14.6,5.4,61,Moderate rain,27.94,31.39,25.21,6.52,85.46,13.03,164.7,1006.4,NASA POWER MERRA-2 (primary) + ERA5-normals sim (solar/sunshine/weather-code),55,0,339,394,4983,25,0.5017,DENV-2 (dominant 70%),Moderate,DGHS/WHO/PMC anchored estimates (daily distribution),69.4,86.7,2.05,9.34,12.95,67.2,74.8,60.7
2023-05-20,2023,5,20,140,Pre-Monsoon,Dhaka,23.71,90.41,28.96,33.19,26.11,7.1,30.0,25.3,81.6,1.2,15.59,170.8,1005.6,18.1,6.1,2,Partly cloudy,28.96,33.19,26.11,1.2,81.55,15.59,170.8,1005.6,NASA POWER MERRA-2 (primary) + ERA5-normals sim (solar/sunshine/weather-code),42,0,284,326,5025,25,0.4975,DENV-2 (dominant 70%),Moderate,DGHS/WHO/PMC anchored estimates (daily distribution),68.1,83.0,0.58,3.7,12.36,63.2,72.4,66.0
2023-05-21,2023,5,21,141,Pre-Monsoon,Dhaka,23.71,90.41,28.77,32.69,25.59,7.1,29.8,25.1,81.6,5.71,15.23,163.6,1007.1,8.8,2.0,80,Rain showers,28.77,32.69,25.59,5.71,81.61,15.23,163.6,1007.1,NASA POWER MERRA-2 (primary) + ERA5-normals sim (solar/sunshine/weather-code),27,0,271,298,5052,25,0.4949,DENV-2 (dominant 70%),Moderate,DGHS/WHO/PMC anchored estimates (daily distribution),66.1,73.8,0.34,3.99,8.71,62.8,64.2,66.3
2023-05-22,2023,5,22,142,Pre-Monsoon,Dhaka,23.71,90.41,28.47,31.51,26.11,5.4,29.8,25.7,86.0,21.77,14.04,160.6,1007.3,13.4,7.2,3,Overcast,28.47,31.51,26.11,21.77,86.0,14.04,160.6,1007.3,NASA POWER MERRA-2 (primary) + ERA5-normals sim (solar/sunshine/weather-code),63,0,206,269,5115,25,0.4888,DENV-2 (dominant 70%),Moderate,DGHS/WHO/PMC anchored estimates (daily distribution),59.4,70.4,0.56,0.0,1.01,59.7,56.8,65.3
2023-05-23,2023,5,23,143,Pre-Monsoon,Dhaka,23.71,90.41,28.03,30.83,26.02,4.8,29.5,25.8,88.6,31.54,9.25,157.3,1007.0,15.9,7.7,61,Moderate rain,28.03,30.83,26.02,31.54,88.63,9.25,157.3,1007.0,NASA POWER MERRA-2 (primary) + ERA5-normals sim (solar/sunshine/weather-code),80,0,187,267,5195,25,0.4812,DENV-2 (dominant 70%),High,DGHS/WHO/PMC anchored estimates (daily distribution),63.0,72.9,9.83,0.0,0.16,72.3,55.0,58.5
2023-05-24,2023,5,24,144,Pre-Monsoon,Dhaka,23.71,90.41,27.14,30.62,24.36,6.3,28.4,24.3,86.0,52.24,10.15,164.2,1006.3,16.6,3.6,1,Mainly clear,27.14,30.62,24.36,52.24,85.97,10.15,164.2,1006.3,NASA POWER MERRA-2 (primary) + ERA5-normals sim (solar/sunshine/weather-code),65,0,212,277,5260,25,0.4753,DENV-2 (dominant 70%),Moderate,DGHS/WHO/PMC anchored estimates (daily distribution),59.1,69.4,28.42,0.0,11.41,84.1,62.5,64.9
2023-05-25,2023,5,25,145,Pre-Monsoon,Dhaka,23.71,90.41,27.3,30.83,23.55,7.3,28.6,24.6,86.3,11.91,9.86,156.3,1005.6,4.9,3.0,80,Rain showers,27.3,30.83,23.55,11.91,86.28,9.86,156.3,1005.6,NASA POWER MERRA-2 (primary) + ERA5-normals sim (solar/sunshine/weather-code),40,0,235,275,5300,25,0.4717,DENV-2 (dominant 70%),Moderate,DGHS/WHO/PMC anchored estimates (daily distribution),53.1,65.4,40.08,1.24,17.97,87.2,64.4,72.5
2023-05-26,2023,5,26,146,Pre-Monsoon,Dhaka,23.71,90.41,28.36,31.43,25.77,5.7,29.6,25.2,84.1,5.28,8.53,172.4,1006.3,16.2,8.2,51,Light drizzle,28.36,31.43,25.77,5.28,84.1,8.53,172.4,1006.3,NASA POWER MERRA-2 (primary) + ERA5-normals sim (solar/sunshine/weather-code),85,1,247,333,5385,26,0.4828,DENV-2 (dominant 70%),High,DGHS/WHO/PMC anchored estimates (daily distribution),57.4,63.4,6.52,2.05,9.34,85.5,67.2,74.8
2023-05-27,2023,5,27,147,Pre-Monsoon,Dhaka,23.71,90.41,28.02,31.39,25.44,5.9,29.2,24.7,83.6,13.58,9.65,187.0,1005.6,20.6,6.5,3,Overcast,28.02,31.39,25.44,13.58,83.62,9.65,187.0,1005.6,NASA POWER MERRA-2 (primary) + ERA5-normals sim (solar/sunshine/weather-code),132,1,269,402,5517,27,0.4894,DENV-2 (dominant 70%),High,DGHS/WHO/PMC anchored estimates (daily distribution),70.3,69.2,1.2,0.58,3.7,81.6,63.2,72.4
2023-05-28,2023,5,28,148,Pre-Monsoon,Dhaka,23.71,90.41,28.84,32.66,24.22,8.4,29.6,23.8,74.9,6.79,3.82,280.1,1006.1,22.9,5.7,2,Partly cloudy,28.84,32.66,24.22,6.79,74.89,3.82,280.1,1006.1,NASA POWER MERRA-2 (primary) + ERA5-normals sim (solar/sunshine/weather-code),113,1,321,435,5630,28,0.4973,DENV-2 (dominant 70%),High,DGHS/WHO/PMC anchored estimates (daily distribution),82.6,74.4,5.71,0.34,3.99,81.6,62.8,64.2
2023-05-29,2023,5,29,149,Pre-Monsoon,Dhaka,23.71,90.41,29.97,33.51,26.16,7.3,30.5,24.0,70.1,0.4,4.75,322.0,1006.8,8.3,2.8,95,Thunderstorm,29.97,33.51,26.16,0.4,70.08,4.75,322.0,1006.8,NASA POWER MERRA-2 (primary) + ERA5-normals sim (solar/sunshine/weather-code),259,2,368,629,5889,30,0.5094,DENV-2 (dominant 70%),Critical,DGHS/WHO/PMC anchored estimates (daily distribution),110.6,85.0,21.77,0.56,0.0,86.0,59.7,56.8
2023-05-30,2023,5,30,150,Pre-Monsoon,Dhaka,23.71,90.41,30.88,34.88,26.59,8.3,31.4,24.8,69.6,0.0,4.82,282.1,1006.0,15.9,5.1,61,Moderate rain,30.88,34.88,26.59,0.0,69.61,4.82,282.1,1006.0,NASA POWER MERRA-2 (primary) + ERA5-normals sim (solar/sunshine/weather-code),143,0,589,732,6032,30,0.4973,DENV-2 (dominant 70%),High,DGHS/WHO/PMC anchored estimates (daily distribution),119.6,91.3,31.54,9.83,0.0,88.6,72.3,55.0
2023-05-31,2023,5,31,151,Pre-Monsoon,Dhaka,23.71,90.41,31.21,34.98,27.02,8.0,31.9,26.0,73.8,0.0,6.44,222.9,1003.9,16.7,5.8,3,Overcast,31.21,34.98,27.02,0.0,73.83,6.44,222.9,1003.9,NASA POWER MERRA-2 (primary) + ERA5-normals sim (solar/sunshine/weather-code),193,1,646,840,6225,31,0.498,DENV-2 (dominant 70%),High,DGHS/WHO/PMC anchored estimates (daily distribution),137.9,98.5,52.24,28.42,0.0,86.0,84.1,62.5
2023-06-01,2023,6,1,152,Monsoon,Dhaka,23.71,90.41,30.02,33.36,27.44,5.9,31.1,26.3,81.6,0.05,11.77,192.3,1002.9,6.3,2.2,80,Rain showers,30.02,33.36,27.44,0.05,81.62,11.77,192.3,1002.9,NASA POWER MERRA-2 (primary) + ERA5-normals sim (solar/sunshine/weather-code),96,1,707,804,6321,32,0.5062,DENV-2 (dominant 70%),High,DGHS/WHO/PMC anchored estimates (daily distribution),145.9,99.5,11.91,40.08,1.24,86.3,87.2,64.4
2023-06-02,2023,6,2,153,Monsoon,Dhaka,23.71,90.41,29.8,33.11,26.94,6.2,31.0,26.5,83.3,0.06,13.64,188.2,1003.2,6.7,1.5,80,Rain showers,29.8,33.11,26.94,0.06,83.31,13.64,188.2,1003.2,NASA POWER MERRA-2 (primary) + ERA5-normals sim (solar/sunshine/weather-code),87,2,689,778,6408,34,0.5306,DENV-2 (dominant 70%),High,DGHS/WHO/PMC anchored estimates (daily distribution),146.1,101.8,5.28,6.52,2.05,84.1,85.5,67.2
2023-06-03,2023,6,3,154,Monsoon,Dhaka,23.71,90.41,29.72,33.25,26.78,6.5,30.9,26.4,83.6,0.64,10.91,172.3,1004.3,13.1,4.9,61,Moderate rain,29.72,33.25,26.78,0.64,83.59,10.91,172.3,1004.3,NASA POWER MERRA-2 (primary) + ERA5-normals sim (solar/sunshine/weather-code),161,0,519,680,6569,34,0.5176,DENV-2 (dominant 70%),High,DGHS/WHO/PMC anchored estimates (daily distribution),150.3,110.3,13.58,1.2,0.58,83.6,81.6,63.2
2023-06-04,2023,6,4,155,Monsoon,Dhaka,23.71,90.41,29.87,33.15,26.79,6.4,31.0,26.3,81.9,0.57,9.07,179.8,1004.1,3.6,1.6,80,Rain showers,29.87,33.15,26.79,0.57,81.87,9.07,179.8,1004.1,NASA POWER MERRA-2 (primary) + ERA5-normals sim (solar/sunshine/weather-code),379,3,534,916,6948,37,0.5325,DENV-2 (dominant 70%),Critical,DGHS/WHO/PMC anchored estimates (daily distribution),188.3,135.4,6.79,5.71,0.34,74.9,81.6,62.8
2023-06-05,2023,6,5,156,Monsoon,Dhaka,23.71,90.41,30.13,33.38,26.14,7.2,31.0,25.7,77.9,0.21,5.58,200.8,1002.5,8.1,2.1,80,Rain showers,30.13,33.38,26.14,0.21,77.89,5.58,200.8,1002.5,NASA POWER MERRA-2 (primary) + ERA5-normals sim (solar/sunshine/weather-code),263,2,721,986,7211,39,0.5408,DENV-2 (dominant 70%),Critical,DGHS/WHO/PMC anchored estimates (daily distribution),188.9,149.7,0.4,21.77,0.56,70.1,86.0,59.7
2023-06-06,2023,6,6,157,Monsoon,Dhaka,23.71,90.41,30.07,33.88,26.71,7.2,31.0,25.8,78.9,0.02,8.06,189.5,1001.7,9.9,5.4,3,Overcast,30.07,33.88,26.71,0.02,78.88,8.06,189.5,1001.7,NASA POWER MERRA-2 (primary) + ERA5-normals sim (solar/sunshine/weather-code),121,1,889,1011,7332,40,0.5456,DENV-2 (dominant 70%),High,DGHS/WHO/PMC anchored estimates (daily distribution),185.7,152.6,0.0,31.54,9.83,69.6,88.6,72.3
2023-06-07,2023,6,7,158,Monsoon,Dhaka,23.71,90.41,30.39,34.83,26.07,8.8,31.3,25.9,77.7,1.19,9.58,175.9,1001.2,9.4,7.7,61,Moderate rain,30.39,34.83,26.07,1.19,77.73,9.58,175.9,1001.2,NASA POWER MERRA-2 (primary) + ERA5-normals sim (solar/sunshine/weather-code),281,0,924,1205,7613,40,0.5254,DENV-2 (dominant 70%),Critical,DGHS/WHO/PMC anchored estimates (daily distribution),198.3,168.1,0.0,52.24,28.42,73.8,86.0,84.1
2023-06-08,2023,6,8,159,Monsoon,Dhaka,23.71,90.41,30.43,34.4,27.04,7.4,31.4,26.2,78.8,11.57,6.77,172.1,1000.6,12.6,3.5,2,Partly cloudy,30.43,34.4,27.04,11.57,78.79,6.77,172.1,1000.6,NASA POWER MERRA-2 (primary) + ERA5-normals sim (solar/sunshine/weather-code),217,1,1043,1261,7830,41,0.5236,DENV-2 (dominant 70%),Critical,DGHS/WHO/PMC anchored estimates (daily distribution),215.6,180.7,0.05,11.91,40.08,81.6,86.3,87.2
2023-06-09,2023,6,9,160,Monsoon,Dhaka,23.71,90.41,28.69,31.05,26.6,4.4,29.9,25.6,84.5,37.31,7.6,218.8,999.8,4.0,1.5,95,Thunderstorm,28.69,31.05,26.6,37.31,84.53,7.6,218.8,999.8,NASA POWER MERRA-2 (primary) + ERA5-normals sim (solar/sunshine/weather-code),234,1,881,1116,8064,42,0.5208,DENV-2 (dominant 70%),Critical,DGHS/WHO/PMC anchored estimates (daily distribution),236.6,191.4,0.06,5.28,6.52,83.3,84.1,85.5
2023-06-10,2023,6,10,161,Monsoon,Dhaka,23.71,90.41,29.46,33.48,25.73,7.7,30.5,25.6,80.8,14.86,7.2,182.0,998.9,14.4,4.8,80,Rain showers,29.46,33.48,25.73,14.86,80.78,7.2,182.0,998.9,NASA POWER MERRA-2 (primary) + ERA5-normals sim (solar/sunshine/weather-code),145,0,853,998,8209,42,0.5116,DENV-2 (dominant 70%),High,DGHS/WHO/PMC anchored estimates (daily distribution),234.3,192.3,0.64,13.58,1.2,83.6,83.6,81.6
2023-06-11,2023,6,11,162,Monsoon,Dhaka,23.71,90.41,29.31,33.1,26.43,6.7,30.6,26.4,85.6,14.65,14.29,167.6,998.5,18.2,6.3,61,Moderate rain,29.31,33.1,26.43,14.65,85.57,14.29,167.6,998.5,NASA POWER MERRA-2 (primary) + ERA5-normals sim (solar/sunshine/weather-code),155,0,877,1032,8364,42,0.5022,DENV-2 (dominant 70%),High,DGHS/WHO/PMC anchored estimates (daily distribution),202.3,195.3,0.57,6.79,5.71,81.9,74.9,81.6
2023-06-12,2023,6,12,163,Monsoon,Dhaka,23.71,90.41,28.62,30.84,26.94,3.9,30.2,26.7,90.6,16.77,12.56,155.4,999.1,9.9,4.6,51,Light drizzle,28.62,30.84,26.94,16.77,90.63,12.56,155.4,999.1,NASA POWER MERRA-2 (primary) + ERA5-normals sim (solar/sunshine/weather-code),93,0,751,844,8457,42,0.4966,DENV-2 (dominant 70%),High,DGHS/WHO/PMC anchored estimates (daily distribution),178.0,183.4,0.21,0.4,21.77,77.9,70.1,86.0
2023-06-13,2023,6,13,164,Monsoon,Dhaka,23.71,90.41,29.38,32.87,26.67,6.2,30.8,26.9,87.8,16.95,14.72,162.5,998.7,6.2,2.2,80,Rain showers,29.38,32.87,26.67,16.95,87.77,14.72,162.5,998.7,NASA POWER MERRA-2 (primary) + ERA5-normals sim (solar/sunshine/weather-code),480,5,622,1107,8937,47,0.5259,DENV-2 (dominant 70%),Critical,DGHS/WHO/PMC anchored estimates (daily distribution),229.3,207.5,0.02,0.0,31.54,78.9,69.6,88.6
2023-06-14,2023,6,14,165,Monsoon,Dhaka,23.71,90.41,29.11,31.73,27.66,4.1,30.6,27.1,90.0,12.41,21.74,172.6,999.1,7.6,5.5,2,Partly cloudy,29.11,31.73,27.66,12.41,90.0,21.74,172.6,999.1,NASA POWER MERRA-2 (primary) + ERA5-normals sim (solar/sunshine/weather-code),460,3,870,1333,9397,50,0.5321,DENV-2 (dominant 70%),Critical,DGHS/WHO/PMC anchored estimates (daily distribution),254.9,226.6,1.19,0.0,52.24,77.7,73.8,86.0
2023-06-15,2023,6,15,166,Monsoon,Dhaka,23.71,90.41,28.99,31.46,27.56,3.9,30.5,27.1,90.7,10.13,26.86,168.8,999.1,13.6,3.0,61,Moderate rain,28.99,31.46,27.56,10.13,90.74,26.86,168.8,999.1,NASA POWER MERRA-2 (primary) + ERA5-normals sim (solar/sunshine/weather-code),304,1,1187,1492,9701,51,0.5257,DENV-2 (dominant 70%),Critical,DGHS/WHO/PMC anchored estimates (daily distribution),267.3,241.4,11.57,0.05,11.91,78.8,81.6,86.3
2023-06-16,2023,6,16,167,Monsoon,Dhaka,23.71,90.41,29.09,31.95,27.32,4.6,30.6,27.0,89.3,18.38,23.72,166.6,1000.2,6.0,2.2,61,Moderate rain,29.09,31.95,27.32,18.38,89.31,23.72,166.6,1000.2,NASA POWER MERRA-2 (primary) + ERA5-normals sim (solar/sunshine/weather-code),349,2,1335,1686,10050,53,0.5274,DENV-2 (dominant 70%),Critical,DGHS/WHO/PMC anchored estimates (daily distribution),283.7,260.1,37.31,0.06,5.28,84.5,83.3,84.1
2023-06-17,2023,6,17,168,Monsoon,Dhaka,23.71,90.41,28.92,31.45,27.2,4.2,30.5,27.2,91.4,16.69,22.18,165.9,1001.7,13.9,5.6,3,Overcast,28.92,31.45,27.2,16.69,91.42,22.18,165.9,1001.7,NASA POWER MERRA-2 (primary) + ERA5-normals sim (solar/sunshine/weather-code),198,1,1592,1791,10248,54,0.5269,DENV-2 (dominant 70%),High,DGHS/WHO/PMC anchored estimates (daily distribution),291.3,262.8,14.86,0.64,13.58,80.8,83.6,83.6
2023-06-18,2023,6,18,169,Monsoon,Dhaka,23.71,90.41,28.65,30.8,27.06,3.7,30.2,27.0,91.9,27.08,17.32,159.0,1002.7,5.3,1.4,80,Rain showers,28.65,30.8,27.06,27.08,91.87,17.32,159.0,1002.7,NASA POWER MERRA-2 (primary) + ERA5-normals sim (solar/sunshine/weather-code),287,2,1309,1598,10535,56,0.5316,DENV-2 (dominant 70%),Critical,DGHS/WHO/PMC anchored estimates (daily distribution),310.1,256.2,14.65,0.57,6.79,85.6,81.9,74.9
2023-06-19,2023,6,19,170,Monsoon,Dhaka,23.71,90.41,28.32,30.06,26.97,3.1,29.9,26.7,92.0,16.18,14.98,165.8,1002.4,15.2,6.9,3,Overcast,28.32,30.06,26.97,16.18,92.0,14.98,165.8,1002.4,NASA POWER MERRA-2 (primary) + ERA5-normals sim (solar/sunshine/weather-code),216,0,1138,1354,10751,56,0.5209,DENV-2 (dominant 70%),Critical,DGHS/WHO/PMC anchored estimates (daily distribution),327.7,252.9,16.77,0.21,0.4,90.6,77.9,70.1
2023-06-20,2023,6,20,171,Monsoon,Dhaka,23.71,90.41,28.76,31.62,26.66,5.0,30.2,26.5,88.8,8.42,14.54,166.5,1002.2,15.3,3.0,80,Rain showers,28.76,31.62,26.66,8.42,88.79,14.54,166.5,1002.2,NASA POWER MERRA-2 (primary) + ERA5-normals sim (solar/sunshine/weather-code),162,1,1049,1212,10913,57,0.5223,DENV-2 (dominant 70%),High,DGHS/WHO/PMC anchored estimates (daily distribution),282.3,255.8,16.95,0.02,0.0,87.8,78.9,69.6
2023-06-21,2023,6,21,172,Monsoon,Dhaka,23.71,90.41,28.65,30.96,26.97,4.0,30.3,27.1,92.2,12.91,14.33,171.3,1002.9,4.7,1.4,80,Rain showers,28.65,30.96,26.97,12.91,92.24,14.33,171.3,1002.9,NASA POWER MERRA-2 (primary) + ERA5-normals sim (solar/sunshine/weather-code),104,0,863,967,11017,57,0.5174,DENV-2 (dominant 70%),High,DGHS/WHO/PMC anchored estimates (daily distribution),231.4,243.1,12.41,1.19,0.0,90.0,77.7,73.8
2023-06-22,2023,6,22,173,Monsoon,Dhaka,23.71,90.41,28.36,30.91,26.5,4.4,29.8,26.2,89.2,7.56,13.46,164.7,1003.4,13.9,5.6,61,Moderate rain,28.36,30.91,26.5,7.56,89.19,13.46,164.7,1003.4,NASA POWER MERRA-2 (primary) + ERA5-normals sim (solar/sunshine/weather-code),205,1,768,974,11222,58,0.5168,DENV-2 (dominant 70%),Critical,DGHS/WHO/PMC anchored estimates (daily distribution),217.3,242.3,10.13,11.57,0.05,90.7,78.8,81.6
2023-06-23,2023,6,23,174,Monsoon,Dhaka,23.71,90.41,28.59,31.98,25.55,6.4,29.9,25.9,86.7,3.84,15.12,143.6,1002.4,10.6,2.0,95,Thunderstorm,28.59,31.98,25.55,3.84,86.74,15.12,143.6,1002.4,NASA POWER MERRA-2 (primary) + ERA5-normals sim (solar/sunshine/weather-code),197,1,686,884,11419,59,0.5167,DENV-2 (dominant 70%),High,DGHS/WHO/PMC anchored estimates (daily distribution),195.6,239.6,18.38,37.31,0.06,89.3,84.5,83.3
2023-06-24,2023,6,24,175,Monsoon,Dhaka,23.71,90.41,28.69,32.95,26.26,6.7,30.1,26.3,87.9,11.81,18.72,134.7,1001.0,5.2,2.6,80,Rain showers,28.69,32.95,26.26,11.81,87.91,18.72,134.7,1001.0,NASA POWER MERRA-2 (primary) + ERA5-normals sim (solar/sunshine/weather-code),413,1,667,1081,11832,60,0.5071,DENV-2 (dominant 70%),Critical,DGHS/WHO/PMC anchored estimates (daily distribution),226.3,258.8,16.69,14.86,0.64,91.4,80.8,83.6
2023-06-25,2023,6,25,176,Monsoon,Dhaka,23.71,90.41,28.34,31.89,25.4,6.5,29.7,25.7,86.8,5.2,18.76,134.8,1001.8,12.4,4.7,80,Rain showers,28.34,31.89,25.4,5.2,86.83,18.76,134.8,1001.8,NASA POWER MERRA-2 (primary) + ERA5-normals sim (solar/sunshine/weather-code),169,0,919,1088,12001,60,0.5,DENV-2 (dominant 70%),High,DGHS/WHO/PMC anchored estimates (daily distribution),209.4,259.8,27.08,14.65,0.57,91.9,85.6,81.9
2023-06-26,2023,6,26,177,Monsoon,Dhaka,23.71,90.41,28.17,31.23,25.93,5.3,29.5,25.6,87.4,10.47,21.46,142.0,1002.1,12.0,4.4,80,Rain showers,28.17,31.23,25.93,10.47,87.37,21.46,142.0,1002.1,NASA POWER MERRA-2 (primary) + ERA5-normals sim (solar/sunshine/weather-code),243,2,982,1227,12244,62,0.5064,DENV-2 (dominant 70%),Critical,DGHS/WHO/PMC anchored estimates (daily distribution),213.3,270.5,16.18,16.77,0.21,92.0,90.6,77.9
2023-06-27,2023,6,27,178,Monsoon,Dhaka,23.71,90.41,28.0,30.23,26.58,3.7,29.6,26.2,91.1,31.59,21.35,159.4,1002.5,15.9,5.2,61,Moderate rain,28.0,30.23,26.58,31.59,91.06,21.35,159.4,1002.5,NASA POWER MERRA-2 (primary) + ERA5-normals sim (solar/sunshine/weather-code),385,4,1018,1407,12629,66,0.5226,DENV-2 (dominant 70%),Critical,DGHS/WHO/PMC anchored estimates (daily distribution),245.1,263.7,8.42,16.95,0.02,88.8,87.8,78.9
2023-06-28,2023,6,28,179,Monsoon,Dhaka,23.71,90.41,28.31,31.01,26.3,4.7,29.8,26.3,90.0,39.29,17.6,173.5,1004.6,9.3,1.9,80,Rain showers,28.31,31.01,26.3,39.29,89.96,17.6,173.5,1004.6,NASA POWER MERRA-2 (primary) + ERA5-normals sim (solar/sunshine/weather-code),288,1,1209,1498,12917,67,0.5187,DENV-2 (dominant 70%),Critical,DGHS/WHO/PMC anchored estimates (daily distribution),271.4,251.4,12.91,12.41,1.19,92.2,90.0,77.7
2023-06-29,2023,6,29,180,Monsoon,Dhaka,23.71,90.41,28.45,30.86,26.72,4.1,30.0,26.6,90.8,40.48,14.36,187.3,1004.5,8.4,2.0,95,Thunderstorm,28.45,30.86,26.72,40.48,90.84,14.36,187.3,1004.5,NASA POWER MERRA-2 (primary) + ERA5-normals sim (solar/sunshine/weather-code),195,0,1085,1280,13112,67,0.511,DENV-2 (dominant 70%),High,DGHS/WHO/PMC anchored estimates (daily distribution),270.0,243.6,7.56,10.13,11.57,89.2,90.7,78.8
2023-06-30,2023,6,30,181,Monsoon,Dhaka,23.71,90.41,28.43,30.97,26.54,4.4,30.0,26.6,91.1,34.48,13.5,192.2,1003.5,17.1,2.1,3,Overcast,28.43,30.97,26.54,34.48,91.13,13.5,192.2,1003.5,NASA POWER MERRA-2 (primary) + ERA5-normals sim (solar/sunshine/weather-code),209,0,1111,1320,13321,67,0.503,DENV-2 (dominant 70%),Critical,DGHS/WHO/PMC anchored estimates (daily distribution),271.7,233.6,3.84,18.38,37.31,86.7,89.3,84.5
2023-07-01,2023,7,1,182,Monsoon,Dhaka,23.71,90.41,29.3,32.39,26.64,5.8,30.7,27.0,88.4,32.81,11.81,181.5,1003.2,10.4,5.3,2,Partly cloudy,29.3,32.39,26.64,32.81,88.44,11.81,181.5,1003.2,NASA POWER MERRA-2 (primary) + ERA5-normals sim (solar/sunshine/weather-code),1378,9,1068,2455,14699,76,0.517,DENV-2 (dominant 70%),Critical,DGHS/WHO/PMC anchored estimates (daily distribution),409.6,317.9,11.81,16.69,14.86,87.9,91.4,80.8
2023-07-02,2023,7,2,183,Monsoon,Dhaka,23.71,90.41,28.52,30.78,27.05,3.7,30.1,26.8,91.6,23.69,12.6,176.6,1002.8,7.7,1.4,80,Rain showers,28.52,30.78,27.05,23.69,91.56,12.6,176.6,1002.8,NASA POWER MERRA-2 (primary) + ERA5-normals sim (solar/sunshine/weather-code),1171,8,2062,3241,15870,84,0.5293,DENV-2 (dominant 70%),Critical,DGHS/WHO/PMC anchored estimates (daily distribution),552.7,381.1,5.2,27.08,14.65,86.8,91.9,85.6
2023-07-03,2023,7,3,184,Monsoon,Dhaka,23.71,90.41,29.31,32.25,27.08,5.2,30.8,27.2,89.6,7.03,11.48,177.1,1002.6,8.8,4.4,61,Moderate rain,29.31,32.25,27.08,7.03,89.56,11.48,177.1,1002.6,NASA POWER MERRA-2 (primary) + ERA5-normals sim (solar/sunshine/weather-code),817,6,2947,3770,16687,90,0.5393,DENV-2 (dominant 70%),Critical,DGHS/WHO/PMC anchored estimates (daily distribution),634.7,424.0,10.47,16.18,16.77,87.4,92.0,90.6
2023-07-04,2023,7,4,185,Monsoon,Dhaka,23.71,90.41,29.53,32.75,26.88,5.9,30.8,26.8,86.4,1.53,9.97,169.5,1001.9,14.3,4.0,61,Moderate rain,29.53,32.75,26.88,1.53,86.4,9.97,169.5,1001.9,NASA POWER MERRA-2 (primary) + ERA5-normals sim (solar/sunshine/weather-code),1142,9,3566,4717,17829,99,0.5553,DENV-2 (dominant 70%),Critical,DGHS/WHO/PMC anchored estimates (daily distribution),742.9,494.0,31.59,8.42,16.95,91.1,88.8,87.8
2023-07-05,2023,7,5,186,Monsoon,Dhaka,23.71,90.41,29.14,32.42,26.64,5.8,30.6,26.8,88.3,17.77,12.82,144.1,1001.0,13.5,3.8,80,Rain showers,29.14,32.42,26.64,17.77,88.3,12.82,144.1,1001.0,NASA POWER MERRA-2 (primary) + ERA5-normals sim (solar/sunshine/weather-code),748,1,4507,5256,18577,100,0.5383,DENV-2 (dominant 70%),Critical,DGHS/WHO/PMC anchored estimates (daily distribution),808.6,540.0,39.29,12.91,12.41,90.0,92.2,90.0
2023-07-06,2023,7,6,187,Monsoon,Dhaka,23.71,90.41,28.82,31.61,26.85,4.8,30.3,26.7,89.6,10.32,19.94,160.2,1002.4,10.7,4.6,3,Overcast,28.82,31.61,26.85,10.32,89.59,19.94,160.2,1002.4,NASA POWER MERRA-2 (primary) + ERA5-normals sim (solar/sunshine/weather-code),893,4,3874,4771,19470,104,0.5342,DENV-2 (dominant 70%),Critical,DGHS/WHO/PMC anchored estimates (daily distribution),908.3,589.1,40.48,7.56,10.13,90.8,89.2,90.7
2023-07-07,2023,7,7,188,Monsoon,Dhaka,23.71,90.41,28.44,30.68,27.12,3.6,30.0,26.9,92.1,21.48,17.93,158.4,1004.3,11.2,4.0,3,Overcast,28.44,30.68,27.12,21.48,92.07,17.93,158.4,1004.3,NASA POWER MERRA-2 (primary) + ERA5-normals sim (solar/sunshine/weather-code),831,5,3595,4431,20301,109,0.5369,DENV-2 (dominant 70%),Critical,DGHS/WHO/PMC anchored estimates (daily distribution),997.1,634.4,34.48,3.84,18.38,91.1,86.7,89.3
2023-07-08,2023,7,8,189,Monsoon,Dhaka,23.71,90.41,28.52,30.61,26.85,3.8,30.0,26.5,89.9,6.42,15.23,153.2,1004.8,13.7,3.3,61,Moderate rain,28.52,30.61,26.85,6.42,89.91,15.23,153.2,1004.8,NASA POWER MERRA-2 (primary) + ERA5-normals sim (solar/sunshine/weather-code),534,3,3611,4148,20835,112,0.5376,DENV-2 (dominant 70%),Critical,DGHS/WHO/PMC anchored estimates (daily distribution),876.6,643.1,32.81,11.81,16.69,88.4,87.9,91.4
2023-07-09,2023,7,9,190,Monsoon,Dhaka,23.71,90.41,29.07,32.15,26.35,5.8,30.4,26.6,87.6,5.37,10.58,167.9,1003.6,14.0,5.4,3,Overcast,29.07,32.15,26.35,5.37,87.6,10.58,167.9,1003.6,NASA POWER MERRA-2 (primary) + ERA5-normals sim (solar/sunshine/weather-code),274,0,3006,3280,21109,112,0.5306,DENV-2 (dominant 70%),Critical,DGHS/WHO/PMC anchored estimates (daily distribution),748.4,650.6,23.69,5.2,27.08,91.6,86.8,91.9
2023-07-10,2023,7,10,191,Monsoon,Dhaka,23.71,90.41,29.28,32.37,27.07,5.3,30.7,27.0,88.5,6.86,13.86,179.3,1003.3,6.7,0.9,95,Thunderstorm,29.28,32.37,27.07,6.86,88.51,13.86,179.3,1003.3,NASA POWER MERRA-2 (primary) + ERA5-normals sim (solar/sunshine/weather-code),902,6,2526,3434,22011,118,0.5361,DENV-2 (dominant 70%),Critical,DGHS/WHO/PMC anchored estimates (daily distribution),760.6,697.6,7.03,10.47,16.18,89.6,87.4,92.0
2023-07-11,2023,7,11,192,Monsoon,Dhaka,23.71,90.41,28.96,32.21,26.42,5.8,30.4,26.6,88.4,3.85,16.92,186.1,1003.6,12.3,3.7,61,Moderate rain,28.96,32.21,26.42,3.85,88.36,16.92,186.1,1003.6,NASA POWER MERRA-2 (primary) + ERA5-normals sim (solar/sunshine/weather-code),1304,5,2536,3845,23315,123,0.5276,DENV-2 (dominant 70%),Critical,DGHS/WHO/PMC anchored estimates (daily distribution),783.7,763.3,1.53,31.59,8.42,86.4,91.1,88.8
2023-07-12,2023,7,12,193,Monsoon,Dhaka,23.71,90.41,28.12,30.63,26.03,4.6,29.6,26.1,89.8,3.9,15.19,174.9,1004.1,9.1,3.4,80,Rain showers,28.12,30.63,26.03,3.9,89.84,15.19,174.9,1004.1,NASA POWER MERRA-2 (primary) + ERA5-normals sim (solar/sunshine/weather-code),944,4,3010,3958,24259,127,0.5235,DENV-2 (dominant 70%),Critical,DGHS/WHO/PMC anchored estimates (daily distribution),811.7,810.1,17.77,39.29,12.91,88.3,90.0,92.2
2023-07-13,2023,7,13,194,Monsoon,Dhaka,23.71,90.41,28.27,30.19,26.75,3.4,29.9,26.8,92.6,5.33,14.0,161.0,1003.8,7.3,1.2,80,Rain showers,28.27,30.19,26.75,5.33,92.62,14.0,161.0,1003.8,NASA POWER MERRA-2 (primary) + ERA5-normals sim (solar/sunshine/weather-code),668,3,3421,4092,24927,130,0.5215,DENV-2 (dominant 70%),Critical,DGHS/WHO/PMC anchored estimates (daily distribution),779.6,843.9,10.32,40.48,7.56,89.6,90.8,89.2
2023-07-14,2023,7,14,195,Monsoon,Dhaka,23.71,90.41,28.17,30.3,26.59,3.7,29.8,26.6,92.3,15.68,11.92,201.2,1002.5,14.4,4.5,3,Overcast,28.17,30.3,26.59,15.68,92.33,11.92,201.2,1002.5,NASA POWER MERRA-2 (primary) + ERA5-normals sim (solar/sunshine/weather-code),344,4,3814,4162,25271,134,0.5303,DENV-2 (dominant 70%),Critical,DGHS/WHO/PMC anchored estimates (daily distribution),710.0,853.6,21.48,34.48,3.84,92.1,91.1,86.7
2023-07-15,2023,7,15,196,Monsoon,Dhaka,23.71,90.41,28.69,31.87,26.64,5.2,30.1,26.2,87.5,5.69,19.73,150.3,1001.5,13.2,4.9,61,Moderate rain,28.69,31.87,26.64,5.69,87.53,19.73,150.3,1001.5,NASA POWER MERRA-2 (primary) + ERA5-normals sim (solar/sunshine/weather-code),896,1,3259,4156,26167,135,0.5159,DENV-2 (dominant 70%),Critical,DGHS/WHO/PMC anchored estimates (daily distribution),761.7,819.1,6.42,32.81,11.81,89.9,88.4,87.9
2023-07-16,2023,7,16,197,Monsoon,Dhaka,23.71,90.41,28.32,31.5,25.84,5.7,29.8,26.4,90.6,5.72,19.76,144.6,1000.8,7.9,5.2,80,Rain showers,28.32,31.5,25.84,5.72,90.62,19.76,144.6,1000.8,NASA POWER MERRA-2 (primary) + ERA5-normals sim (solar/sunshine/weather-code),629,1,2851,3481,26796,136,0.5075,DENV-2 (dominant 70%),Critical,DGHS/WHO/PMC anchored estimates (daily distribution),812.4,780.4,5.37,23.69,5.2,87.6,91.6,86.8
2023-07-17,2023,7,17,198,Monsoon,Dhaka,23.71,90.41,28.13,30.28,26.27,4.0,29.7,26.4,91.4,5.71,13.39,122.6,1000.5,6.2,2.2,80,Rain showers,28.13,30.28,26.27,5.71,91.43,13.39,122.6,1000.5,NASA POWER MERRA-2 (primary) + ERA5-normals sim (solar/sunshine/weather-code),527,3,2534,3064,27323,139,0.5087,DENV-2 (dominant 70%),Critical,DGHS/WHO/PMC anchored estimates (daily distribution),758.9,759.7,6.86,7.03,10.47,88.5,89.6,87.4
2023-07-18,2023,7,18,199,Monsoon,Dhaka,23.71,90.41,28.78,31.84,26.33,5.5,30.2,26.4,88.2,2.71,14.62,133.4,1000.5,4.4,4.3,61,Moderate rain,28.78,31.84,26.33,2.71,88.25,14.62,133.4,1000.5,NASA POWER MERRA-2 (primary) + ERA5-normals sim (solar/sunshine/weather-code),818,5,2391,3214,28141,144,0.5117,DENV-2 (dominant 70%),Critical,DGHS/WHO/PMC anchored estimates (daily distribution),689.4,736.6,3.85,1.53,31.59,88.4,86.4,91.1
2023-07-19,2023,7,19,200,Monsoon,Dhaka,23.71,90.41,29.04,32.4,26.61,5.8,30.5,26.7,88.4,4.32,15.44,142.5,999.7,9.5,3.3,2,Partly cloudy,29.04,32.4,26.61,4.32,88.35,15.44,142.5,999.7,NASA POWER MERRA-2 (primary) + ERA5-normals sim (solar/sunshine/weather-code),387,2,2868,3257,28528,146,0.5118,DENV-2 (dominant 70%),Critical,DGHS/WHO/PMC anchored estimates (daily distribution),609.9,710.8,3.9,17.77,39.29,89.8,88.3,90.0
2023-07-20,2023,7,20,201,Monsoon,Dhaka,23.71,90.41,28.93,31.45,26.74,4.7,30.4,26.8,89.2,0.94,13.57,141.0,999.8,12.2,3.8,61,Moderate rain,28.93,31.45,26.74,0.94,89.22,13.57,141.0,999.8,NASA POWER MERRA-2 (primary) + ERA5-normals sim (solar/sunshine/weather-code),253,1,2360,2614,28781,147,0.5108,DENV-2 (dominant 70%),Critical,DGHS/WHO/PMC anchored estimates (daily distribution),550.6,665.1,5.33,10.32,40.48,92.6,89.6,90.8
2023-07-21,2023,7,21,202,Monsoon,Dhaka,23.71,90.41,29.01,32.12,26.82,5.3,30.3,26.3,86.5,0.93,9.58,127.3,1002.5,12.0,4.5,61,Moderate rain,29.01,32.12,26.82,0.93,86.49,9.58,127.3,1002.5,NASA POWER MERRA-2 (primary) + ERA5-normals sim (solar/sunshine/weather-code),248,0,1985,2233,29029,147,0.5064,DENV-2 (dominant 70%),Critical,DGHS/WHO/PMC anchored estimates (daily distribution),536.9,623.4,15.68,21.48,34.48,92.3,92.1,91.1
2023-07-22,2023,7,22,203,Monsoon,Dhaka,23.71,90.41,29.11,32.11,26.97,5.1,30.5,26.7,88.0,2.79,12.38,136.8,1005.3,6.4,2.0,80,Rain showers,29.11,32.11,26.97,2.79,87.99,12.38,136.8,1005.3,NASA POWER MERRA-2 (primary) + ERA5-normals sim (solar/sunshine/weather-code),561,5,1701,2267,29590,152,0.5137,DENV-2 (dominant 70%),Critical,DGHS/WHO/PMC anchored estimates (daily distribution),489.0,625.4,5.69,6.42,32.81,87.5,89.9,88.4
2023-07-23,2023,7,23,204,Monsoon,Dhaka,23.71,90.41,28.9,31.8,26.28,5.5,30.4,26.8,89.6,1.55,10.22,124.3,1005.0,17.4,5.1,80,Rain showers,28.9,31.8,26.28,1.55,89.57,10.22,124.3,1005.0,NASA POWER MERRA-2 (primary) + ERA5-normals sim (solar/sunshine/weather-code),488,3,1446,1937,30078,155,0.5153,DENV-2 (dominant 70%),Critical,DGHS/WHO/PMC anchored estimates (daily distribution),468.9,640.6,5.72,5.37,23.69,90.6,87.6,91.6
2023-07-24,2023,7,24,205,Monsoon,Dhaka,23.71,90.41,29.56,33.27,26.38,6.9,30.8,26.5,84.6,0.4,8.53,167.2,1003.2,5.9,1.4,80,Rain showers,29.56,33.27,26.38,0.4,84.57,8.53,167.2,1003.2,NASA POWER MERRA-2 (primary) + ERA5-normals sim (solar/sunshine/weather-code),738,4,1546,2288,30816,159,0.516,DENV-2 (dominant 70%),Critical,DGHS/WHO/PMC anchored estimates (daily distribution),499.0,628.9,5.71,6.86,7.03,91.4,88.5,89.6
2023-07-25,2023,7,25,206,Monsoon,Dhaka,23.71,90.41,29.34,32.85,26.74,6.1,30.6,26.5,85.8,1.23,10.58,137.1,1003.5,14.1,4.3,3,Overcast,29.34,32.85,26.74,1.23,85.75,10.58,137.1,1003.5,NASA POWER MERRA-2 (primary) + ERA5-normals sim (solar/sunshine/weather-code),1014,5,2030,3049,31830,164,0.5152,DENV-2 (dominant 70%),Critical,DGHS/WHO/PMC anchored estimates (daily distribution),527.0,608.2,2.71,3.85,1.53,88.2,88.4,86.4
2023-07-26,2023,7,26,207,Monsoon,Dhaka,23.71,90.41,28.69,31.0,26.58,4.4,30.2,26.6,89.4,7.57,13.93,147.6,1004.0,8.8,5.8,61,Moderate rain,28.69,31.0,26.58,7.57,89.36,13.93,147.6,1004.0,NASA POWER MERRA-2 (primary) + ERA5-normals sim (solar/sunshine/weather-code),929,5,2796,3730,32759,169,0.5159,DENV-2 (dominant 70%),Critical,DGHS/WHO/PMC anchored estimates (daily distribution),604.4,607.1,4.32,3.9,17.77,88.4,89.8,88.3
2023-07-27,2023,7,27,208,Monsoon,Dhaka,23.71,90.41,29.22,32.91,26.46,6.4,30.6,26.8,87.7,6.29,15.59,161.3,1003.0,12.2,7.3,61,Moderate rain,29.22,32.91,26.46,6.29,87.69,15.59,161.3,1003.0,NASA POWER MERRA-2 (primary) + ERA5-normals sim (solar/sunshine/weather-code),1557,9,3160,4726,34316,178,0.5187,DENV-2 (dominant 70%),Critical,DGHS/WHO/PMC anchored estimates (daily distribution),790.7,670.6,0.94,5.33,10.32,89.2,92.6,89.6
2023-07-28,2023,7,28,209,Monsoon,Dhaka,23.71,90.41,29.15,32.69,26.77,5.9,30.5,26.7,87.8,8.33,15.8,165.1,1000.3,7.8,5.0,61,Moderate rain,29.15,32.69,26.77,8.33,87.76,15.8,165.1,1000.3,NASA POWER MERRA-2 (primary) + ERA5-normals sim (solar/sunshine/weather-code),1340,7,4231,5578,35656,185,0.5188,DENV-2 (dominant 70%),Critical,DGHS/WHO/PMC anchored estimates (daily distribution),946.7,741.8,0.93,15.68,21.48,86.5,92.3,92.1
2023-07-29,2023,7,29,210,Monsoon,Dhaka,23.71,90.41,29.26,32.69,26.68,6.0,30.6,26.8,87.6,9.13,13.9,148.4,999.1,14.5,3.9,3,Overcast,29.26,32.69,26.68,9.13,87.6,13.9,148.4,999.1,NASA POWER MERRA-2 (primary) + ERA5-normals sim (solar/sunshine/weather-code),801,6,4834,5641,36457,191,0.5239,DENV-2 (dominant 70%),Critical,DGHS/WHO/PMC anchored estimates (daily distribution),981.0,735.0,2.79,5.69,6.42,88.0,87.5,89.9
2023-07-30,2023,7,30,211,Monsoon,Dhaka,23.71,90.41,29.95,33.16,26.46,6.7,31.2,26.9,84.9,0.69,8.57,130.8,997.2,7.3,1.6,95,Thunderstorm,29.95,33.16,26.46,0.69,84.9,8.57,130.8,997.2,NASA POWER MERRA-2 (primary) + ERA5-normals sim (solar/sunshine/weather-code),419,1,4626,5046,36876,192,0.5207,DENV-2 (dominant 70%),Critical,DGHS/WHO/PMC anchored estimates (daily distribution),971.1,720.0,1.55,5.72,5.37,89.6,90.6,87.6
2023-07-31,2023,7,31,212,Monsoon,Dhaka,23.71,90.41,31.04,34.29,27.59,6.7,32.0,27.0,80.0,7.36,4.72,11.9,995.9,10.8,4.9,3,Overcast,31.04,34.29,27.59,7.36,79.96,4.72,11.9,995.9,NASA POWER MERRA-2 (primary) + ERA5-normals sim (solar/sunshine/weather-code),470,2,4115,4587,37346,194,0.5195,DENV-2 (dominant 70%),Critical,DGHS/WHO/PMC anchored estimates (daily distribution),932.9,715.9,0.4,5.71,6.86,84.6,91.4,88.5
2023-08-01,2023,8,1,213,Monsoon,Dhaka,23.71,90.41,29.92,33.7,27.34,6.4,31.2,27.1,85.7,36.04,18.72,113.9,994.3,6.2,2.6,80,Rain showers,29.92,33.7,27.34,36.04,85.67,18.72,113.9,994.3,NASA POWER MERRA-2 (primary) + ERA5-normals sim (solar/sunshine/weather-code),810,4,3026,3840,38156,198,0.5189,DENV-2 (dominant 70%),Critical,DGHS/WHO/PMC anchored estimates (daily distribution),903.7,715.4,1.23,2.71,3.85,85.8,88.2,88.4
2023-08-02,2023,8,2,214,Monsoon,Dhaka,23.71,90.41,28.52,31.46,26.53,4.9,30.0,26.4,89.5,11.32,25.31,143.1,996.9,13.6,3.6,80,Rain showers,28.52,31.46,26.53,11.32,89.53,25.31,143.1,996.9,NASA POWER MERRA-2 (primary) + ERA5-normals sim (solar/sunshine/weather-code),498,1,2499,2998,38654,199,0.5148,DENV-2 (dominant 70%),Critical,DGHS/WHO/PMC anchored estimates (daily distribution),842.1,723.3,7.57,4.32,3.9,89.4,88.4,89.8
2023-08-03,2023,8,3,215,Monsoon,Dhaka,23.71,90.41,28.73,31.88,26.53,5.3,30.2,26.8,90.4,13.25,17.1,157.0,999.1,7.8,5.6,51,Light drizzle,28.73,31.88,26.53,13.25,90.44,17.1,157.0,999.1,NASA POWER MERRA-2 (primary) + ERA5-normals sim (solar/sunshine/weather-code),696,3,2194,2893,39350,202,0.5133,DENV-2 (dominant 70%),Critical,DGHS/WHO/PMC anchored estimates (daily distribution),719.1,754.9,6.29,0.94,5.33,87.7,89.2,92.6
2023-08-04,2023,8,4,216,Monsoon,Dhaka,23.71,90.41,28.64,31.11,26.97,4.1,30.2,26.7,90.3,27.3,16.42,180.8,1002.4,6.3,1.4,95,Thunderstorm,28.64,31.11,26.97,27.3,90.33,16.42,180.8,1002.4,NASA POWER MERRA-2 (primary) + ERA5-normals sim (solar/sunshine/weather-code),730,1,2473,3204,40080,203,0.5065,DENV-2 (dominant 70%),Critical,DGHS/WHO/PMC anchored estimates (daily distribution),632.0,789.4,8.33,0.93,15.68,87.8,86.5,92.3
2023-08-05,2023,8,5,217,Monsoon,Dhaka,23.71,90.41,28.53,31.4,26.29,5.1,30.0,26.3,89.0,13.82,15.88,191.4,1003.1,7.5,5.0,3,Overcast,28.53,31.4,26.29,13.82,88.99,15.88,191.4,1003.1,NASA POWER MERRA-2 (primary) + ERA5-normals sim (solar/sunshine/weather-code),389,2,2732,3123,40469,205,0.5066,DENV-2 (dominant 70%),Critical,DGHS/WHO/PMC anchored estimates (daily distribution),573.1,777.1,9.13,2.79,5.69,87.6,88.0,87.5
2023-08-06,2023,8,6,218,Monsoon,Dhaka,23.71,90.41,27.94,30.15,26.72,3.4,29.5,26.2,91.3,49.46,18.9,206.7,1000.3,14.6,3.0,61,Moderate rain,27.94,30.15,26.72,49.46,91.3,18.9,206.7,1000.3,NASA POWER MERRA-2 (primary) + ERA5-normals sim (solar/sunshine/weather-code),675,2,2311,2988,41144,207,0.5031,DENV-2 (dominant 70%),Critical,DGHS/WHO/PMC anchored estimates (daily distribution),609.7,790.4,0.69,1.55,5.72,84.9,89.6,90.6
2023-08-07,2023,8,7,219,Monsoon,Dhaka,23.71,90.41,28.22,30.32,27.1,3.2,29.9,26.9,93.5,74.9,19.4,219.8,996.6,13.8,6.2,61,Moderate rain,28.22,30.32,27.1,74.9,93.49,19.4,219.8,996.6,NASA POWER MERRA-2 (primary) + ERA5-normals sim (solar/sunshine/weather-code),688,3,2487,3178,41832,210,0.502,DENV-2 (dominant 70%),Critical,DGHS/WHO/PMC anchored estimates (daily distribution),640.9,786.9,7.36,0.4,5.71,80.0,84.6,91.4
2023-08-08,2023,8,8,220,Monsoon,Dhaka,23.71,90.41,28.35,31.14,26.61,4.5,29.9,26.5,90.9,42.99,15.41,235.4,998.5,5.7,1.3,80,Rain showers,28.35,31.14,26.61,42.99,90.91,15.41,235.4,998.5,NASA POWER MERRA-2 (primary) + ERA5-normals sim (solar/sunshine/weather-code),1308,6,2476,3790,43140,216,0.5007,DENV-2 (dominant 70%),Critical,DGHS/WHO/PMC anchored estimates (daily distribution),712.0,807.9,36.04,1.23,2.71,85.7,85.8,88.2
2023-08-09,2023,8,9,221,Monsoon,Dhaka,23.71,90.41,28.29,31.14,25.89,5.2,29.8,26.4,90.4,17.36,11.7,194.8,1002.4,8.9,3.7,61,Moderate rain,28.29,31.14,25.89,17.36,90.36,11.7,194.8,1002.4,NASA POWER MERRA-2 (primary) + ERA5-normals sim (solar/sunshine/weather-code),787,2,3058,3847,43927,218,0.4963,DENV-2 (dominant 70%),Critical,DGHS/WHO/PMC anchored estimates (daily distribution),753.3,797.7,11.32,7.57,4.32,89.5,89.4,88.4
2023-08-10,2023,8,10,222,Monsoon,Dhaka,23.71,90.41,28.18,30.66,26.51,4.1,29.7,26.1,89.5,4.76,9.76,203.7,1003.8,14.7,6.8,2,Partly cloudy,28.18,30.66,26.51,4.76,89.46,9.76,203.7,1003.8,NASA POWER MERRA-2 (primary) + ERA5-normals sim (solar/sunshine/weather-code),514,4,3454,3972,44441,222,0.4995,DENV-2 (dominant 70%),Critical,DGHS/WHO/PMC anchored estimates (daily distribution),727.3,723.2,13.25,6.29,0.94,90.4,87.7,89.2
2023-08-11,2023,8,11,223,Monsoon,Dhaka,23.71,90.41,28.26,31.11,26.15,5.0,29.8,26.3,90.2,23.03,11.38,180.3,1003.4,4.5,1.5,95,Thunderstorm,28.26,31.11,26.15,23.03,90.25,11.38,180.3,1003.4,NASA POWER MERRA-2 (primary) + ERA5-normals sim (solar/sunshine/weather-code),288,0,3297,3585,44729,222,0.4963,DENV-2 (dominant 70%),Critical,DGHS/WHO/PMC anchored estimates (daily distribution),664.1,648.1,27.3,8.33,0.93,90.3,87.8,86.5
2023-08-12,2023,8,12,224,Monsoon,Dhaka,23.71,90.41,27.88,29.66,26.88,2.8,29.5,26.3,92.3,25.45,15.01,184.1,1001.7,11.8,5.0,61,Moderate rain,27.88,29.66,26.88,25.45,92.31,15.01,184.1,1001.7,NASA POWER MERRA-2 (primary) + ERA5-normals sim (solar/sunshine/weather-code),196,2,2895,3093,44925,224,0.4986,DENV-2 (dominant 70%),High,DGHS/WHO/PMC anchored estimates (daily distribution),636.6,604.9,13.82,9.13,2.79,89.0,87.6,88.0
2023-08-13,2023,8,13,225,Monsoon,Dhaka,23.71,90.41,28.15,31.3,25.88,5.4,29.4,25.3,85.8,29.5,9.9,249.5,1002.3,8.2,1.6,95,Thunderstorm,28.15,31.3,25.88,29.5,85.81,9.9,249.5,1002.3,NASA POWER MERRA-2 (primary) + ERA5-normals sim (solar/sunshine/weather-code),560,3,1782,2345,45485,227,0.4991,DENV-2 (dominant 70%),Critical,DGHS/WHO/PMC anchored estimates (daily distribution),620.1,614.9,49.46,0.69,1.55,91.3,84.9,89.6
2023-08-14,2023,8,14,226,Monsoon,Dhaka,23.71,90.41,28.52,32.05,25.06,7.0,29.6,24.9,81.8,12.1,5.18,209.7,1003.2,8.7,4.8,80,Rain showers,28.52,32.05,25.06,12.1,81.77,5.18,209.7,1003.2,NASA POWER MERRA-2 (primary) + ERA5-normals sim (solar/sunshine/weather-code),1220,6,1552,2778,46705,233,0.4989,DENV-2 (dominant 70%),Critical,DGHS/WHO/PMC anchored estimates (daily distribution),696.1,668.5,74.9,7.36,0.4,93.5,80.0,84.6
2023-08-15,2023,8,15,227,Monsoon,Dhaka,23.71,90.41,29.11,32.31,26.3,6.0,30.4,26.4,86.6,13.39,7.2,215.6,1003.1,7.8,2.3,80,Rain showers,29.11,32.31,26.3,13.39,86.61,7.2,215.6,1003.1,NASA POWER MERRA-2 (primary) + ERA5-normals sim (solar/sunshine/weather-code),731,3,2261,2995,47436,236,0.4975,DENV-2 (dominant 70%),Critical,DGHS/WHO/PMC anchored estimates (daily distribution),613.7,662.9,42.99,36.04,1.23,90.9,85.7,85.8
2023-08-16,2023,8,16,228,Monsoon,Dhaka,23.71,90.41,29.19,32.1,26.78,5.3,30.6,26.9,88.4,18.26,8.64,185.3,1002.8,9.8,7.4,80,Rain showers,29.19,32.1,26.78,18.26,88.43,8.64,185.3,1002.8,NASA POWER MERRA-2 (primary) + ERA5-normals sim (solar/sunshine/weather-code),521,3,2704,3228,47957,239,0.4984,DENV-2 (dominant 70%),Critical,DGHS/WHO/PMC anchored estimates (daily distribution),575.7,664.5,17.36,11.32,7.57,90.4,89.5,89.4
2023-08-17,2023,8,17,229,Monsoon,Dhaka,23.71,90.41,28.71,31.58,26.72,4.9,30.2,26.6,89.5,13.35,7.38,153.8,1002.1,10.1,2.9,3,Overcast,28.71,31.58,26.72,13.35,89.54,7.38,153.8,1002.1,NASA POWER MERRA-2 (primary) + ERA5-normals sim (solar/sunshine/weather-code),494,2,3030,3526,48451,241,0.4974,DENV-2 (dominant 70%),Critical,DGHS/WHO/PMC anchored estimates (daily distribution),572.9,650.1,4.76,13.25,6.29,89.5,90.4,87.7
2023-08-18,2023,8,18,230,Monsoon,Dhaka,23.71,90.41,28.47,31.61,26.3,5.3,30.0,26.4,89.8,6.23,15.26,139.9,1002.6,7.2,4.2,61,Moderate rain,28.47,31.61,26.3,6.23,89.82,15.26,139.9,1002.6,NASA POWER MERRA-2 (primary) + ERA5-normals sim (solar/sunshine/weather-code),871,4,2962,3837,49322,245,0.4967,DENV-2 (dominant 70%),Critical,DGHS/WHO/PMC anchored estimates (daily distribution),656.1,660.1,23.03,27.3,8.33,90.2,90.3,87.8
2023-08-19,2023,8,19,231,Monsoon,Dhaka,23.71,90.41,28.19,31.41,26.17,5.2,29.7,26.4,91.1,7.05,15.34,147.2,1004.0,4.0,2.3,80,Rain showers,28.19,31.41,26.17,7.05,91.13,15.34,147.2,1004.0,NASA POWER MERRA-2 (primary) + ERA5-normals sim (solar/sunshine/weather-code),446,4,2613,3063,49768,249,0.5003,DENV-2 (dominant 70%),Critical,DGHS/WHO/PMC anchored estimates (daily distribution),691.9,664.2,25.45,13.82,9.13,92.3,89.0,87.6
2023-08-20,2023,8,20,232,Monsoon,Dhaka,23.71,90.41,28.8,32.04,26.01,6.0,30.2,26.4,88.0,2.68,9.83,179.5,1004.4,7.7,3.3,61,Moderate rain,28.8,32.04,26.01,2.68,88.02,9.83,179.5,1004.4,NASA POWER MERRA-2 (primary) + ERA5-normals sim (solar/sunshine/weather-code),434,3,2329,2766,50202,252,0.502,DENV-2 (dominant 70%),Critical,DGHS/WHO/PMC anchored estimates (daily distribution),673.9,647.0,29.5,49.46,0.69,85.8,91.3,84.9
2023-08-21,2023,8,21,233,Monsoon,Dhaka,23.71,90.41,28.18,30.8,26.14,4.7,29.6,26.0,89.3,1.84,11.05,184.2,1003.7,11.5,4.0,61,Moderate rain,28.18,30.8,26.14,1.84,89.29,11.05,184.2,1003.7,NASA POWER MERRA-2 (primary) + ERA5-normals sim (solar/sunshine/weather-code),795,4,2241,3040,50997,256,0.502,DENV-2 (dominant 70%),Critical,DGHS/WHO/PMC anchored estimates (daily distribution),613.1,654.6,12.1,74.9,7.36,81.8,93.5,80.0
2023-08-22,2023,8,22,234,Monsoon,Dhaka,23.71,90.41,27.88,29.59,26.42,3.2,29.5,26.3,92.3,3.17,13.75,172.5,1003.8,13.9,5.5,61,Moderate rain,27.88,29.59,26.42,3.17,92.3,13.75,172.5,1003.8,NASA POWER MERRA-2 (primary) + ERA5-normals sim (solar/sunshine/weather-code),731,4,2542,3277,51728,260,0.5026,DENV-2 (dominant 70%),Critical,DGHS/WHO/PMC anchored estimates (daily distribution),613.1,613.4,13.39,42.99,36.04,86.6,90.9,85.7
2023-08-23,2023,8,23,235,Monsoon,Dhaka,23.71,90.41,28.26,30.86,26.3,4.6,29.7,26.2,89.7,12.4,12.96,169.1,1002.9,8.2,1.9,95,Thunderstorm,28.26,30.86,26.3,12.4,89.66,12.96,169.1,1002.9,NASA POWER MERRA-2 (primary) + ERA5-normals sim (solar/sunshine/weather-code),767,5,2401,3173,52495,265,0.5048,DENV-2 (dominant 70%),Critical,DGHS/WHO/PMC anchored estimates (daily distribution),648.3,612.0,18.26,17.36,11.32,88.4,90.4,89.5
2023-08-24,2023,8,24,236,Monsoon,Dhaka,23.71,90.41,28.49,30.64,26.66,4.0,30.1,26.7,91.3,17.53,11.7,184.2,1000.5,15.3,3.1,61,Moderate rain,28.49,30.64,26.66,17.53,91.27,11.7,184.2,1000.5,NASA POWER MERRA-2 (primary) + ERA5-normals sim (solar/sunshine/weather-code),723,2,2725,3450,53218,267,0.5017,DENV-2 (dominant 70%),Critical,DGHS/WHO/PMC anchored estimates (daily distribution),681.0,626.9,13.35,4.76,13.25,89.5,89.5,90.4
2023-08-25,2023,8,25,237,Monsoon,Dhaka,23.71,90.41,28.29,30.99,26.33,4.7,29.8,26.5,91.0,6.31,11.41,201.3,1000.2,13.3,4.8,61,Moderate rain,28.29,30.99,26.33,6.31,90.95,11.41,201.3,1000.2,NASA POWER MERRA-2 (primary) + ERA5-normals sim (solar/sunshine/weather-code),1064,4,3012,4080,54282,271,0.4992,DENV-2 (dominant 70%),Critical,DGHS/WHO/PMC anchored estimates (daily distribution),708.6,682.4,6.23,23.03,27.3,89.8,90.2,90.3
2023-08-26,2023,8,26,238,Monsoon,Dhaka,23.71,90.41,28.45,31.27,26.26,5.0,30.0,26.6,90.5,27.87,15.26,223.0,1001.1,13.1,5.8,61,Moderate rain,28.45,31.27,26.26,27.87,90.47,15.26,223.0,1001.1,NASA POWER MERRA-2 (primary) + ERA5-normals sim (solar/sunshine/weather-code),1327,6,3279,4612,55609,277,0.4981,DENV-2 (dominant 70%),Critical,DGHS/WHO/PMC anchored estimates (daily distribution),834.4,763.1,7.05,25.45,13.82,91.1,92.3,89.0
2023-08-27,2023,8,27,239,Monsoon,Dhaka,23.71,90.41,28.67,31.52,26.62,4.9,30.2,26.7,90.1,14.19,13.18,217.0,1000.8,9.2,5.8,3,Overcast,28.67,31.52,26.62,14.19,90.12,13.18,217.0,1000.8,NASA POWER MERRA-2 (primary) + ERA5-normals sim (solar/sunshine/weather-code),1085,6,3875,4966,56694,283,0.4992,DENV-2 (dominant 70%),Critical,DGHS/WHO/PMC anchored estimates (daily distribution),927.4,800.6,2.68,29.5,49.46,88.0,85.8,91.3
2023-08-28,2023,8,28,240,Monsoon,Dhaka,23.71,90.41,29.38,32.63,26.79,5.8,30.7,26.8,87.2,7.83,9.4,190.6,1001.1,7.3,1.7,95,Thunderstorm,29.38,32.63,26.79,7.83,87.19,9.4,190.6,1001.1,NASA POWER MERRA-2 (primary) + ERA5-normals sim (solar/sunshine/weather-code),798,8,4191,4997,57492,291,0.5062,DENV-2 (dominant 70%),Critical,DGHS/WHO/PMC anchored estimates (daily distribution),927.9,770.5,1.84,12.1,74.9,89.3,81.8,93.5
2023-08-29,2023,8,29,241,Monsoon,Dhaka,23.71,90.41,29.8,32.83,26.73,6.1,30.9,26.3,82.6,4.34,5.62,72.1,1002.2,4.2,1.7,61,Moderate rain,29.8,32.83,26.73,4.34,82.65,5.62,72.1,1002.2,NASA POWER MERRA-2 (primary) + ERA5-normals sim (solar/sunshine/weather-code),354,3,4271,4628,57846,294,0.5082,DENV-2 (dominant 70%),Critical,DGHS/WHO/PMC anchored estimates (daily distribution),874.0,743.6,3.17,13.39,42.99,92.3,86.6,90.9
2023-08-30,2023,8,30,242,Monsoon,Dhaka,23.71,90.41,30.07,32.98,26.32,6.7,31.0,25.8,78.6,0.22,5.65,359.2,1003.2,19.4,5.0,61,Moderate rain,30.07,32.98,26.32,0.22,78.57,5.65,359.2,1003.2,NASA POWER MERRA-2 (primary) + ERA5-normals sim (solar/sunshine/weather-code),368,0,3564,3932,58214,294,0.505,DENV-2 (dominant 70%),Critical,DGHS/WHO/PMC anchored estimates (daily distribution),817.0,732.6,12.4,18.26,17.36,89.7,88.4,90.4
2023-08-31,2023,8,31,243,Monsoon,Dhaka,23.71,90.41,28.99,31.33,26.97,4.4,30.4,26.4,87.3,6.05,6.16,184.3,1004.3,12.2,4.7,51,Light drizzle,28.99,31.33,26.97,6.05,87.3,6.16,184.3,1004.3,NASA POWER MERRA-2 (primary) + ERA5-normals sim (solar/sunshine/weather-code),427,4,2601,3032,58641,298,0.5082,DENV-2 (dominant 70%),Critical,DGHS/WHO/PMC anchored estimates (daily distribution),774.7,727.9,17.53,13.35,4.76,91.3,89.5,89.5
2023-09-01,2023,9,1,244,Monsoon,Dhaka,23.71,90.41,29.21,32.12,26.98,5.1,30.6,26.6,86.8,7.89,7.06,202.5,1004.3,7.7,2.5,80,Rain showers,29.21,32.12,26.98,7.89,86.77,7.06,202.5,1004.3,NASA POWER MERRA-2 (primary) + ERA5-normals sim (solar/sunshine/weather-code),1771,10,1937,3718,60412,308,0.5098,DENV-2 (dominant 70%),Critical,DGHS/WHO/PMC anchored estimates (daily distribution),875.7,792.1,6.31,6.23,23.03,91.0,89.8,90.2
2023-09-02,2023,9,2,245,Monsoon,Dhaka,23.71,90.41,29.68,32.61,26.85,5.8,30.9,26.7,84.9,8.83,5.58,231.0,1002.9,6.5,3.0,80,Rain showers,29.68,32.61,26.85,8.83,84.94,5.58,231.0,1002.9,NASA POWER MERRA-2 (primary) + ERA5-normals sim (solar/sunshine/weather-code),846,5,2915,3766,61258,313,0.511,DENV-2 (dominant 70%),Critical,DGHS/WHO/PMC anchored estimates (daily distribution),807.0,820.7,27.87,7.05,25.45,90.5,91.1,92.3
2023-09-03,2023,9,3,246,Monsoon,Dhaka,23.71,90.41,28.32,30.14,26.42,3.7,29.8,26.4,90.5,28.73,9.29,97.0,1001.0,13.8,5.1,61,Moderate rain,28.32,30.14,26.42,28.73,90.5,9.29,97.0,1001.0,NASA POWER MERRA-2 (primary) + ERA5-normals sim (solar/sunshine/weather-code),341,2,3410,3753,61599,315,0.5114,DENV-2 (dominant 70%),Critical,DGHS/WHO/PMC anchored estimates (daily distribution),700.7,814.1,14.19,2.68,29.5,90.1,88.0,85.8
2023-09-04,2023,9,4,247,Monsoon,Dhaka,23.71,90.41,27.79,29.75,25.8,3.9,29.3,25.7,89.4,19.88,7.81,93.4,1001.2,7.1,2.2,95,Thunderstorm,27.79,29.75,25.8,19.88,89.45,7.81,93.4,1001.2,NASA POWER MERRA-2 (primary) + ERA5-normals sim (solar/sunshine/weather-code),357,2,3383,3742,61956,317,0.5117,DENV-2 (dominant 70%),Critical,DGHS/WHO/PMC anchored estimates (daily distribution),637.7,782.8,7.83,1.84,12.1,87.2,89.3,81.8
2023-09-05,2023,9,5,248,Monsoon,Dhaka,23.71,90.41,29.19,32.7,25.55,7.2,30.5,26.3,85.7,14.33,7.78,53.0,1001.4,16.5,6.4,2,Partly cloudy,29.19,32.7,25.55,14.33,85.74,7.78,53.0,1001.4,NASA POWER MERRA-2 (primary) + ERA5-normals sim (solar/sunshine/weather-code),289,2,3313,3604,62245,319,0.5125,DENV-2 (dominant 70%),Critical,DGHS/WHO/PMC anchored estimates (daily distribution),628.4,751.2,4.34,3.17,13.39,82.6,92.3,86.6
2023-09-06,2023,9,6,249,Monsoon,Dhaka,23.71,90.41,28.94,31.81,26.56,5.2,30.4,26.7,88.8,5.17,9.4,135.1,1002.7,7.2,2.0,80,Rain showers,28.94,31.81,26.56,5.17,88.82,9.4,135.1,1002.7,NASA POWER MERRA-2 (primary) + ERA5-normals sim (solar/sunshine/weather-code),170,0,1833,2003,62415,319,0.5111,DENV-2 (dominant 70%),High,DGHS/WHO/PMC anchored estimates (daily distribution),600.1,708.6,0.22,12.4,18.26,78.6,89.7,88.4
2023-09-07,2023,9,7,250,Monsoon,Dhaka,23.71,90.41,28.17,31.11,26.04,5.1,29.7,26.3,90.7,21.02,15.19,121.6,1003.6,10.8,4.8,80,Rain showers,28.17,31.11,26.04,21.02,90.71,15.19,121.6,1003.6,NASA POWER MERRA-2 (primary) + ERA5-normals sim (solar/sunshine/weather-code),346,4,1153,1503,62761,323,0.5147,DENV-2 (dominant 70%),Critical,DGHS/WHO/PMC anchored estimates (daily distribution),588.6,681.6,6.05,17.53,13.35,87.3,91.3,89.5
2023-09-08,2023,9,8,251,Monsoon,Dhaka,23.71,90.41,27.73,29.05,26.73,2.3,29.4,26.6,94.2,14.14,15.8,147.9,1004.9,16.1,3.4,3,Overcast,27.73,29.05,26.73,14.14,94.23,15.8,147.9,1004.9,NASA POWER MERRA-2 (primary) + ERA5-normals sim (solar/sunshine/weather-code),463,4,1158,1625,63224,327,0.5172,DENV-2 (dominant 70%),Critical,DGHS/WHO/PMC anchored estimates (daily distribution),401.7,638.7,7.89,6.31,6.23,86.8,91.0,89.8
2023-09-09,2023,9,9,252,Monsoon,Dhaka,23.71,90.41,28.85,31.84,26.12,5.7,30.2,26.2,86.6,1.19,7.92,176.4,1004.5,11.9,4.1,2,Partly cloudy,28.85,31.84,26.12,1.19,86.58,7.92,176.4,1004.5,NASA POWER MERRA-2 (primary) + ERA5-normals sim (solar/sunshine/weather-code),235,1,1267,1503,63459,328,0.5169,DENV-2 (dominant 70%),Critical,DGHS/WHO/PMC anchored estimates (daily distribution),314.4,560.7,8.83,27.87,7.05,84.9,90.5,91.1
2023-09-10,2023,9,10,253,Monsoon,Dhaka,23.71,90.41,29.06,32.06,26.09,6.0,30.4,26.3,86.0,3.81,6.66,222.4,1002.4,13.2,5.2,51,Light drizzle,29.06,32.06,26.09,3.81,85.95,6.66,222.4,1002.4,NASA POWER MERRA-2 (primary) + ERA5-normals sim (solar/sunshine/weather-code),269,2,1212,1483,63728,330,0.5178,DENV-2 (dominant 70%),Critical,DGHS/WHO/PMC anchored estimates (daily distribution),304.1,502.4,28.73,14.19,2.68,90.5,90.1,88.0
2023-09-11,2023,9,11,254,Monsoon,Dhaka,23.71,90.41,29.13,32.26,26.25,6.0,30.3,25.9,83.9,5.15,7.13,195.3,1001.5,11.7,5.7,2,Partly cloudy,29.13,32.26,26.25,5.15,83.94,7.13,195.3,1001.5,NASA POWER MERRA-2 (primary) + ERA5-normals sim (solar/sunshine/weather-code),263,1,1312,1576,63991,331,0.5173,DENV-2 (dominant 70%),Critical,DGHS/WHO/PMC anchored estimates (daily distribution),290.7,464.2,19.88,7.83,1.84,89.4,87.2,89.3
2023-09-12,2023,9,12,255,Monsoon,Dhaka,23.71,90.41,28.85,31.87,26.22,5.7,30.2,26.4,87.7,18.65,7.92,160.4,1001.7,7.8,5.8,61,Moderate rain,28.85,31.87,26.22,18.65,87.71,7.92,160.4,1001.7,NASA POWER MERRA-2 (primary) + ERA5-normals sim (solar/sunshine/weather-code),439,2,1228,1669,64430,333,0.5168,DENV-2 (dominant 70%),Critical,DGHS/WHO/PMC anchored estimates (daily distribution),312.1,470.3,14.33,4.34,3.17,85.7,82.6,92.3
2023-09-13,2023,9,13,256,Monsoon,Dhaka,23.71,90.41,28.24,31.26,26.27,5.0,29.7,26.1,89.1,3.03,12.49,114.0,1001.9,6.7,1.9,80,Rain showers,28.24,31.26,26.27,3.03,89.14,12.49,114.0,1001.9,NASA POWER MERRA-2 (primary) + ERA5-normals sim (solar/sunshine/weather-code),540,1,1205,1746,64970,334,0.5141,DENV-2 (dominant 70%),Critical,DGHS/WHO/PMC anchored estimates (daily distribution),365.0,482.6,5.17,0.22,12.4,88.8,78.6,89.7
2023-09-14,2023,9,14,257,Monsoon,Dhaka,23.71,90.41,27.9,30.62,26.26,4.4,29.5,26.2,91.5,6.92,18.97,121.0,1003.4,8.4,1.3,80,Rain showers,27.9,30.62,26.26,6.92,91.46,18.97,121.0,1003.4,NASA POWER MERRA-2 (primary) + ERA5-normals sim (solar/sunshine/weather-code),352,3,1508,1863,65322,337,0.5159,DENV-2 (dominant 70%),Critical,DGHS/WHO/PMC anchored estimates (daily distribution),365.9,477.2,21.02,6.05,17.53,90.7,87.3,91.3
2023-09-15,2023,9,15,258,Monsoon,Dhaka,23.71,90.41,28.06,30.68,26.18,4.5,29.6,26.2,90.6,1.92,13.03,140.1,1005.2,11.5,5.0,3,Overcast,28.06,30.68,26.18,1.92,90.55,13.03,140.1,1005.2,NASA POWER MERRA-2 (primary) + ERA5-normals sim (solar/sunshine/weather-code),852,4,1590,2446,66174,341,0.5153,DENV-2 (dominant 70%),Critical,DGHS/WHO/PMC anchored estimates (daily distribution),421.4,411.6,14.14,7.89,6.31,94.2,86.8,91.0
2023-09-16,2023,9,16,259,Monsoon,Dhaka,23.71,90.41,28.71,31.88,25.12,6.8,29.9,25.6,84.7,1.54,7.02,141.9,1004.6,8.3,6.1,61,Moderate rain,28.71,31.88,25.12,1.54,84.74,7.02,141.9,1004.6,NASA POWER MERRA-2 (primary) + ERA5-normals sim (solar/sunshine/weather-code),647,3,2180,2830,66821,344,0.5148,DENV-2 (dominant 70%),Critical,DGHS/WHO/PMC anchored estimates (daily distribution),480.3,397.4,1.19,8.83,27.87,86.6,84.9,90.5
2023-09-17,2023,9,17,260,Monsoon,Dhaka,23.71,90.41,29.73,33.22,26.21,7.0,30.9,26.4,83.4,1.15,5.22,292.2,1002.5,13.1,4.8,2,Partly cloudy,29.73,33.22,26.21,1.15,83.45,5.22,292.2,1002.5,NASA POWER MERRA-2 (primary) + ERA5-normals sim (solar/sunshine/weather-code),342,4,2387,2733,67163,348,0.5181,DENV-2 (dominant 70%),Critical,DGHS/WHO/PMC anchored estimates (daily distribution),490.7,397.4,3.81,28.73,14.19,86.0,90.5,90.1
2023-09-18,2023,9,18,261,Monsoon,Dhaka,23.71,90.41,28.06,29.93,26.66,3.3,29.6,26.1,90.2,31.18,6.66,153.7,1002.9,5.5,2.1,80,Rain showers,28.06,29.93,26.66,31.18,90.2,6.66,153.7,1002.9,NASA POWER MERRA-2 (primary) + ERA5-normals sim (solar/sunshine/weather-code),206,1,2192,2399,67369,349,0.518,DENV-2 (dominant 70%),Critical,DGHS/WHO/PMC anchored estimates (daily distribution),482.6,386.6,5.15,19.88,7.83,83.9,89.4,87.2
2023-09-19,2023,9,19,262,Monsoon,Dhaka,23.71,90.41,27.72,30.26,25.71,4.6,29.3,26.0,91.4,17.03,13.32,109.0,1004.7,14.3,6.3,2,Partly cloudy,27.72,30.26,25.71,17.03,91.39,13.32,109.0,1004.7,NASA POWER MERRA-2 (primary) + ERA5-normals sim (solar/sunshine/weather-code),464,0,2047,2511,67833,349,0.5145,DENV-2 (dominant 70%),Critical,DGHS/WHO/PMC anchored estimates (daily distribution),486.1,399.1,18.65,14.33,4.34,87.7,85.7,82.6
2023-09-20,2023,9,20,263,Monsoon,Dhaka,23.71,90.41,27.64,29.65,26.24,3.4,29.3,26.3,93.4,20.3,19.19,128.1,1005.5,12.5,7.1,80,Rain showers,27.64,29.65,26.24,20.3,93.39,19.19,128.1,1005.5,NASA POWER MERRA-2 (primary) + ERA5-normals sim (solar/sunshine/weather-code),651,6,1653,2310,68484,355,0.5184,DENV-2 (dominant 70%),Critical,DGHS/WHO/PMC anchored estimates (daily distribution),502.0,433.5,3.03,5.17,0.22,89.1,88.8,78.6
2023-09-21,2023,9,21,264,Monsoon,Dhaka,23.71,90.41,27.73,29.67,26.62,3.1,29.4,26.5,93.7,23.76,15.91,150.7,1006.8,11.8,5.4,3,Overcast,27.73,29.67,26.62,23.76,93.73,15.91,150.7,1006.8,NASA POWER MERRA-2 (primary) + ERA5-normals sim (solar/sunshine/weather-code),446,4,1659,2109,68930,359,0.5208,DENV-2 (dominant 70%),Critical,DGHS/WHO/PMC anchored estimates (daily distribution),515.4,440.6,6.92,21.02,6.05,91.5,90.7,87.3
2023-09-22,2023,9,22,265,Monsoon,Dhaka,23.71,90.41,27.94,30.44,26.35,4.1,29.5,26.3,91.8,21.25,13.5,163.9,1007.2,13.2,4.8,3,Overcast,27.94,30.44,26.35,21.25,91.85,13.5,163.9,1007.2,NASA POWER MERRA-2 (primary) + ERA5-normals sim (solar/sunshine/weather-code),522,1,1766,2289,69452,360,0.5183,DENV-2 (dominant 70%),Critical,DGHS/WHO/PMC anchored estimates (daily distribution),468.3,444.9,1.92,14.14,7.89,90.6,94.2,86.8
2023-09-23,2023,9,23,266,Monsoon,Dhaka,23.71,90.41,28.04,30.83,25.99,4.8,29.6,26.1,90.5,18.71,12.2,164.6,1007.1,10.8,6.4,3,Overcast,28.04,30.83,25.99,18.71,90.54,12.2,164.6,1007.1,NASA POWER MERRA-2 (primary) + ERA5-normals sim (solar/sunshine/weather-code),1219,1,2082,3302,70671,361,0.5108,DENV-2 (dominant 70%),Critical,DGHS/WHO/PMC anchored estimates (daily distribution),550.0,515.1,1.54,1.19,8.83,84.7,86.6,84.9
2023-09-24,2023,9,24,267,Monsoon,Dhaka,23.71,90.41,27.99,30.77,25.8,5.0,29.5,26.2,90.8,10.66,13.1,160.1,1006.0,17.5,5.5,2,Partly cloudy,27.99,30.77,25.8,10.66,90.77,13.1,160.1,1006.0,NASA POWER MERRA-2 (primary) + ERA5-normals sim (solar/sunshine/weather-code),946,5,2833,3784,71617,366,0.5111,DENV-2 (dominant 70%),Critical,DGHS/WHO/PMC anchored estimates (daily distribution),636.3,563.5,1.15,3.81,28.73,83.4,86.0,90.5
2023-09-25,2023,9,25,268,Monsoon,Dhaka,23.71,90.41,28.5,31.46,26.16,5.3,30.0,26.4,89.5,11.83,9.14,174.7,1005.5,20.4,5.2,61,Moderate rain,28.5,31.46,26.16,11.83,89.53,9.14,174.7,1005.5,NASA POWER MERRA-2 (primary) + ERA5-normals sim (solar/sunshine/weather-code),457,4,3129,3590,72074,370,0.5134,DENV-2 (dominant 70%),Critical,DGHS/WHO/PMC anchored estimates (daily distribution),672.1,577.4,31.18,5.15,19.88,90.2,83.9,89.4
2023-09-26,2023,9,26,269,Monsoon,Dhaka,23.71,90.41,29.17,32.56,26.5,6.1,30.3,25.7,82.5,9.16,4.03,238.8,1005.6,11.3,6.1,3,Overcast,29.17,32.56,26.5,9.16,82.49,4.03,238.8,1005.6,NASA POWER MERRA-2 (primary) + ERA5-normals sim (solar/sunshine/weather-code),324,1,3143,3468,72398,371,0.5124,DENV-2 (dominant 70%),Critical,DGHS/WHO/PMC anchored estimates (daily distribution),652.1,569.1,17.03,18.65,14.33,91.4,87.7,85.7
2023-09-27,2023,9,27,270,Monsoon,Dhaka,23.71,90.41,28.31,30.84,25.99,4.9,29.6,25.5,86.1,5.79,5.58,318.0,1005.1,5.6,2.7,80,Rain showers,28.31,30.84,25.99,5.79,86.06,5.58,318.0,1005.1,NASA POWER MERRA-2 (primary) + ERA5-normals sim (solar/sunshine/weather-code),395,0,2946,3341,72793,371,0.5097,DENV-2 (dominant 70%),Critical,DGHS/WHO/PMC anchored estimates (daily distribution),615.6,558.8,20.3,3.03,5.17,93.4,89.1,88.8
2023-09-28,2023,9,28,271,Monsoon,Dhaka,23.71,90.41,29.02,32.32,25.07,7.2,30.3,26.1,85.4,0.59,7.09,339.2,1003.5,12.2,5.8,3,Overcast,29.02,32.32,25.07,0.59,85.38,7.09,339.2,1003.5,NASA POWER MERRA-2 (primary) + ERA5-normals sim (solar/sunshine/weather-code),481,0,2122,2603,73274,371,0.5063,DENV-2 (dominant 70%),Critical,DGHS/WHO/PMC anchored estimates (daily distribution),620.6,568.0,23.76,6.92,21.02,93.7,91.5,90.7
2023-09-29,2023,9,29,272,Monsoon,Dhaka,23.71,90.41,28.43,30.57,26.94,3.6,30.0,26.8,91.9,4.08,7.85,73.7,1003.0,6.0,1.4,95,Thunderstorm,28.43,30.57,26.94,4.08,91.89,7.85,73.7,1003.0,NASA POWER MERRA-2 (primary) + ERA5-normals sim (solar/sunshine/weather-code),542,3,1654,2199,73816,374,0.5067,DENV-2 (dominant 70%),Critical,DGHS/WHO/PMC anchored estimates (daily distribution),623.4,545.9,21.25,1.92,14.14,91.8,90.6,94.2
2023-09-30,2023,9,30,273,Monsoon,Dhaka,23.71,90.41,27.74,30.18,26.12,4.1,29.3,26.0,91.5,6.01,13.39,125.4,1003.6,14.5,6.4,61,Moderate rain,27.74,30.18,26.12,6.01,91.51,13.39,125.4,1003.6,NASA POWER MERRA-2 (primary) + ERA5-normals sim (solar/sunshine/weather-code),658,4,1738,2400,74474,378,0.5076,DENV-2 (dominant 70%),Critical,DGHS/WHO/PMC anchored estimates (daily distribution),543.3,546.6,18.71,1.54,1.19,90.5,84.7,86.6
2023-10-01,2023,10,1,274,Post-Monsoon,Dhaka,23.71,90.41,27.96,30.89,26.03,4.9,29.5,26.0,90.0,7.77,11.27,148.4,1003.6,15.1,7.1,61,Moderate rain,27.96,30.89,26.03,7.77,90.01,11.27,148.4,1003.6,NASA POWER MERRA-2 (primary) + ERA5-normals sim (solar/sunshine/weather-code),305,2,2074,2381,74779,380,0.5082,DENV-2 (dominant 70%),Critical,DGHS/WHO/PMC anchored estimates (daily distribution),451.7,544.0,10.66,1.15,3.81,90.8,83.4,86.0
2023-10-02,2023,10,2,275,Post-Monsoon,Dhaka,23.71,90.41,27.49,30.03,25.39,4.6,29.2,26.3,93.9,7.24,12.56,136.3,1004.8,11.6,7.8,80,Rain showers,27.49,30.03,25.39,7.24,93.91,12.56,136.3,1004.8,NASA POWER MERRA-2 (primary) + ERA5-normals sim (solar/sunshine/weather-code),384,2,1984,2370,75163,382,0.5082,DENV-2 (dominant 70%),Critical,DGHS/WHO/PMC anchored estimates (daily distribution),441.3,556.7,11.83,31.18,5.15,89.5,90.2,83.9
2023-10-03,2023,10,3,276,Post-Monsoon,Dhaka,23.71,90.41,27.71,30.71,25.85,4.9,29.3,26.0,91.2,13.83,16.38,146.6,1005.7,11.4,7.0,2,Partly cloudy,27.71,30.71,25.85,13.83,91.21,16.38,146.6,1005.7,NASA POWER MERRA-2 (primary) + ERA5-normals sim (solar/sunshine/weather-code),666,4,1885,2555,75829,386,0.509,DENV-2 (dominant 70%),Critical,DGHS/WHO/PMC anchored estimates (daily distribution),490.1,571.1,9.16,17.03,18.65,82.5,91.4,87.7
2023-10-04,2023,10,4,277,Post-Monsoon,Dhaka,23.71,90.41,27.03,28.95,25.58,3.4,28.7,25.8,93.9,30.5,18.18,132.1,1006.5,14.4,5.9,61,Moderate rain,27.03,28.95,25.58,30.5,93.93,18.18,132.1,1006.5,NASA POWER MERRA-2 (primary) + ERA5-normals sim (solar/sunshine/weather-code),571,3,2010,2584,76400,389,0.5092,DENV-2 (dominant 70%),Critical,DGHS/WHO/PMC anchored estimates (daily distribution),515.3,565.4,5.79,20.3,3.03,86.1,93.4,89.1
2023-10-05,2023,10,5,278,Post-Monsoon,Dhaka,23.71,90.41,27.33,28.76,26.3,2.5,29.1,26.4,95.6,61.61,16.96,143.3,1005.0,14.5,6.2,51,Light drizzle,27.33,28.76,26.3,61.61,95.61,16.96,143.3,1005.0,NASA POWER MERRA-2 (primary) + ERA5-normals sim (solar/sunshine/weather-code),293,3,1923,2219,76693,392,0.5111,DENV-2 (dominant 70%),Critical,DGHS/WHO/PMC anchored estimates (daily distribution),488.4,554.5,0.59,23.76,6.92,85.4,93.7,91.5
2023-10-06,2023,10,6,279,Post-Monsoon,Dhaka,23.71,90.41,27.6,29.97,26.2,3.8,29.2,25.9,91.5,43.8,18.58,175.6,1004.2,19.3,5.5,61,Moderate rain,27.6,29.97,26.2,43.8,91.46,18.58,175.6,1004.2,NASA POWER MERRA-2 (primary) + ERA5-normals sim (solar/sunshine/weather-code),378,5,1909,2292,77071,397,0.5151,DENV-2 (dominant 70%),Critical,DGHS/WHO/PMC anchored estimates (daily distribution),465.0,544.2,4.08,21.25,1.92,91.9,91.8,90.6
2023-10-07,2023,10,7,280,Post-Monsoon,Dhaka,23.71,90.41,27.99,31.1,25.9,5.2,29.6,26.2,91.3,21.91,15.48,186.1,1005.6,21.6,7.3,3,Overcast,27.99,31.1,25.9,21.91,91.27,15.48,186.1,1005.6,NASA POWER MERRA-2 (primary) + ERA5-normals sim (solar/sunshine/weather-code),361,1,1907,2269,77432,398,0.514,DENV-2 (dominant 70%),Critical,DGHS/WHO/PMC anchored estimates (daily distribution),422.6,482.9,6.01,18.71,1.54,91.5,90.5,84.7
2023-10-08,2023,10,8,281,Post-Monsoon,Dhaka,23.71,90.41,28.48,31.71,25.92,5.8,29.9,26.2,88.6,4.47,9.97,205.3,1007.1,8.2,3.2,95,Thunderstorm,28.48,31.71,25.92,4.47,88.61,9.97,205.3,1007.1,NASA POWER MERRA-2 (primary) + ERA5-normals sim (solar/sunshine/weather-code),137,0,1603,1740,77569,398,0.5131,DENV-2 (dominant 70%),High,DGHS/WHO/PMC anchored estimates (daily distribution),398.6,425.1,7.77,10.66,1.15,90.0,90.8,83.4
2023-10-09,2023,10,9,282,Post-Monsoon,Dhaka,23.71,90.41,28.43,31.48,25.88,5.6,29.9,26.3,89.5,6.44,8.71,201.7,1008.3,23.2,7.9,61,Moderate rain,28.43,31.48,25.88,6.44,89.51,8.71,201.7,1008.3,NASA POWER MERRA-2 (primary) + ERA5-normals sim (solar/sunshine/weather-code),338,3,1166,1507,77907,401,0.5147,DENV-2 (dominant 70%),Critical,DGHS/WHO/PMC anchored estimates (daily distribution),392.0,416.6,7.24,11.83,31.18,93.9,89.5,90.2
2023-10-10,2023,10,10,283,Post-Monsoon,Dhaka,23.71,90.41,29.08,31.99,26.17,5.8,30.0,24.8,78.6,0.37,3.96,271.9,1008.8,18.0,7.6,3,Overcast,29.08,31.99,26.17,0.37,78.57,3.96,271.9,1008.8,NASA POWER MERRA-2 (primary) + ERA5-normals sim (solar/sunshine/weather-code),210,2,1212,1424,78117,403,0.5159,DENV-2 (dominant 70%),Critical,DGHS/WHO/PMC anchored estimates (daily distribution),326.9,408.5,13.83,9.16,17.03,91.2,82.5,91.4
2023-10-11,2023,10,11,284,Post-Monsoon,Dhaka,23.71,90.41,28.67,31.84,25.53,6.3,29.6,24.5,78.9,2.61,4.72,207.7,1008.7,16.8,6.3,3,Overcast,28.67,31.84,25.53,2.61,78.87,4.72,207.7,1008.7,NASA POWER MERRA-2 (primary) + ERA5-normals sim (solar/sunshine/weather-code),602,1,1045,1648,78719,404,0.5132,DENV-2 (dominant 70%),Critical,DGHS/WHO/PMC anchored estimates (daily distribution),331.3,423.3,30.5,5.79,20.3,93.9,86.1,93.4
2023-10-12,2023,10,12,285,Post-Monsoon,Dhaka,23.71,90.41,28.77,31.67,25.69,6.0,29.6,24.1,76.8,4.53,4.28,253.7,1010.4,19.1,8.1,61,Moderate rain,28.77,31.67,25.69,4.53,76.83,4.28,253.7,1010.4,NASA POWER MERRA-2 (primary) + ERA5-normals sim (solar/sunshine/weather-code),584,4,1283,1871,79303,408,0.5145,DENV-2 (dominant 70%),Critical,DGHS/WHO/PMC anchored estimates (daily distribution),372.9,430.6,61.61,0.59,23.76,95.6,85.4,93.7
2023-10-13,2023,10,13,286,Post-Monsoon,Dhaka,23.71,90.41,28.25,31.14,24.77,6.4,28.9,22.9,73.1,8.67,4.18,281.5,1011.5,17.2,8.1,2,Partly cloudy,28.25,31.14,24.77,8.67,73.11,4.18,281.5,1011.5,NASA POWER MERRA-2 (primary) + ERA5-normals sim (solar/sunshine/weather-code),293,3,1731,2027,79596,411,0.5164,DENV-2 (dominant 70%),Critical,DGHS/WHO/PMC anchored estimates (daily distribution),360.7,412.9,43.8,4.08,21.25,91.5,91.9,91.8
2023-10-14,2023,10,14,287,Post-Monsoon,Dhaka,23.71,90.41,27.73,30.79,24.12,6.7,28.2,21.7,69.8,0.61,4.61,288.9,1010.8,8.8,2.6,61,Moderate rain,27.73,30.79,24.12,0.61,69.77,4.61,288.9,1010.8,NASA POWER MERRA-2 (primary) + ERA5-normals sim (solar/sunshine/weather-code),617,3,1686,2306,80213,414,0.5161,DENV-2 (dominant 70%),Critical,DGHS/WHO/PMC anchored estimates (daily distribution),397.3,409.9,21.91,6.01,18.71,91.3,91.5,90.5
2023-10-15,2023,10,15,288,Post-Monsoon,Dhaka,23.71,90.41,27.61,31.7,23.91,7.8,28.3,22.2,73.1,0.21,3.82,135.8,1009.3,16.0,6.9,2,Partly cloudy,27.61,31.7,23.91,0.21,73.13,3.82,135.8,1009.3,NASA POWER MERRA-2 (primary) + ERA5-normals sim (solar/sunshine/weather-code),797,4,2092,2893,81010,418,0.516,DENV-2 (dominant 70%),Critical,DGHS/WHO/PMC anchored estimates (daily distribution),491.6,445.1,4.47,7.77,10.66,88.6,90.0,90.8
2023-10-16,2023,10,16,289,Post-Monsoon,Dhaka,23.71,90.41,27.02,30.89,23.12,7.8,27.8,22.3,76.6,0.0,5.33,63.0,1010.3,16.9,8.4,61,Moderate rain,27.02,30.89,23.12,0.0,76.57,5.33,63.0,1010.3,NASA POWER MERRA-2 (primary) + ERA5-normals sim (solar/sunshine/weather-code),561,5,2286,2852,81571,423,0.5186,DENV-2 (dominant 70%),Critical,DGHS/WHO/PMC anchored estimates (daily distribution),523.4,457.7,6.44,7.24,11.83,89.5,93.9,89.5
2023-10-17,2023,10,17,290,Post-Monsoon,Dhaka,23.71,90.41,26.98,30.78,22.8,8.0,27.7,21.8,74.0,0.04,4.36,346.6,1010.9,14.5,7.3,61,Moderate rain,26.98,30.78,22.8,0.04,73.95,4.36,346.6,1010.9,NASA POWER MERRA-2 (primary) + ERA5-normals sim (solar/sunshine/weather-code),433,1,2267,2701,82004,424,0.517,DENV-2 (dominant 70%),Critical,DGHS/WHO/PMC anchored estimates (daily distribution),555.3,441.1,0.37,13.83,9.16,78.6,91.2,82.5
2023-10-18,2023,10,18,291,Post-Monsoon,Dhaka,23.71,90.41,26.65,30.07,23.08,7.0,27.5,21.9,76.2,1.4,5.04,359.0,1011.7,12.2,8.2,51,Light drizzle,26.65,30.07,23.08,1.4,76.19,5.04,359.0,1011.7,NASA POWER MERRA-2 (primary) + ERA5-normals sim (solar/sunshine/weather-code),635,3,2405,3043,82639,427,0.5167,DENV-2 (dominant 70%),Critical,DGHS/WHO/PMC anchored estimates (daily distribution),560.0,445.6,2.61,30.5,5.79,78.9,93.9,86.1
2023-10-19,2023,10,19,292,Post-Monsoon,Dhaka,23.71,90.41,25.62,29.18,21.87,7.3,26.8,22.2,83.1,0.24,7.42,353.3,1012.2,17.1,8.1,3,Overcast,25.62,29.18,21.87,0.24,83.13,7.42,353.3,1012.2,NASA POWER MERRA-2 (primary) + ERA5-normals sim (solar/sunshine/weather-code),906,4,2422,3332,83545,431,0.5159,DENV-2 (dominant 70%),Critical,DGHS/WHO/PMC anchored estimates (daily distribution),606.0,489.4,4.53,61.61,0.59,76.8,95.6,85.4
2023-10-20,2023,10,20,293,Post-Monsoon,Dhaka,23.71,90.41,25.05,29.4,21.11,8.3,26.3,22.1,85.3,0.0,9.07,348.9,1012.8,15.2,6.4,3,Overcast,25.05,29.4,21.11,0.0,85.31,9.07,348.9,1012.8,NASA POWER MERRA-2 (primary) + ERA5-normals sim (solar/sunshine/weather-code),390,1,2534,2925,83935,432,0.5147,DENV-2 (dominant 70%),Critical,DGHS/WHO/PMC anchored estimates (daily distribution),619.9,490.3,8.67,43.8,4.08,73.1,91.5,91.9
2023-10-21,2023,10,21,294,Post-Monsoon,Dhaka,23.71,90.41,25.22,29.89,20.48,9.4,26.2,21.3,80.2,0.0,8.1,343.4,1012.8,9.2,2.6,80,Rain showers,25.22,29.89,20.48,0.0,80.18,8.1,343.4,1012.8,NASA POWER MERRA-2 (primary) + ERA5-normals sim (solar/sunshine/weather-code),225,0,2364,2589,84160,432,0.5133,DENV-2 (dominant 70%),Critical,DGHS/WHO/PMC anchored estimates (daily distribution),563.9,480.6,0.61,21.91,6.01,69.8,91.3,91.5
2023-10-22,2023,10,22,295,Post-Monsoon,Dhaka,23.71,90.41,26.1,30.14,21.49,8.7,26.8,20.7,73.2,1.02,5.22,0.0,1012.8,17.1,7.1,2,Partly cloudy,26.1,30.14,21.49,1.02,73.22,5.22,0.0,1012.8,NASA POWER MERRA-2 (primary) + ERA5-normals sim (solar/sunshine/weather-code),210,2,2154,2366,84370,434,0.5144,DENV-2 (dominant 70%),Critical,DGHS/WHO/PMC anchored estimates (daily distribution),480.0,485.8,0.21,4.47,7.77,73.1,88.6,90.0
2023-10-23,2023,10,23,296,Post-Monsoon,Dhaka,23.71,90.41,26.06,29.86,23.52,6.3,27.2,22.4,81.9,4.78,5.04,135.6,1012.2,7.5,3.6,61,Moderate rain,26.06,29.86,23.52,4.78,81.86,5.04,135.6,1012.2,NASA POWER MERRA-2 (primary) + ERA5-normals sim (solar/sunshine/weather-code),274,1,1730,2005,84644,435,0.5139,DENV-2 (dominant 70%),Critical,DGHS/WHO/PMC anchored estimates (daily distribution),439.0,481.2,0.0,6.44,7.24,76.6,89.5,93.9
2023-10-24,2023,10,24,297,Post-Monsoon,Dhaka,23.71,90.41,24.96,28.19,23.0,5.2,26.4,22.9,89.8,10.31,10.55,90.6,1010.6,19.6,6.0,61,Moderate rain,24.96,28.19,23.0,10.31,89.76,10.55,90.6,1010.6,NASA POWER MERRA-2 (primary) + ERA5-normals sim (solar/sunshine/weather-code),561,3,1096,1660,85205,438,0.5141,DENV-2 (dominant 70%),Critical,DGHS/WHO/PMC anchored estimates (daily distribution),457.3,506.3,0.04,0.37,13.83,74.0,78.6,91.2
2023-10-25,2023,10,25,298,Post-Monsoon,Dhaka,23.71,90.41,26.01,29.65,22.5,7.1,27.3,23.1,85.4,4.76,9.36,334.8,1010.4,15.1,6.9,51,Light drizzle,26.01,29.65,22.5,4.76,85.38,9.36,334.8,1010.4,NASA POWER MERRA-2 (primary) + ERA5-normals sim (solar/sunshine/weather-code),879,4,1266,2149,86084,442,0.5135,DENV-2 (dominant 70%),Critical,DGHS/WHO/PMC anchored estimates (daily distribution),492.1,526.1,1.4,2.61,30.5,76.2,78.9,93.9
2023-10-26,2023,10,26,299,Post-Monsoon,Dhaka,23.71,90.41,26.6,29.83,23.5,6.3,27.6,22.5,79.3,2.27,4.1,289.0,1011.7,15.9,6.6,61,Moderate rain,26.6,29.83,23.5,2.27,79.31,4.1,289.0,1011.7,NASA POWER MERRA-2 (primary) + ERA5-normals sim (solar/sunshine/weather-code),1044,10,1914,2968,87128,452,0.5188,DENV-2 (dominant 70%),Critical,DGHS/WHO/PMC anchored estimates (daily distribution),511.9,558.9,0.24,4.53,61.61,83.1,76.8,95.6
2023-10-27,2023,10,27,300,Post-Monsoon,Dhaka,23.71,90.41,25.45,29.25,21.92,7.3,26.5,21.6,80.7,0.71,6.08,12.2,1011.6,18.1,6.3,61,Moderate rain,25.45,29.25,21.92,0.71,80.73,6.08,12.2,1011.6,NASA POWER MERRA-2 (primary) + ERA5-normals sim (solar/sunshine/weather-code),444,5,2753,3202,87572,457,0.5219,DENV-2 (dominant 70%),Critical,DGHS/WHO/PMC anchored estimates (daily distribution),519.6,569.7,0.0,8.67,43.8,85.3,73.1,91.5
2023-10-28,2023,10,28,301,Post-Monsoon,Dhaka,23.71,90.41,24.07,28.78,20.49,8.3,25.1,20.2,80.6,0.0,10.91,349.6,1012.0,17.2,6.7,2,Partly cloudy,24.07,28.78,20.49,0.0,80.59,10.91,349.6,1012.0,NASA POWER MERRA-2 (primary) + ERA5-normals sim (solar/sunshine/weather-code),278,2,2926,3206,87850,459,0.5225,DENV-2 (dominant 70%),Critical,DGHS/WHO/PMC anchored estimates (daily distribution),527.1,545.5,0.0,0.61,21.91,80.2,69.8,91.3
2023-10-29,2023,10,29,302,Post-Monsoon,Dhaka,23.71,90.41,23.62,28.69,18.63,10.1,24.5,19.0,77.0,0.0,8.24,338.7,1011.9,16.0,6.0,80,Rain showers,23.62,28.69,18.63,0.0,76.99,8.24,338.7,1011.9,NASA POWER MERRA-2 (primary) + ERA5-normals sim (solar/sunshine/weather-code),204,0,2645,2849,88054,459,0.5213,DENV-2 (dominant 70%),Critical,DGHS/WHO/PMC anchored estimates (daily distribution),526.3,503.1,1.02,0.21,4.47,73.2,73.1,88.6
2023-10-30,2023,10,30,303,Post-Monsoon,Dhaka,23.71,90.41,24.88,29.43,20.44,9.0,25.6,19.8,74.5,0.0,5.47,358.7,1012.4,18.5,6.1,2,Partly cloudy,24.88,29.43,20.44,0.0,74.52,5.47,358.7,1012.4,NASA POWER MERRA-2 (primary) + ERA5-normals sim (solar/sunshine/weather-code),196,1,1969,2166,88250,460,0.5212,DENV-2 (dominant 70%),High,DGHS/WHO/PMC anchored estimates (daily distribution),515.1,477.1,4.78,0.0,6.44,81.9,76.6,89.5
2023-10-31,2023,10,31,304,Post-Monsoon,Dhaka,23.71,90.41,25.4,29.61,20.42,9.2,26.2,20.8,76.8,0.0,5.76,1.4,1013.5,23.7,4.3,3,Overcast,25.4,29.61,20.42,0.0,76.76,5.76,1.4,1013.5,NASA POWER MERRA-2 (primary) + ERA5-normals sim (solar/sunshine/weather-code),420,1,1121,1542,88670,461,0.5199,DENV-2 (dominant 70%),Critical,DGHS/WHO/PMC anchored estimates (daily distribution),495.0,476.1,10.31,0.04,0.37,89.8,74.0,78.6
2023-11-01,2023,11,1,305,Post-Monsoon,Dhaka,23.71,90.41,25.12,30.17,20.53,9.6,26.2,21.2,80.6,0.0,8.24,351.1,1013.4,18.9,5.2,3,Overcast,25.12,30.17,20.53,0.0,80.63,8.24,351.1,1013.4,NASA POWER MERRA-2 (primary) + ERA5-normals sim (solar/sunshine/weather-code),499,1,1097,1597,89169,462,0.5181,DENV-2 (dominant 70%),Critical,DGHS/WHO/PMC anchored estimates (daily distribution),440.7,466.4,4.76,1.4,2.61,85.4,76.2,78.9
2023-11-02,2023,11,2,306,Post-Monsoon,Dhaka,23.71,90.41,25.29,29.82,20.85,9.0,26.4,21.9,83.1,0.0,7.7,345.1,1012.5,18.1,8.0,3,Overcast,25.29,29.82,20.85,0.0,83.13,7.7,345.1,1012.5,NASA POWER MERRA-2 (primary) + ERA5-normals sim (solar/sunshine/weather-code),388,1,1318,1707,89557,463,0.517,DENV-2 (dominant 70%),Critical,DGHS/WHO/PMC anchored estimates (daily distribution),347.0,429.4,2.27,0.24,4.53,79.3,83.1,76.8
2023-11-03,2023,11,3,307,Post-Monsoon,Dhaka,23.71,90.41,25.3,28.94,21.66,7.3,26.4,21.5,81.1,0.0,7.2,353.1,1010.9,18.3,8.3,2,Partly cloudy,25.3,28.94,21.66,0.0,81.09,7.2,353.1,1010.9,NASA POWER MERRA-2 (primary) + ERA5-normals sim (solar/sunshine/weather-code),328,4,1499,1831,89885,467,0.5196,DENV-2 (dominant 70%),Critical,DGHS/WHO/PMC anchored estimates (daily distribution),330.4,425.0,0.71,0.0,8.67,80.7,85.3,73.1
2023-11-04,2023,11,4,308,Post-Monsoon,Dhaka,23.71,90.41,25.62,29.5,21.36,8.1,26.4,20.6,75.1,0.0,5.54,7.0,1010.9,14.0,8.6,3,Overcast,25.62,29.5,21.36,0.0,75.06,5.54,7.0,1010.9,NASA POWER MERRA-2 (primary) + ERA5-normals sim (solar/sunshine/weather-code),261,1,1634,1896,90146,468,0.5192,DENV-2 (dominant 70%),Critical,DGHS/WHO/PMC anchored estimates (daily distribution),328.0,427.6,0.0,0.0,0.61,80.6,80.2,69.8
2023-11-05,2023,11,5,309,Post-Monsoon,Dhaka,23.71,90.41,24.73,28.48,21.42,7.1,25.7,20.8,80.2,0.44,8.32,25.3,1012.7,19.6,7.5,2,Partly cloudy,24.73,28.48,21.42,0.44,80.21,8.32,25.3,1012.7,NASA POWER MERRA-2 (primary) + ERA5-normals sim (solar/sunshine/weather-code),213,1,1475,1689,90359,469,0.519,DENV-2 (dominant 70%),Critical,DGHS/WHO/PMC anchored estimates (daily distribution),329.3,427.8,0.0,1.02,0.21,77.0,73.2,73.1
2023-11-06,2023,11,6,310,Post-Monsoon,Dhaka,23.71,90.41,23.09,27.96,19.32,8.6,24.2,19.5,81.9,0.0,10.48,333.8,1013.6,21.1,9.2,3,Overcast,23.09,27.96,19.32,0.0,81.89,10.48,333.8,1013.6,NASA POWER MERRA-2 (primary) + ERA5-normals sim (solar/sunshine/weather-code),724,4,1186,1914,91083,473,0.5193,DENV-2 (dominant 70%),Critical,DGHS/WHO/PMC anchored estimates (daily distribution),404.7,459.9,0.0,4.78,0.0,74.5,81.9,76.6
2023-11-07,2023,11,7,311,Post-Monsoon,Dhaka,23.71,90.41,22.7,27.31,18.42,8.9,23.8,19.0,81.5,0.0,8.78,326.7,1012.9,12.6,7.9,2,Partly cloudy,22.7,27.31,18.42,0.0,81.46,8.78,326.7,1012.9,NASA POWER MERRA-2 (primary) + ERA5-normals sim (solar/sunshine/weather-code),626,4,1522,2152,91709,477,0.5201,DENV-2 (dominant 70%),Critical,DGHS/WHO/PMC anchored estimates (daily distribution),434.1,464.6,0.0,10.31,0.04,76.8,89.8,74.0
2023-11-08,2023,11,8,312,Post-Monsoon,Dhaka,23.71,90.41,22.7,27.03,18.51,8.5,23.8,19.3,83.0,0.0,8.28,337.2,1012.2,12.9,7.4,51,Light drizzle,22.7,27.03,18.51,0.0,82.96,8.28,337.2,1012.2,NASA POWER MERRA-2 (primary) + ERA5-normals sim (solar/sunshine/weather-code),386,2,1822,2210,92095,479,0.5201,DENV-2 (dominant 70%),Critical,DGHS/WHO/PMC anchored estimates (daily distribution),418.0,429.4,0.0,4.76,1.4,80.6,85.4,76.2
2023-11-09,2023,11,9,313,Post-Monsoon,Dhaka,23.71,90.41,22.79,27.48,18.83,8.7,23.9,19.2,82.0,0.0,8.53,351.4,1012.8,20.1,10.5,3,Overcast,22.79,27.48,18.83,0.0,82.05,8.53,351.4,1012.8,NASA POWER MERRA-2 (primary) + ERA5-normals sim (solar/sunshine/weather-code),324,1,1948,2273,92419,480,0.5194,DENV-2 (dominant 70%),Critical,DGHS/WHO/PMC anchored estimates (daily distribution),408.9,377.9,0.0,2.27,0.24,83.1,79.3,83.1
2023-11-10,2023,11,10,314,Post-Monsoon,Dhaka,23.71,90.41,22.78,28.01,17.98,10.0,23.8,18.9,80.5,0.0,9.07,343.5,1013.7,14.9,6.3,2,Partly cloudy,22.78,28.01,17.98,0.0,80.47,9.07,343.5,1013.7,NASA POWER MERRA-2 (primary) + ERA5-normals sim (solar/sunshine/weather-code),406,5,2055,2466,92825,485,0.5225,DENV-2 (dominant 70%),Critical,DGHS/WHO/PMC anchored estimates (daily distribution),420.0,375.2,0.0,0.71,0.0,81.1,80.7,85.3
2023-11-11,2023,11,11,315,Post-Monsoon,Dhaka,23.71,90.41,22.84,28.22,17.71,10.5,23.9,19.0,80.7,0.0,8.46,340.0,1014.1,16.1,7.0,3,Overcast,22.84,28.22,17.71,0.0,80.69,8.46,340.0,1014.1,NASA POWER MERRA-2 (primary) + ERA5-normals sim (solar/sunshine/weather-code),210,0,1742,1952,93035,485,0.5213,DENV-2 (dominant 70%),Critical,DGHS/WHO/PMC anchored estimates (daily distribution),412.7,370.4,0.0,0.0,0.0,75.1,80.6,80.2
2023-11-12,2023,11,12,316,Post-Monsoon,Dhaka,23.71,90.41,23.03,28.28,18.89,9.4,24.0,19.0,79.9,0.0,7.7,1.7,1014.4,22.0,4.9,3,Overcast,23.03,28.28,18.89,0.0,79.88,7.7,1.7,1014.4,NASA POWER MERRA-2 (primary) + ERA5-normals sim (solar/sunshine/weather-code),253,2,1324,1579,93288,487,0.522,DENV-2 (dominant 70%),Critical,DGHS/WHO/PMC anchored estimates (daily distribution),418.4,373.9,0.44,0.0,1.02,80.2,77.0,73.2
2023-11-13,2023,11,13,317,Post-Monsoon,Dhaka,23.71,90.41,23.06,28.11,17.71,10.4,24.0,19.0,79.6,0.0,7.2,346.9,1014.6,14.7,6.9,3,Overcast,23.06,28.11,17.71,0.0,79.64,7.2,346.9,1014.6,NASA POWER MERRA-2 (primary) + ERA5-normals sim (solar/sunshine/weather-code),440,3,1190,1633,93728,490,0.5228,DENV-2 (dominant 70%),Critical,DGHS/WHO/PMC anchored estimates (daily distribution),377.9,391.3,0.0,0.0,4.78,81.9,74.5,81.9
2023-11-14,2023,11,14,318,Post-Monsoon,Dhaka,23.71,90.41,23.52,28.16,18.12,10.0,24.3,18.6,75.2,0.0,5.44,352.7,1013.9,21.2,9.6,51,Light drizzle,23.52,28.16,18.12,0.0,75.2,5.44,352.7,1013.9,NASA POWER MERRA-2 (primary) + ERA5-normals sim (solar/sunshine/weather-code),465,1,1308,1774,94193,491,0.5213,DENV-2 (dominant 70%),Critical,DGHS/WHO/PMC anchored estimates (daily distribution),354.9,394.5,0.0,0.0,10.31,81.5,76.8,89.8
2023-11-15,2023,11,15,319,Post-Monsoon,Dhaka,23.71,90.41,23.73,28.45,18.67,9.8,24.4,18.4,73.6,0.0,5.9,1.2,1014.3,14.8,5.2,3,Overcast,23.73,28.45,18.67,0.0,73.64,5.9,1.2,1014.3,NASA POWER MERRA-2 (primary) + ERA5-normals sim (solar/sunshine/weather-code),267,1,1367,1635,94460,492,0.5209,DENV-2 (dominant 70%),Critical,DGHS/WHO/PMC anchored estimates (daily distribution),337.9,377.9,0.0,0.0,4.76,83.0,80.6,85.4
2023-11-16,2023,11,16,320,Post-Monsoon,Dhaka,23.71,90.41,23.74,27.3,20.87,6.4,25.0,20.9,85.9,34.68,8.46,61.3,1015.2,20.2,8.9,3,Overcast,23.74,27.3,20.87,34.68,85.94,8.46,61.3,1015.2,NASA POWER MERRA-2 (primary) + ERA5-normals sim (solar/sunshine/weather-code),206,1,1424,1631,94666,493,0.5208,DENV-2 (dominant 70%),Critical,DGHS/WHO/PMC anchored estimates (daily distribution),321.0,364.9,0.0,0.0,2.27,82.0,83.1,79.3
2023-11-17,2023,11,17,321,Post-Monsoon,Dhaka,23.71,90.41,22.97,25.53,21.06,4.5,24.6,21.7,93.5,100.82,18.14,51.4,1013.1,21.4,7.2,3,Overcast,22.97,25.53,21.06,100.82,93.5,18.14,51.4,1013.1,NASA POWER MERRA-2 (primary) + ERA5-normals sim (solar/sunshine/weather-code),93,1,1377,1471,94759,494,0.5213,DENV-2 (dominant 70%),High,DGHS/WHO/PMC anchored estimates (daily distribution),276.3,348.1,0.0,0.0,0.71,80.5,81.1,80.7
2023-11-18,2023,11,18,322,Post-Monsoon,Dhaka,23.71,90.41,22.73,26.38,19.65,6.7,24.1,20.3,87.8,14.07,10.58,344.9,1013.1,17.4,5.5,51,Light drizzle,22.73,26.38,19.65,14.07,87.84,10.58,344.9,1013.1,NASA POWER MERRA-2 (primary) + ERA5-normals sim (solar/sunshine/weather-code),387,2,1029,1418,95146,496,0.5213,DENV-2 (dominant 70%),Critical,DGHS/WHO/PMC anchored estimates (daily distribution),301.6,357.1,0.0,0.0,0.0,80.7,75.1,80.6
2023-11-19,2023,11,19,323,Post-Monsoon,Dhaka,23.71,90.41,23.64,27.85,19.66,8.2,24.9,20.5,84.3,1.31,6.34,6.8,1014.4,19.6,8.2,2,Partly cloudy,23.64,27.85,19.66,1.31,84.26,6.34,6.8,1014.4,NASA POWER MERRA-2 (primary) + ERA5-normals sim (solar/sunshine/weather-code),834,5,948,1787,95980,501,0.522,DENV-2 (dominant 70%),Critical,DGHS/WHO/PMC anchored estimates (daily distribution),384.6,401.5,0.0,0.44,0.0,79.9,80.2,77.0
2023-11-20,2023,11,20,324,Post-Monsoon,Dhaka,23.71,90.41,23.59,27.98,19.63,8.4,24.8,20.4,84.3,0.01,6.66,344.9,1014.3,23.0,7.3,3,Overcast,23.59,27.98,19.63,0.01,84.26,6.66,344.9,1014.3,NASA POWER MERRA-2 (primary) + ERA5-normals sim (solar/sunshine/weather-code),462,1,1519,1982,96442,502,0.5205,DENV-2 (dominant 70%),Critical,DGHS/WHO/PMC anchored estimates (daily distribution),387.7,382.8,0.0,0.0,0.0,79.6,81.9,74.5
2023-11-21,2023,11,21,325,Post-Monsoon,Dhaka,23.71,90.41,23.52,27.29,19.91,7.4,24.5,19.6,80.3,0.03,6.84,327.5,1012.9,15.5,7.5,3,Overcast,23.52,27.29,19.91,0.03,80.27,6.84,327.5,1012.9,NASA POWER MERRA-2 (primary) + ERA5-normals sim (solar/sunshine/weather-code),635,3,1773,2411,97077,505,0.5202,DENV-2 (dominant 70%),Critical,DGHS/WHO/PMC anchored estimates (daily distribution),412.0,383.4,0.0,0.0,0.0,75.2,81.5,76.8
2023-11-22,2023,11,22,326,Post-Monsoon,Dhaka,23.71,90.41,21.93,26.58,18.43,8.1,23.1,18.7,83.7,0.06,8.82,339.3,1012.5,17.5,7.7,3,Overcast,21.93,26.58,18.43,0.06,83.74,8.82,339.3,1012.5,NASA POWER MERRA-2 (primary) + ERA5-normals sim (solar/sunshine/weather-code),1028,10,2308,3346,98105,515,0.5249,DENV-2 (dominant 70%),Critical,DGHS/WHO/PMC anchored estimates (daily distribution),520.7,429.3,0.0,0.0,0.0,73.6,83.0,80.6
2023-11-23,2023,11,23,327,Post-Monsoon,Dhaka,23.71,90.41,20.81,25.96,16.11,9.9,21.8,17.0,80.8,0.0,8.75,340.7,1012.1,19.2,8.7,2,Partly cloudy,20.81,25.96,16.11,0.0,80.78,8.75,340.7,1012.1,NASA POWER MERRA-2 (primary) + ERA5-normals sim (solar/sunshine/weather-code),529,4,2955,3488,98634,519,0.5262,DENV-2 (dominant 70%),Critical,DGHS/WHO/PMC anchored estimates (daily distribution),566.9,443.9,34.68,0.0,0.0,85.9,82.0,83.1
2023-11-24,2023,11,24,328,Post-Monsoon,Dhaka,23.71,90.41,21.84,26.46,17.07,9.4,22.6,17.0,75.6,0.0,5.04,334.3,1013.2,17.1,8.5,2,Partly cloudy,21.84,26.46,17.07,0.0,75.57,5.04,334.3,1013.2,NASA POWER MERRA-2 (primary) + ERA5-normals sim (solar/sunshine/weather-code),381,2,2652,3035,99015,521,0.5262,DENV-2 (dominant 70%),Critical,DGHS/WHO/PMC anchored estimates (daily distribution),608.0,442.1,100.82,0.0,0.0,93.5,80.5,81.1
2023-11-25,2023,11,25,329,Post-Monsoon,Dhaka,23.71,90.41,21.93,26.95,17.11,9.8,22.7,16.9,74.7,0.0,6.44,12.7,1014.6,18.9,7.6,2,Partly cloudy,21.93,26.95,17.11,0.0,74.71,6.44,12.7,1014.6,NASA POWER MERRA-2 (primary) + ERA5-normals sim (solar/sunshine/weather-code),387,2,2571,2960,99402,523,0.5261,DENV-2 (dominant 70%),Critical,DGHS/WHO/PMC anchored estimates (daily distribution),608.0,454.8,14.07,0.0,0.0,87.8,80.7,75.1
2023-11-26,2023,11,26,330,Post-Monsoon,Dhaka,23.71,90.41,22.02,26.62,16.95,9.7,22.8,17.2,75.7,0.0,4.68,34.2,1015.3,17.1,8.6,3,Overcast,22.02,26.62,16.95,0.0,75.72,4.68,34.2,1015.3,NASA POWER MERRA-2 (primary) + ERA5-normals sim (solar/sunshine/weather-code),370,2,2323,2695,99772,525,0.5262,DENV-2 (dominant 70%),Critical,DGHS/WHO/PMC anchored estimates (daily distribution),541.7,463.1,1.31,0.0,0.44,84.3,79.9,80.2
2023-11-27,2023,11,27,331,Post-Monsoon,Dhaka,23.71,90.41,22.94,28.36,17.4,11.0,23.9,18.7,78.7,0.0,5.26,44.9,1014.2,20.7,7.9,3,Overcast,22.94,28.36,17.4,0.0,78.7,5.26,44.9,1014.2,NASA POWER MERRA-2 (primary) + ERA5-normals sim (solar/sunshine/weather-code),420,1,1666,2087,100192,526,0.525,DENV-2 (dominant 70%),Critical,DGHS/WHO/PMC anchored estimates (daily distribution),535.7,461.7,0.01,0.0,0.0,84.3,79.6,81.9
2023-11-28,2023,11,28,332,Post-Monsoon,Dhaka,23.71,90.41,24.35,28.97,19.65,9.3,24.9,18.7,71.6,0.0,1.98,40.1,1012.6,15.1,6.8,3,Overcast,24.35,28.97,19.65,0.0,71.57,1.98,40.1,1012.6,NASA POWER MERRA-2 (primary) + ERA5-normals sim (solar/sunshine/weather-code),296,1,1557,1854,100488,527,0.5244,DENV-2 (dominant 70%),Critical,DGHS/WHO/PMC anchored estimates (daily distribution),487.3,449.6,0.03,0.0,0.0,80.3,75.2,81.5
2023-11-29,2023,11,29,333,Post-Monsoon,Dhaka,23.71,90.41,23.06,27.14,18.69,8.4,23.8,17.9,74.2,0.0,3.35,109.6,1013.5,20.1,7.5,61,Moderate rain,23.06,27.14,18.69,0.0,74.18,3.35,109.6,1013.5,NASA POWER MERRA-2 (primary) + ERA5-normals sim (solar/sunshine/weather-code),436,2,1471,1909,100924,529,0.5242,DENV-2 (dominant 70%),Critical,DGHS/WHO/PMC anchored estimates (daily distribution),402.7,461.7,0.06,0.0,0.0,83.7,73.6,83.0
2023-11-30,2023,11,30,334,Post-Monsoon,Dhaka,23.71,90.41,22.37,27.13,17.51,9.6,23.5,18.8,82.1,0.0,7.13,22.6,1014.3,21.7,7.0,3,Overcast,22.37,27.13,17.51,0.0,82.08,7.13,22.6,1014.3,NASA POWER MERRA-2 (primary) + ERA5-normals sim (solar/sunshine/weather-code),305,1,1521,1827,101229,530,0.5236,DENV-2 (dominant 70%),Critical,DGHS/WHO/PMC anchored estimates (daily distribution),370.7,468.8,0.0,34.68,0.0,80.8,85.9,82.0
2023-12-01,2023,12,1,335,Dry Winter,Dhaka,23.71,90.41,22.17,27.45,17.33,10.1,23.2,18.1,79.8,0.0,6.98,355.4,1013.6,18.5,7.3,0,Clear sky,22.17,27.45,17.33,0.0,79.79,6.98,355.4,1013.6,NASA POWER MERRA-2 (primary) + ERA5-normals sim (solar/sunshine/weather-code),267,2,1455,1724,101496,532,0.5242,DENV-2 (dominant 70%),Critical,DGHS/WHO/PMC anchored estimates (daily distribution),354.4,481.2,0.0,100.82,0.0,75.6,93.5,80.5
2023-12-02,2023,12,2,336,Dry Winter,Dhaka,23.71,90.41,22.35,27.27,17.43,9.8,23.3,18.1,78.8,0.0,6.8,343.3,1013.7,16.4,8.0,1,Mainly clear,22.35,27.27,17.43,0.0,78.84,6.8,343.3,1013.7,NASA POWER MERRA-2 (primary) + ERA5-normals sim (solar/sunshine/weather-code),219,0,1304,1523,101715,532,0.523,DENV-2 (dominant 70%),Critical,DGHS/WHO/PMC anchored estimates (daily distribution),330.4,469.2,0.0,14.07,0.0,74.7,87.8,80.7
2023-12-03,2023,12,3,337,Dry Winter,Dhaka,23.71,90.41,22.56,27.7,17.77,9.9,23.7,19.1,82.5,0.0,7.7,2.8,1014.0,20.3,6.4,1,Mainly clear,22.56,27.7,17.77,0.0,82.46,7.7,2.8,1014.0,NASA POWER MERRA-2 (primary) + ERA5-normals sim (solar/sunshine/weather-code),83,0,1227,1310,101798,532,0.5226,DENV-2 (dominant 70%),High,DGHS/WHO/PMC anchored estimates (daily distribution),289.4,415.6,0.0,1.31,0.0,75.7,84.3,79.9
2023-12-04,2023,12,4,338,Dry Winter,Dhaka,23.71,90.41,22.5,27.45,17.69,9.8,23.6,19.0,82.7,0.0,8.14,353.5,1013.0,19.0,5.4,0,Clear sky,22.5,27.45,17.69,0.0,82.66,8.14,353.5,1013.0,NASA POWER MERRA-2 (primary) + ERA5-normals sim (solar/sunshine/weather-code),348,1,873,1222,102146,533,0.5218,DENV-2 (dominant 70%),Critical,DGHS/WHO/PMC anchored estimates (daily distribution),279.1,407.4,0.0,0.01,0.0,78.7,84.3,79.6
2023-12-05,2023,12,5,339,Dry Winter,Dhaka,23.71,90.41,22.13,24.98,19.15,5.8,23.2,18.3,80.8,0.1,4.82,17.4,1013.0,24.9,9.0,0,Clear sky,22.13,24.98,19.15,0.1,80.85,4.82,17.4,1013.0,NASA POWER MERRA-2 (primary) + ERA5-normals sim (solar/sunshine/weather-code),202,1,916,1119,102348,534,0.5217,DENV-2 (dominant 70%),Critical,DGHS/WHO/PMC anchored estimates (daily distribution),265.7,376.5,0.0,0.03,0.0,71.6,80.3,75.2
2023-12-06,2023,12,6,340,Dry Winter,Dhaka,23.71,90.41,21.57,24.09,19.05,5.0,22.9,18.8,86.2,2.85,8.96,3.6,1014.1,17.6,6.8,0,Clear sky,21.57,24.09,19.05,2.85,86.17,8.96,3.6,1014.1,NASA POWER MERRA-2 (primary) + ERA5-normals sim (solar/sunshine/weather-code),413,2,850,1265,102761,536,0.5216,DENV-2 (dominant 70%),Critical,DGHS/WHO/PMC anchored estimates (daily distribution),262.4,332.6,0.0,0.06,0.0,74.2,83.7,73.6
2023-12-07,2023,12,7,341,Dry Winter,Dhaka,23.71,90.41,20.86,22.89,19.33,3.6,22.5,19.6,93.5,15.14,12.46,19.4,1013.1,16.3,7.8,1,Mainly clear,20.86,22.89,19.33,15.14,93.5,12.46,19.4,1013.1,NASA POWER MERRA-2 (primary) + ERA5-normals sim (solar/sunshine/weather-code),433,2,1044,1479,103194,538,0.5213,DENV-2 (dominant 70%),Critical,DGHS/WHO/PMC anchored estimates (daily distribution),280.7,325.7,0.0,0.0,34.68,82.1,80.8,85.9
2023-12-08,2023,12,8,342,Dry Winter,Dhaka,23.71,90.41,21.07,24.73,18.61,6.1,22.7,19.4,91.8,33.73,9.58,312.3,1010.9,14.2,5.1,0,Clear sky,21.07,24.73,18.61,33.73,91.8,9.58,312.3,1010.9,NASA POWER MERRA-2 (primary) + ERA5-normals sim (solar/sunshine/weather-code),314,0,1396,1710,103508,538,0.5198,DENV-2 (dominant 70%),Critical,DGHS/WHO/PMC anchored estimates (daily distribution),287.4,320.9,0.0,0.0,100.82,79.8,75.6,93.5
2023-12-09,2023,12,9,343,Dry Winter,Dhaka,23.71,90.41,20.16,24.5,17.06,7.4,21.6,18.0,89.0,4.54,11.74,320.0,1012.8,17.3,5.3,1,Mainly clear,20.16,24.5,17.06,4.54,88.95,11.74,320.0,1012.8,NASA POWER MERRA-2 (primary) + ERA5-normals sim (solar/sunshine/weather-code),305,1,1361,1667,103813,539,0.5192,DENV-2 (dominant 70%),Critical,DGHS/WHO/PMC anchored estimates (daily distribution),299.7,315.1,0.0,0.0,14.07,78.8,74.7,87.8
2023-12-10,2023,12,10,344,Dry Winter,Dhaka,23.71,90.41,18.59,23.45,14.4,9.0,19.7,15.0,82.2,0.0,8.68,338.1,1012.6,15.6,6.0,0,Clear sky,18.59,23.45,14.4,0.0,82.15,8.68,338.1,1012.6,NASA POWER MERRA-2 (primary) + ERA5-normals sim (solar/sunshine/weather-code),272,2,1463,1737,104085,541,0.5198,DENV-2 (dominant 70%),Critical,DGHS/WHO/PMC anchored estimates (daily distribution),326.7,308.1,0.0,0.0,1.31,82.5,75.7,84.3
2023-12-11,2023,12,11,345,Dry Winter,Dhaka,23.71,90.41,18.07,23.25,13.58,9.7,19.3,14.8,83.8,0.0,9.58,336.2,1013.4,12.6,8.2,0,Clear sky,18.07,23.25,13.58,0.0,83.83,9.58,336.2,1013.4,NASA POWER MERRA-2 (primary) + ERA5-normals sim (solar/sunshine/weather-code),223,1,1323,1547,104308,542,0.5196,DENV-2 (dominant 70%),Critical,DGHS/WHO/PMC anchored estimates (daily distribution),308.9,294.0,0.0,0.0,0.01,82.7,78.7,84.3
2023-12-12,2023,12,12,346,Dry Winter,Dhaka,23.71,90.41,18.71,24.1,13.53,10.6,19.8,15.2,82.3,0.03,6.66,317.2,1012.4,14.8,6.4,1,Mainly clear,18.71,24.1,13.53,0.03,82.26,6.66,317.2,1012.4,NASA POWER MERRA-2 (primary) + ERA5-normals sim (solar/sunshine/weather-code),189,0,1114,1303,104497,542,0.5187,DENV-2 (dominant 70%),High,DGHS/WHO/PMC anchored estimates (daily distribution),307.0,286.4,0.1,0.0,0.03,80.8,71.6,80.3
2023-12-13,2023,12,13,347,Dry Winter,Dhaka,23.71,90.41,18.36,23.69,14.34,9.4,19.3,14.3,79.5,0.0,8.17,304.9,1013.7,17.8,6.5,1,Mainly clear,18.36,23.69,14.34,0.0,79.46,8.17,304.9,1013.7,NASA POWER MERRA-2 (primary) + ERA5-normals sim (solar/sunshine/weather-code),266,0,989,1255,104763,542,0.5174,DENV-2 (dominant 70%),Critical,DGHS/WHO/PMC anchored estimates (daily distribution),286.0,274.2,2.85,0.0,0.06,86.2,74.2,83.7
2023-12-14,2023,12,14,348,Dry Winter,Dhaka,23.71,90.41,17.25,22.1,13.13,9.0,17.7,11.1,69.1,0.0,6.77,347.4,1015.7,16.6,7.2,1,Mainly clear,17.25,22.1,13.13,0.0,69.06,6.77,347.4,1015.7,NASA POWER MERRA-2 (primary) + ERA5-normals sim (solar/sunshine/weather-code),219,1,949,1169,104982,543,0.5172,DENV-2 (dominant 70%),Critical,DGHS/WHO/PMC anchored estimates (daily distribution),255.4,268.1,15.14,0.0,0.0,93.5,82.1,80.8
2023-12-15,2023,12,15,349,Dry Winter,Dhaka,23.71,90.41,16.4,22.42,11.5,10.9,17.3,11.9,77.7,0.0,9.07,341.6,1015.9,13.8,8.5,0,Clear sky,16.4,22.42,11.5,0.0,77.68,9.07,341.6,1015.9,NASA POWER MERRA-2 (primary) + ERA5-normals sim (solar/sunshine/weather-code),166,0,897,1063,105148,543,0.5164,DENV-2 (dominant 70%),High,DGHS/WHO/PMC anchored estimates (daily distribution),234.3,260.9,33.73,0.0,0.0,91.8,79.8,75.6
2023-12-16,2023,12,16,350,Dry Winter,Dhaka,23.71,90.41,17.05,22.76,11.44,11.3,18.1,13.4,81.9,0.0,8.53,328.9,1014.5,23.6,8.9,0,Clear sky,17.05,22.76,11.44,0.0,81.92,8.53,328.9,1014.5,NASA POWER MERRA-2 (primary) + ERA5-normals sim (solar/sunshine/weather-code),117,2,838,957,105265,545,0.5177,DENV-2 (dominant 70%),High,DGHS/WHO/PMC anchored estimates (daily distribution),207.4,253.6,4.54,0.0,0.0,89.0,78.8,74.7
2023-12-17,2023,12,17,351,Dry Winter,Dhaka,23.71,90.41,17.76,23.57,12.74,10.8,18.7,13.6,79.2,0.0,6.55,340.9,1014.8,17.5,5.7,0,Clear sky,17.76,23.57,12.74,0.0,79.17,6.55,340.9,1014.8,NASA POWER MERRA-2 (primary) + ERA5-normals sim (solar/sunshine/weather-code),179,2,766,947,105444,547,0.5188,DENV-2 (dominant 70%),High,DGHS/WHO/PMC anchored estimates (daily distribution),194.1,260.4,0.0,0.0,0.0,82.2,82.5,75.7
2023-12-18,2023,12,18,352,Dry Winter,Dhaka,23.71,90.41,17.6,23.18,12.25,10.9,18.7,14.1,82.4,0.0,7.13,335.1,1015.6,11.4,6.2,0,Clear sky,17.6,23.18,12.25,0.0,82.42,7.13,335.1,1015.6,NASA POWER MERRA-2 (primary) + ERA5-normals sim (solar/sunshine/weather-code),145,1,680,826,105589,548,0.519,DENV-2 (dominant 70%),High,DGHS/WHO/PMC anchored estimates (daily distribution),183.0,245.9,0.0,0.0,0.0,83.8,82.7,78.7
2023-12-19,2023,12,19,353,Dry Winter,Dhaka,23.71,90.41,17.76,23.36,12.89,10.5,19.0,14.8,85.2,0.0,9.4,337.2,1016.2,17.1,5.6,0,Clear sky,17.76,23.36,12.89,0.0,85.2,9.4,337.2,1016.2,NASA POWER MERRA-2 (primary) + ERA5-normals sim (solar/sunshine/weather-code),291,2,605,898,105880,550,0.5195,DENV-2 (dominant 70%),Critical,DGHS/WHO/PMC anchored estimates (daily distribution),197.6,252.3,0.03,0.1,0.0,82.3,80.8,71.6
2023-12-20,2023,12,20,354,Dry Winter,Dhaka,23.71,90.41,18.36,23.94,13.08,10.9,19.4,14.6,81.2,0.0,6.52,354.4,1015.5,21.1,6.8,1,Mainly clear,18.36,23.94,13.08,0.0,81.19,6.52,354.4,1015.5,NASA POWER MERRA-2 (primary) + ERA5-normals sim (solar/sunshine/weather-code),366,0,732,1098,106246,550,0.5177,DENV-2 (dominant 70%),Critical,DGHS/WHO/PMC anchored estimates (daily distribution),211.9,248.9,0.0,2.85,0.0,79.5,86.2,74.2
2023-12-21,2023,12,21,355,Dry Winter,Dhaka,23.71,90.41,19.24,24.19,14.6,9.6,20.0,14.3,75.4,0.0,3.71,27.3,1014.6,16.9,7.0,1,Mainly clear,19.24,24.19,14.6,0.0,75.42,3.71,27.3,1014.6,NASA POWER MERRA-2 (primary) + ERA5-normals sim (solar/sunshine/weather-code),325,0,981,1306,106571,550,0.5161,DENV-2 (dominant 70%),Critical,DGHS/WHO/PMC anchored estimates (daily distribution),227.0,241.2,0.0,15.14,0.0,69.1,93.5,82.1
2023-12-22,2023,12,22,356,Dry Winter,Dhaka,23.71,90.41,19.77,24.37,15.67,8.7,20.7,15.5,78.7,0.0,3.82,87.6,1015.0,18.4,7.2,0,Clear sky,19.77,24.37,15.67,0.0,78.67,3.82,87.6,1015.0,NASA POWER MERRA-2 (primary) + ERA5-normals sim (solar/sunshine/weather-code),341,0,1127,1468,106912,550,0.5144,DENV-2 (dominant 70%),Critical,DGHS/WHO/PMC anchored estimates (daily distribution),252.0,243.1,0.0,33.73,0.0,77.7,91.8,79.8
2023-12-23,2023,12,23,357,Dry Winter,Dhaka,23.71,90.41,20.01,23.92,15.83,8.1,20.8,15.2,76.0,0.0,4.57,127.7,1016.7,12.3,6.3,0,Clear sky,20.01,23.92,15.83,0.0,75.96,4.57,127.7,1016.7,NASA POWER MERRA-2 (primary) + ERA5-normals sim (solar/sunshine/weather-code),316,4,1319,1639,107228,554,0.5167,DENV-2 (dominant 70%),Critical,DGHS/WHO/PMC anchored estimates (daily distribution),280.4,243.9,0.0,4.54,0.0,81.9,89.0,78.8
2023-12-24,2023,12,24,358,Dry Winter,Dhaka,23.71,90.41,20.49,25.05,16.85,8.2,21.2,15.3,74.0,0.01,3.49,260.6,1017.6,19.8,6.7,1,Mainly clear,20.49,25.05,16.85,0.01,73.99,3.49,260.6,1017.6,NASA POWER MERRA-2 (primary) + ERA5-normals sim (solar/sunshine/weather-code),297,0,1348,1645,107525,554,0.5152,DENV-2 (dominant 70%),Critical,DGHS/WHO/PMC anchored estimates (daily distribution),297.3,245.7,0.0,0.0,0.0,79.2,82.2,82.5
2023-12-25,2023,12,25,359,Dry Winter,Dhaka,23.71,90.41,20.2,24.81,15.9,8.9,21.0,15.4,76.2,0.01,4.86,4.3,1016.4,17.0,6.2,0,Clear sky,20.2,24.81,15.9,0.01,76.2,4.86,4.3,1016.4,NASA POWER MERRA-2 (primary) + ERA5-normals sim (solar/sunshine/weather-code),355,1,1278,1634,107880,555,0.5145,DENV-2 (dominant 70%),Critical,DGHS/WHO/PMC anchored estimates (daily distribution),327.3,255.1,0.0,0.0,0.0,82.4,83.8,82.7
2023-12-26,2023,12,26,360,Dry Winter,Dhaka,23.71,90.41,19.82,24.74,14.98,9.8,20.7,15.4,77.9,0.0,6.08,21.4,1016.8,14.5,7.7,0,Clear sky,19.82,24.74,14.98,0.0,77.87,6.08,21.4,1016.8,NASA POWER MERRA-2 (primary) + ERA5-normals sim (solar/sunshine/weather-code),299,2,1307,1608,108179,557,0.5149,DENV-2 (dominant 70%),Critical,DGHS/WHO/PMC anchored estimates (daily distribution),328.4,263.0,0.0,0.03,0.1,85.2,82.3,80.8
2023-12-27,2023,12,27,361,Dry Winter,Dhaka,23.71,90.41,20.17,25.39,15.97,9.4,21.0,15.4,76.1,0.0,4.36,352.2,1017.2,18.0,6.8,0,Clear sky,20.17,25.39,15.97,0.0,76.07,4.36,352.2,1017.2,NASA POWER MERRA-2 (primary) + ERA5-normals sim (solar/sunshine/weather-code),390,0,1267,1657,108569,557,0.513,DENV-2 (dominant 70%),Critical,DGHS/WHO/PMC anchored estimates (daily distribution),331.9,271.9,0.0,0.0,2.85,81.2,79.5,86.2
2023-12-28,2023,12,28,362,Dry Winter,Dhaka,23.71,90.41,19.9,24.98,15.51,9.5,20.8,15.5,78.0,0.0,5.51,345.8,1016.1,12.7,7.4,0,Clear sky,19.9,24.98,15.51,0.0,78.02,5.51,345.8,1016.1,NASA POWER MERRA-2 (primary) + ERA5-normals sim (solar/sunshine/weather-code),255,0,1341,1596,108824,557,0.5118,DENV-2 (dominant 70%),Critical,DGHS/WHO/PMC anchored estimates (daily distribution),321.9,274.4,0.0,0.0,15.14,75.4,69.1,93.5
2023-12-29,2023,12,29,363,Dry Winter,Dhaka,23.71,90.41,19.87,24.97,15.18,9.8,20.7,15.3,77.3,0.01,6.08,359.8,1015.9,9.8,8.9,0,Clear sky,19.87,24.97,15.18,0.01,77.32,6.08,359.8,1015.9,NASA POWER MERRA-2 (primary) + ERA5-normals sim (solar/sunshine/weather-code),154,0,1299,1453,108978,557,0.5111,DENV-2 (dominant 70%),High,DGHS/WHO/PMC anchored estimates (daily distribution),295.1,273.6,0.0,0.0,33.73,78.7,77.7,91.8
2023-12-30,2023,12,30,364,Dry Winter,Dhaka,23.71,90.41,20.14,25.14,16.05,9.1,21.0,15.4,76.2,0.07,5.76,341.5,1014.9,16.5,9.6,0,Clear sky,20.14,25.14,16.05,0.07,76.22,5.76,341.5,1014.9,NASA POWER MERRA-2 (primary) + ERA5-normals sim (solar/sunshine/weather-code),111,2,1096,1209,109089,559,0.5124,DENV-2 (dominant 70%),High,DGHS/WHO/PMC anchored estimates (daily distribution),265.9,273.1,0.0,0.0,4.54,76.0,81.9,89.0
2023-12-31,2023,12,31,365,Dry Winter,Dhaka,23.71,90.41,18.42,24.29,13.62,10.7,19.6,15.3,84.2,0.0,9.97,334.5,1015.1,19.9,7.4,0,Clear sky,18.42,24.29,13.62,0.0,84.21,9.97,334.5,1015.1,NASA POWER MERRA-2 (primary) + ERA5-normals sim (solar/sunshine/weather-code),110,0,910,1020,109199,559,0.5119,DENV-2 (dominant 70%),High,DGHS/WHO/PMC anchored estimates (daily distribution),239.1,268.2,0.01,0.0,0.0,74.0,79.2,82.2
2024-01-01,2024,1,1,1,Dry Winter,Dhaka,23.71,90.41,17.86,23.65,12.93,10.7,19.1,14.7,84.3,0.0,9.43,331.0,1015.1,22.3,5.0,0,Clear sky,17.86,23.65,12.93,0.0,84.34,9.43,331.0,1015.1,NASA POWER MERRA-2 (primary) + ERA5-normals sim (solar/sunshine/weather-code),2,0,630,632,2,0,0.0,DENV-2 (70%)/DENV-3,Watch,DGHS/WHO/PMC anchored estimates (daily distribution),188.7,258.0,0.01,0.0,0.0,76.2,82.4,83.8
2024-01-02,2024,1,2,2,Dry Winter,Dhaka,23.71,90.41,16.85,22.66,12.32,10.3,18.1,14.0,85.9,0.54,10.19,335.8,1015.0,15.5,5.4,0,Clear sky,16.85,22.66,12.32,0.54,85.89,10.19,335.8,1015.0,NASA POWER MERRA-2 (primary) + ERA5-normals sim (solar/sunshine/weather-code),16,0,377,393,18,0,0.0,DENV-2 (70%)/DENV-3,Watch,DGHS/WHO/PMC anchored estimates (daily distribution),148.3,238.4,0.0,0.0,0.03,77.9,85.2,82.3
2024-01-03,2024,1,3,3,Dry Winter,Dhaka,23.71,90.41,16.89,23.36,11.08,12.3,18.0,13.2,81.7,0.0,8.5,337.5,1014.8,15.8,8.6,1,Mainly clear,16.89,23.36,11.08,0.0,81.72,8.5,337.5,1014.8,NASA POWER MERRA-2 (primary) + ERA5-normals sim (solar/sunshine/weather-code),28,1,238,267,46,1,2.1739,DENV-2 (70%)/DENV-3,Moderate,DGHS/WHO/PMC anchored estimates (daily distribution),96.6,214.2,0.0,0.0,0.0,76.1,81.2,79.5
2024-01-04,2024,1,4,4,Dry Winter,Dhaka,23.71,90.41,16.94,22.71,11.33,11.4,18.1,13.6,83.2,0.0,8.96,341.4,1015.0,15.3,8.1,0,Clear sky,16.94,22.71,11.33,0.0,83.2,8.96,341.4,1015.0,NASA POWER MERRA-2 (primary) + ERA5-normals sim (solar/sunshine/weather-code),38,0,156,194,84,1,1.1905,DENV-2 (70%)/DENV-3,Moderate,DGHS/WHO/PMC anchored estimates (daily distribution),65.6,193.7,0.0,0.0,0.0,78.0,75.4,69.1
2024-01-05,2024,1,5,5,Dry Winter,Dhaka,23.71,90.41,16.96,22.89,11.57,11.3,18.1,13.4,82.4,0.0,9.54,355.0,1015.5,12.0,8.6,0,Clear sky,16.96,22.89,11.57,0.0,82.44,9.54,355.0,1015.5,NASA POWER MERRA-2 (primary) + ERA5-normals sim (solar/sunshine/weather-code),17,0,84,101,101,1,0.9901,DENV-2 (70%)/DENV-3,Watch,DGHS/WHO/PMC anchored estimates (daily distribution),46.0,170.6,0.01,0.0,0.0,77.3,78.7,77.7
2024-01-06,2024,1,6,6,Dry Winter,Dhaka,23.71,90.41,17.66,23.96,12.16,11.8,18.7,13.9,81.0,0.0,9.04,337.9,1016.0,20.1,7.9,61,Moderate rain,17.66,23.96,12.16,0.0,80.99,9.04,337.9,1016.0,NASA POWER MERRA-2 (primary) + ERA5-normals sim (solar/sunshine/weather-code),12,0,99,111,113,1,0.885,DENV-2 (70%)/DENV-3,Watch,DGHS/WHO/PMC anchored estimates (daily distribution),31.9,148.9,0.07,0.0,0.0,76.2,76.0,81.9
2024-01-07,2024,1,7,7,Dry Winter,Dhaka,23.71,90.41,17.89,23.92,13.05,10.9,19.0,14.4,82.6,0.0,10.73,340.1,1016.3,18.9,7.0,0,Clear sky,17.89,23.92,13.05,0.0,82.62,10.73,340.1,1016.3,NASA POWER MERRA-2 (primary) + ERA5-normals sim (solar/sunshine/weather-code),25,0,95,120,138,1,0.7246,DENV-2 (70%)/DENV-3,Moderate,DGHS/WHO/PMC anchored estimates (daily distribution),19.7,129.4,0.0,0.01,0.0,84.2,74.0,79.2
2024-01-08,2024,1,8,8,Dry Winter,Dhaka,23.71,90.41,17.64,23.92,12.92,11.0,18.9,14.7,85.5,0.0,11.3,341.1,1016.8,14.9,7.3,0,Clear sky,17.64,23.92,12.92,0.0,85.5,11.3,341.1,1016.8,NASA POWER MERRA-2 (primary) + ERA5-normals sim (solar/sunshine/weather-code),22,1,91,114,160,2,1.25,DENV-2 (70%)/DENV-3,Moderate,DGHS/WHO/PMC anchored estimates (daily distribution),22.6,105.6,0.0,0.01,0.0,84.3,76.2,82.4
2024-01-09,2024,1,9,9,Dry Winter,Dhaka,23.71,90.41,16.6,22.95,11.64,11.3,17.7,13.1,82.3,0.0,11.02,331.3,1015.8,15.1,5.8,0,Clear sky,16.6,22.95,11.64,0.0,82.34,11.02,331.3,1015.8,NASA POWER MERRA-2 (primary) + ERA5-normals sim (solar/sunshine/weather-code),30,0,76,106,190,2,1.0526,DENV-2 (70%)/DENV-3,Moderate,DGHS/WHO/PMC anchored estimates (daily distribution),24.6,86.4,0.54,0.0,0.0,85.9,77.9,85.2
2024-01-10,2024,1,10,10,Dry Winter,Dhaka,23.71,90.41,16.34,22.71,10.31,12.4,17.2,12.0,78.1,0.0,8.35,334.8,1014.9,15.6,8.1,0,Clear sky,16.34,22.71,10.31,0.0,78.13,8.35,334.8,1014.9,NASA POWER MERRA-2 (primary) + ERA5-normals sim (solar/sunshine/weather-code),15,0,89,104,205,2,0.9756,DENV-2 (70%)/DENV-3,Watch,DGHS/WHO/PMC anchored estimates (daily distribution),22.7,59.6,0.0,0.0,0.0,81.7,76.1,81.2
2024-01-11,2024,1,11,11,Dry Winter,Dhaka,23.71,90.41,16.47,22.5,11.97,10.5,17.6,13.0,82.4,0.0,10.73,339.0,1015.7,20.8,7.5,0,Clear sky,16.47,22.5,11.97,0.0,82.36,10.73,339.0,1015.7,NASA POWER MERRA-2 (primary) + ERA5-normals sim (solar/sunshine/weather-code),42,0,92,134,247,2,0.8097,DENV-2 (70%)/DENV-3,Moderate,DGHS/WHO/PMC anchored estimates (daily distribution),23.3,44.4,0.0,0.0,0.0,83.2,78.0,75.4
2024-01-12,2024,1,12,12,Dry Winter,Dhaka,23.71,90.41,15.1,21.44,9.5,11.9,16.3,11.7,83.1,0.0,11.16,334.4,1015.4,18.6,9.7,0,Clear sky,15.1,21.44,9.5,0.0,83.11,11.16,334.4,1015.4,NASA POWER MERRA-2 (primary) + ERA5-normals sim (solar/sunshine/weather-code),19,0,109,128,266,2,0.7519,DENV-2 (70%)/DENV-3,Watch,DGHS/WHO/PMC anchored estimates (daily distribution),23.6,34.8,0.0,0.01,0.0,82.4,77.3,78.7
2024-01-13,2024,1,13,13,Dry Winter,Dhaka,23.71,90.41,15.07,21.17,9.94,11.2,16.3,11.9,84.3,0.0,11.16,328.7,1015.1,19.4,7.2,61,Moderate rain,15.07,21.17,9.94,0.0,84.29,11.16,328.7,1015.1,NASA POWER MERRA-2 (primary) + ERA5-normals sim (solar/sunshine/weather-code),23,0,106,129,289,2,0.692,DENV-2 (70%)/DENV-3,Moderate,DGHS/WHO/PMC anchored estimates (daily distribution),25.1,28.5,0.0,0.07,0.0,81.0,76.2,76.0
2024-01-14,2024,1,14,14,Dry Winter,Dhaka,23.71,90.41,15.59,21.7,9.53,12.2,16.5,11.3,78.7,0.0,5.98,327.7,1014.6,17.6,7.1,0,Clear sky,15.59,21.7,9.53,0.0,78.72,5.98,327.7,1014.6,NASA POWER MERRA-2 (primary) + ERA5-normals sim (solar/sunshine/weather-code),21,0,99,120,310,2,0.6452,DENV-2 (70%)/DENV-3,Moderate,DGHS/WHO/PMC anchored estimates (daily distribution),24.6,22.1,0.0,0.0,0.01,82.6,84.2,74.0
2024-01-15,2024,1,15,15,Dry Winter,Dhaka,23.71,90.41,15.85,21.42,11.45,10.0,16.9,12.1,81.2,0.0,6.19,279.9,1014.2,13.8,7.7,0,Clear sky,15.85,21.42,11.45,0.0,81.22,6.19,279.9,1014.2,NASA POWER MERRA-2 (primary) + ERA5-normals sim (solar/sunshine/weather-code),17,0,105,122,327,2,0.6116,DENV-2 (70%)/DENV-3,Watch,DGHS/WHO/PMC anchored estimates (daily distribution),23.9,23.2,0.0,0.0,0.01,85.5,84.3,76.2
2024-01-16,2024,1,16,16,Dry Winter,Dhaka,23.71,90.41,15.68,20.47,11.1,9.4,16.6,11.4,78.4,0.0,4.18,304.7,1014.5,13.3,7.9,80,Rain showers,15.68,20.47,11.1,0.0,78.35,4.18,304.7,1014.5,NASA POWER MERRA-2 (primary) + ERA5-normals sim (solar/sunshine/weather-code),26,0,80,106,353,2,0.5666,DENV-2 (70%)/DENV-3,Moderate,DGHS/WHO/PMC anchored estimates (daily distribution),23.3,23.9,0.0,0.54,0.0,82.3,85.9,77.9
2024-01-17,2024,1,17,17,Dry Winter,Dhaka,23.71,90.41,15.74,20.65,10.66,10.0,16.6,11.0,76.5,0.0,4.68,2.3,1014.7,20.8,9.1,1,Mainly clear,15.74,20.65,10.66,0.0,76.49,4.68,2.3,1014.7,NASA POWER MERRA-2 (primary) + ERA5-normals sim (solar/sunshine/weather-code),30,0,87,117,383,2,0.5222,DENV-2 (70%)/DENV-3,Moderate,DGHS/WHO/PMC anchored estimates (daily distribution),25.4,24.1,0.0,0.0,0.0,78.1,81.7,76.1
2024-01-18,2024,1,18,18,Dry Winter,Dhaka,23.71,90.41,16.44,21.39,10.14,11.2,17.2,11.6,76.0,0.67,5.62,38.4,1015.4,11.4,8.9,0,Clear sky,16.44,21.39,10.14,0.67,76.03,5.62,38.4,1015.4,NASA POWER MERRA-2 (primary) + ERA5-normals sim (solar/sunshine/weather-code),30,0,94,124,413,2,0.4843,DENV-2 (70%)/DENV-3,Moderate,DGHS/WHO/PMC anchored estimates (daily distribution),23.7,23.5,0.0,0.0,0.0,82.4,83.2,78.0
2024-01-19,2024,1,19,19,Dry Winter,Dhaka,23.71,90.41,17.49,23.2,12.85,10.4,18.5,13.4,79.5,0.74,8.46,342.3,1015.4,15.9,8.4,1,Mainly clear,17.49,23.2,12.85,0.74,79.51,8.46,342.3,1015.4,NASA POWER MERRA-2 (primary) + ERA5-normals sim (solar/sunshine/weather-code),19,0,103,122,432,2,0.463,DENV-2 (70%)/DENV-3,Watch,DGHS/WHO/PMC anchored estimates (daily distribution),23.7,23.6,0.0,0.0,0.01,83.1,82.4,77.3
2024-01-20,2024,1,20,20,Dry Winter,Dhaka,23.71,90.41,15.97,22.16,11.2,11.0,17.0,12.3,81.6,8.42,10.84,321.7,1015.7,19.0,8.4,1,Mainly clear,15.97,22.16,11.2,8.42,81.61,10.84,321.7,1015.7,NASA POWER MERRA-2 (primary) + ERA5-normals sim (solar/sunshine/weather-code),14,0,105,119,446,2,0.4484,DENV-2 (70%)/DENV-3,Watch,DGHS/WHO/PMC anchored estimates (daily distribution),22.4,23.8,0.0,0.0,0.07,84.3,81.0,76.2
2024-01-21,2024,1,21,21,Dry Winter,Dhaka,23.71,90.41,15.12,21.24,9.99,11.2,16.0,10.7,78.0,0.0,9.18,325.8,1015.7,14.2,7.9,0,Clear sky,15.12,21.24,9.99,0.0,78.04,9.18,325.8,1015.7,NASA POWER MERRA-2 (primary) + ERA5-normals sim (solar/sunshine/weather-code),12,0,93,105,458,2,0.4367,DENV-2 (70%)/DENV-3,Watch,DGHS/WHO/PMC anchored estimates (daily distribution),21.1,22.9,0.0,0.0,0.0,78.7,82.6,84.2
2024-01-22,2024,1,22,22,Dry Winter,Dhaka,23.71,90.41,13.96,20.52,8.31,12.2,14.7,8.7,73.9,0.0,10.3,332.6,1017.2,15.2,6.1,0,Clear sky,13.96,20.52,8.31,0.0,73.94,10.3,332.6,1017.2,NASA POWER MERRA-2 (primary) + ERA5-normals sim (solar/sunshine/weather-code),11,0,75,86,469,2,0.4264,DENV-2 (70%)/DENV-3,Watch,DGHS/WHO/PMC anchored estimates (daily distribution),20.3,22.1,0.0,0.0,0.0,81.2,85.5,84.3
2024-01-23,2024,1,23,23,Dry Winter,Dhaka,23.71,90.41,15.06,21.19,8.84,12.4,15.8,9.9,74.3,0.0,7.06,306.8,1016.4,15.4,5.5,0,Clear sky,15.06,21.19,8.84,0.0,74.33,7.06,306.8,1016.4,NASA POWER MERRA-2 (primary) + ERA5-normals sim (solar/sunshine/weather-code),35,0,56,91,504,2,0.3968,DENV-2 (70%)/DENV-3,Moderate,DGHS/WHO/PMC anchored estimates (daily distribution),21.6,22.4,0.0,0.0,0.54,78.4,82.3,85.9
2024-01-24,2024,1,24,24,Dry Winter,Dhaka,23.71,90.41,15.71,21.66,9.74,11.9,16.7,11.5,78.8,3.39,7.31,1.5,1016.5,16.7,9.2,0,Clear sky,15.71,21.66,9.74,3.39,78.76,7.31,1.5,1016.5,NASA POWER MERRA-2 (primary) + ERA5-normals sim (solar/sunshine/weather-code),23,0,72,95,527,2,0.3795,DENV-2 (70%)/DENV-3,Moderate,DGHS/WHO/PMC anchored estimates (daily distribution),20.6,23.0,0.0,0.0,0.0,76.5,78.1,81.7
2024-01-25,2024,1,25,25,Dry Winter,Dhaka,23.71,90.41,16.41,22.65,10.81,11.8,17.2,11.6,75.9,0.88,7.09,344.0,1018.0,17.3,6.9,0,Clear sky,16.41,22.65,10.81,0.88,75.9,7.09,344.0,1018.0,NASA POWER MERRA-2 (primary) + ERA5-normals sim (solar/sunshine/weather-code),24,1,80,105,551,3,0.5445,DENV-2 (70%)/DENV-3,Moderate,DGHS/WHO/PMC anchored estimates (daily distribution),19.7,21.7,0.67,0.0,0.0,76.0,82.4,83.2
2024-01-26,2024,1,26,26,Dry Winter,Dhaka,23.71,90.41,15.25,21.71,10.16,11.6,15.9,10.0,73.6,0.55,11.88,335.9,1018.8,19.0,8.3,1,Mainly clear,15.25,21.71,10.16,0.55,73.63,11.88,335.9,1018.8,NASA POWER MERRA-2 (primary) + ERA5-normals sim (solar/sunshine/weather-code),34,0,93,127,585,3,0.5128,DENV-2 (70%)/DENV-3,Moderate,DGHS/WHO/PMC anchored estimates (daily distribution),21.9,22.8,0.74,0.0,0.0,79.5,83.1,82.4
2024-01-27,2024,1,27,27,Dry Winter,Dhaka,23.71,90.41,14.86,21.51,9.42,12.1,15.6,9.6,73.8,0.0,9.58,325.4,1018.5,14.3,7.9,1,Mainly clear,14.86,21.51,9.42,0.0,73.84,9.58,325.4,1018.5,NASA POWER MERRA-2 (primary) + ERA5-normals sim (solar/sunshine/weather-code),19,0,116,135,604,3,0.4967,DENV-2 (70%)/DENV-3,Watch,DGHS/WHO/PMC anchored estimates (daily distribution),22.6,22.5,8.42,0.0,0.0,81.6,84.3,81.0
2024-01-28,2024,1,28,28,Dry Winter,Dhaka,23.71,90.41,14.95,22.31,9.03,13.3,15.5,9.3,71.8,0.0,9.9,328.6,1017.9,16.4,7.1,1,Mainly clear,14.95,22.31,9.03,0.0,71.84,9.9,328.6,1017.9,NASA POWER MERRA-2 (primary) + ERA5-normals sim (solar/sunshine/weather-code),8,0,100,108,612,3,0.4902,DENV-2 (70%)/DENV-3,Watch,DGHS/WHO/PMC anchored estimates (daily distribution),22.0,21.6,0.0,0.0,0.0,78.0,78.7,82.6
2024-01-29,2024,1,29,29,Dry Winter,Dhaka,23.71,90.41,16.38,23.07,10.23,12.8,16.7,9.5,65.8,0.0,7.09,320.8,1017.1,16.2,7.0,0,Clear sky,16.38,23.07,10.23,0.0,65.77,7.09,320.8,1017.1,NASA POWER MERRA-2 (primary) + ERA5-normals sim (solar/sunshine/weather-code),9,0,85,94,621,3,0.4831,DENV-2 (70%)/DENV-3,Watch,DGHS/WHO/PMC anchored estimates (daily distribution),21.7,21.0,0.0,0.0,0.0,73.9,81.2,85.5
2024-01-30,2024,1,30,30,Dry Winter,Dhaka,23.71,90.41,17.64,23.81,11.58,12.2,17.7,10.0,61.7,0.02,5.54,38.6,1015.9,11.9,6.9,0,Clear sky,17.64,23.81,11.58,0.02,61.66,5.54,38.6,1015.9,NASA POWER MERRA-2 (primary) + ERA5-normals sim (solar/sunshine/weather-code),20,0,70,90,641,3,0.468,DENV-2 (70%)/DENV-3,Moderate,DGHS/WHO/PMC anchored estimates (daily distribution),19.6,20.6,0.0,0.0,0.0,74.3,78.4,82.3
2024-01-31,2024,1,31,31,Dry Winter,Dhaka,23.71,90.41,19.37,24.93,13.85,11.1,19.8,13.3,69.6,0.68,6.73,167.0,1015.6,22.3,8.1,1,Mainly clear,19.37,24.93,13.85,0.68,69.65,6.73,167.0,1015.6,NASA POWER MERRA-2 (primary) + ERA5-normals sim (solar/sunshine/weather-code),23,0,56,79,664,3,0.4518,DENV-2 (70%)/DENV-3,Moderate,DGHS/WHO/PMC anchored estimates (daily distribution),19.6,20.1,3.39,0.0,0.0,78.8,76.5,78.1
2024-02-01,2024,2,1,32,Dry Winter,Dhaka,23.71,90.41,20.08,24.28,16.27,8.0,21.1,16.3,81.3,1.51,6.44,172.2,1015.9,17.7,9.0,0,Clear sky,20.08,24.28,16.27,1.51,81.3,6.44,172.2,1015.9,NASA POWER MERRA-2 (primary) + ERA5-normals sim (solar/sunshine/weather-code),8,0,60,68,672,3,0.4464,DENV-2 (70%)/DENV-3,Watch,DGHS/WHO/PMC anchored estimates (daily distribution),17.3,18.5,0.88,0.67,0.0,75.9,76.0,82.4
2024-02-02,2024,2,2,33,Dry Winter,Dhaka,23.71,90.41,19.83,25.01,15.68,9.3,21.0,16.5,83.4,3.16,10.01,227.2,1014.5,17.9,8.3,1,Mainly clear,19.83,25.01,15.68,3.16,83.44,10.01,227.2,1014.5,NASA POWER MERRA-2 (primary) + ERA5-normals sim (solar/sunshine/weather-code),7,0,60,67,679,3,0.4418,DENV-2 (70%)/DENV-3,Watch,DGHS/WHO/PMC anchored estimates (daily distribution),13.4,17.6,0.55,0.74,0.0,73.6,79.5,83.1
2024-02-03,2024,2,3,34,Dry Winter,Dhaka,23.71,90.41,19.47,25.71,14.61,11.1,20.1,14.0,72.6,0.16,9.72,257.8,1015.2,20.8,7.7,0,Clear sky,19.47,25.71,14.61,0.16,72.58,9.72,257.8,1015.2,NASA POWER MERRA-2 (primary) + ERA5-normals sim (solar/sunshine/weather-code),6,0,58,64,685,3,0.438,DENV-2 (70%)/DENV-3,Watch,DGHS/WHO/PMC anchored estimates (daily distribution),11.6,17.1,0.0,8.42,0.0,73.8,81.6,84.3
2024-02-04,2024,2,4,35,Dry Winter,Dhaka,23.71,90.41,19.07,24.77,13.59,11.2,19.1,11.2,60.8,0.0,5.72,274.6,1016.9,23.5,7.6,1,Mainly clear,19.07,24.77,13.59,0.0,60.77,5.72,274.6,1016.9,NASA POWER MERRA-2 (primary) + ERA5-normals sim (solar/sunshine/weather-code),9,0,44,53,694,3,0.4323,DENV-2 (70%)/DENV-3,Watch,DGHS/WHO/PMC anchored estimates (daily distribution),11.7,16.9,0.0,0.0,0.0,71.8,78.0,78.7
2024-02-05,2024,2,5,36,Dry Winter,Dhaka,23.71,90.41,20.21,26.14,13.66,12.5,20.4,12.9,63.6,0.0,6.37,214.4,1016.4,22.0,6.8,1,Mainly clear,20.21,26.14,13.66,0.0,63.56,6.37,214.4,1016.4,NASA POWER MERRA-2 (primary) + ERA5-normals sim (solar/sunshine/weather-code),13,0,30,43,707,3,0.4243,DENV-2 (70%)/DENV-3,Watch,DGHS/WHO/PMC anchored estimates (daily distribution),12.3,17.0,0.0,0.0,0.0,65.8,73.9,81.2
2024-02-06,2024,2,6,37,Dry Winter,Dhaka,23.71,90.41,21.27,26.48,15.76,10.7,21.8,15.4,70.6,0.0,5.72,223.7,1016.0,23.5,8.0,1,Mainly clear,21.27,26.48,15.76,0.0,70.62,5.72,223.7,1016.0,NASA POWER MERRA-2 (primary) + ERA5-normals sim (solar/sunshine/weather-code),9,0,35,44,716,3,0.419,DENV-2 (70%)/DENV-3,Watch,DGHS/WHO/PMC anchored estimates (daily distribution),10.7,15.1,0.02,0.0,0.0,61.7,74.3,78.4
2024-02-07,2024,2,7,38,Dry Winter,Dhaka,23.71,90.41,20.37,25.32,16.44,8.9,21.2,15.5,75.6,0.0,6.77,316.4,1015.6,22.6,6.4,1,Mainly clear,20.37,25.32,16.44,0.0,75.58,6.77,316.4,1015.6,NASA POWER MERRA-2 (primary) + ERA5-normals sim (solar/sunshine/weather-code),8,0,37,45,724,3,0.4144,DENV-2 (70%)/DENV-3,Watch,DGHS/WHO/PMC anchored estimates (daily distribution),8.6,14.1,0.68,3.39,0.0,69.6,78.8,76.5
2024-02-08,2024,2,8,39,Dry Winter,Dhaka,23.71,90.41,17.98,23.64,13.03,10.6,17.9,9.7,58.8,0.0,7.63,335.1,1015.5,21.7,8.2,1,Mainly clear,17.98,23.64,13.03,0.0,58.8,7.63,335.1,1015.5,NASA POWER MERRA-2 (primary) + ERA5-normals sim (solar/sunshine/weather-code),9,0,39,48,733,3,0.4093,DENV-2 (70%)/DENV-3,Watch,DGHS/WHO/PMC anchored estimates (daily distribution),8.7,13.0,1.51,0.88,0.67,81.3,75.9,76.0
2024-02-09,2024,2,9,40,Dry Winter,Dhaka,23.71,90.41,16.48,23.34,10.3,13.0,16.6,9.1,63.1,0.0,10.84,346.5,1017.6,25.3,7.3,1,Mainly clear,16.48,23.34,10.3,0.0,63.09,10.84,346.5,1017.6,NASA POWER MERRA-2 (primary) + ERA5-normals sim (solar/sunshine/weather-code),13,1,38,52,746,4,0.5362,DENV-2 (70%)/DENV-3,Watch,DGHS/WHO/PMC anchored estimates (daily distribution),9.6,11.5,3.16,0.55,0.74,83.4,73.6,79.5
2024-02-10,2024,2,10,41,Dry Winter,Dhaka,23.71,90.41,17.34,25.19,10.71,14.5,17.8,11.2,69.5,0.0,11.38,323.0,1017.6,18.2,6.3,51,Light drizzle,17.34,25.19,10.71,0.0,69.49,11.38,323.0,1017.6,NASA POWER MERRA-2 (primary) + ERA5-normals sim (solar/sunshine/weather-code),9,0,39,48,755,4,0.5298,DENV-2 (70%)/DENV-3,Watch,DGHS/WHO/PMC anchored estimates (daily distribution),10.0,10.8,0.16,0.0,8.42,72.6,73.8,81.6
2024-02-11,2024,2,11,42,Dry Winter,Dhaka,23.71,90.41,18.47,26.13,11.86,14.3,18.9,12.2,68.4,0.0,9.65,319.8,1018.3,19.6,9.6,0,Clear sky,18.47,26.13,11.86,0.0,68.42,9.65,319.8,1018.3,NASA POWER MERRA-2 (primary) + ERA5-normals sim (solar/sunshine/weather-code),8,0,39,47,763,4,0.5242,DENV-2 (70%)/DENV-3,Watch,DGHS/WHO/PMC anchored estimates (daily distribution),9.9,10.8,0.0,0.0,0.0,60.8,71.8,78.0
2024-02-12,2024,2,12,43,Dry Winter,Dhaka,23.71,90.41,20.06,26.38,13.95,12.4,20.0,12.0,59.6,0.0,7.2,337.4,1018.2,21.7,5.7,0,Clear sky,20.06,26.38,13.95,0.0,59.62,7.2,337.4,1018.2,NASA POWER MERRA-2 (primary) + ERA5-normals sim (solar/sunshine/weather-code),6,0,39,45,769,4,0.5202,DENV-2 (70%)/DENV-3,Watch,DGHS/WHO/PMC anchored estimates (daily distribution),8.9,10.6,0.0,0.0,0.0,63.6,65.8,73.9
2024-02-13,2024,2,13,44,Dry Winter,Dhaka,23.71,90.41,20.82,27.92,13.88,14.0,20.7,12.4,57.8,0.0,8.53,357.0,1017.7,17.9,9.0,0,Clear sky,20.82,27.92,13.88,0.0,57.79,8.53,357.0,1017.7,NASA POWER MERRA-2 (primary) + ERA5-normals sim (solar/sunshine/weather-code),3,0,36,39,772,4,0.5181,DENV-2 (70%)/DENV-3,Watch,DGHS/WHO/PMC anchored estimates (daily distribution),8.0,9.4,0.0,0.02,0.0,70.6,61.7,74.3
2024-02-14,2024,2,14,45,Dry Winter,Dhaka,23.71,90.41,21.75,27.92,15.81,12.1,21.9,14.2,62.5,0.0,6.52,12.2,1016.1,18.8,8.2,61,Moderate rain,21.75,27.92,15.81,0.0,62.49,6.52,12.2,1016.1,NASA POWER MERRA-2 (primary) + ERA5-normals sim (solar/sunshine/weather-code),4,0,26,30,776,4,0.5155,DENV-2 (70%)/DENV-3,Watch,DGHS/WHO/PMC anchored estimates (daily distribution),7.4,8.0,0.0,0.68,3.39,75.6,69.6,78.8
2024-02-15,2024,2,15,46,Dry Winter,Dhaka,23.71,90.41,21.91,27.86,16.96,10.9,22.5,16.4,72.6,0.51,8.68,359.1,1016.5,17.3,7.1,1,Mainly clear,21.91,27.86,16.96,0.51,72.59,8.68,359.1,1016.5,NASA POWER MERRA-2 (primary) + ERA5-normals sim (solar/sunshine/weather-code),12,0,21,33,788,4,0.5076,DENV-2 (70%)/DENV-3,Watch,DGHS/WHO/PMC anchored estimates (daily distribution),7.9,8.3,0.0,1.51,0.88,58.8,81.3,75.9
2024-02-16,2024,2,16,47,Dry Winter,Dhaka,23.71,90.41,21.46,27.92,16.57,11.4,22.2,16.5,75.4,0.09,10.91,341.3,1016.2,20.0,9.3,1,Mainly clear,21.46,27.92,16.57,0.09,75.43,10.91,341.3,1016.2,NASA POWER MERRA-2 (primary) + ERA5-normals sim (solar/sunshine/weather-code),11,0,25,36,799,4,0.5006,DENV-2 (70%)/DENV-3,Watch,DGHS/WHO/PMC anchored estimates (daily distribution),7.6,8.6,0.0,3.16,0.55,63.1,83.4,73.6
2024-02-17,2024,2,17,48,Dry Winter,Dhaka,23.71,90.41,20.82,27.57,14.73,12.8,20.9,13.3,62.2,0.43,8.71,313.2,1013.5,16.9,7.9,0,Clear sky,20.82,27.57,14.73,0.43,62.16,8.71,313.2,1013.5,NASA POWER MERRA-2 (primary) + ERA5-normals sim (solar/sunshine/weather-code),5,0,30,35,804,4,0.4975,DENV-2 (70%)/DENV-3,Watch,DGHS/WHO/PMC anchored estimates (daily distribution),7.0,8.5,0.0,0.16,0.0,69.5,72.6,73.8
2024-02-18,2024,2,18,49,Dry Winter,Dhaka,23.71,90.41,21.35,27.22,16.58,10.6,20.9,11.6,51.4,0.0,4.93,345.9,1013.6,21.7,7.6,1,Mainly clear,21.35,27.22,16.58,0.0,51.38,4.93,345.9,1013.6,NASA POWER MERRA-2 (primary) + ERA5-normals sim (solar/sunshine/weather-code),7,0,32,39,811,4,0.4932,DENV-2 (70%)/DENV-3,Watch,DGHS/WHO/PMC anchored estimates (daily distribution),6.9,8.4,0.0,0.0,0.0,68.4,60.8,71.8
2024-02-19,2024,2,19,50,Dry Winter,Dhaka,23.71,90.41,21.13,27.58,14.98,12.6,20.7,11.5,51.9,0.0,6.41,19.6,1013.5,19.8,9.6,0,Clear sky,21.13,27.58,14.98,0.0,51.89,6.41,19.6,1013.5,NASA POWER MERRA-2 (primary) + ERA5-normals sim (solar/sunshine/weather-code),4,0,35,39,815,4,0.4908,DENV-2 (70%)/DENV-3,Watch,DGHS/WHO/PMC anchored estimates (daily distribution),6.6,7.7,0.0,0.0,0.0,59.6,63.6,65.8
2024-02-20,2024,2,20,51,Dry Winter,Dhaka,23.71,90.41,22.18,29.39,15.71,13.7,23.0,17.4,76.2,0.0,12.31,191.6,1011.0,26.4,8.9,51,Light drizzle,22.18,29.39,15.71,0.0,76.21,12.31,191.6,1011.0,NASA POWER MERRA-2 (primary) + ERA5-normals sim (solar/sunshine/weather-code),7,0,27,34,822,4,0.4866,DENV-2 (70%)/DENV-3,Watch,DGHS/WHO/PMC anchored estimates (daily distribution),7.1,7.6,0.0,0.0,0.02,57.8,70.6,61.7
2024-02-21,2024,2,21,52,Dry Winter,Dhaka,23.71,90.41,24.52,31.52,19.6,11.9,25.4,20.1,77.8,0.59,13.68,186.6,1009.6,23.7,8.8,0,Clear sky,24.52,31.52,19.6,0.59,77.76,13.68,186.6,1009.6,NASA POWER MERRA-2 (primary) + ERA5-normals sim (solar/sunshine/weather-code),4,0,23,27,826,4,0.4843,DENV-2 (70%)/DENV-3,Watch,DGHS/WHO/PMC anchored estimates (daily distribution),7.1,7.3,0.0,0.0,0.68,62.5,75.6,69.6
2024-02-22,2024,2,22,53,Dry Winter,Dhaka,23.71,90.41,24.59,31.04,20.21,10.8,25.6,20.8,81.2,14.09,13.0,176.7,1009.8,19.5,10.0,0,Clear sky,24.59,31.04,20.21,14.09,81.16,13.0,176.7,1009.8,NASA POWER MERRA-2 (primary) + ERA5-normals sim (solar/sunshine/weather-code),3,0,22,25,829,4,0.4825,DENV-2 (70%)/DENV-3,Watch,DGHS/WHO/PMC anchored estimates (daily distribution),5.9,6.9,0.51,0.0,1.51,72.6,58.8,81.3
2024-02-23,2024,2,23,54,Dry Winter,Dhaka,23.71,90.41,22.55,26.8,19.05,7.8,23.3,17.6,75.4,13.45,7.42,23.1,1012.3,18.7,7.2,0,Clear sky,22.55,26.8,19.05,13.45,75.39,7.42,23.1,1012.3,NASA POWER MERRA-2 (primary) + ERA5-normals sim (solar/sunshine/weather-code),13,0,18,31,842,4,0.4751,DENV-2 (70%)/DENV-3,Watch,DGHS/WHO/PMC anchored estimates (daily distribution),6.1,6.9,0.09,0.0,3.16,75.4,63.1,83.4
2024-02-24,2024,2,24,55,Dry Winter,Dhaka,23.71,90.41,22.2,28.02,16.24,11.8,22.7,16.0,69.1,7.48,7.38,36.1,1014.4,23.1,7.6,0,Clear sky,22.2,28.02,16.24,7.48,69.12,7.38,36.1,1014.4,NASA POWER MERRA-2 (primary) + ERA5-normals sim (solar/sunshine/weather-code),8,0,27,35,850,4,0.4706,DENV-2 (70%)/DENV-3,Watch,DGHS/WHO/PMC anchored estimates (daily distribution),6.6,6.8,0.43,0.0,0.16,62.2,69.5,72.6
2024-02-25,2024,2,25,56,Dry Winter,Dhaka,23.71,90.41,20.9,26.7,16.7,10.0,21.2,14.1,65.8,0.32,12.24,11.5,1015.1,13.1,6.2,0,Clear sky,20.9,26.7,16.7,0.32,65.84,12.24,11.5,1015.1,NASA POWER MERRA-2 (primary) + ERA5-normals sim (solar/sunshine/weather-code),8,0,28,36,858,4,0.4662,DENV-2 (70%)/DENV-3,Watch,DGHS/WHO/PMC anchored estimates (daily distribution),6.7,6.8,0.0,0.0,0.0,51.4,68.4,60.8
2024-02-26,2024,2,26,57,Dry Winter,Dhaka,23.71,90.41,20.53,28.16,14.45,13.7,20.8,13.4,64.5,0.43,11.81,7.8,1015.5,18.1,7.7,0,Clear sky,20.53,28.16,14.45,0.43,64.54,11.81,7.8,1015.5,NASA POWER MERRA-2 (primary) + ERA5-normals sim (solar/sunshine/weather-code),7,0,32,39,865,4,0.4624,DENV-2 (70%)/DENV-3,Watch,DGHS/WHO/PMC anchored estimates (daily distribution),7.1,6.9,0.0,0.0,0.0,51.9,59.6,63.6
2024-02-27,2024,2,27,58,Dry Winter,Dhaka,23.71,90.41,21.33,28.79,16.35,12.4,21.3,13.2,59.2,0.0,10.15,334.1,1014.1,16.8,6.5,0,Clear sky,21.33,28.79,16.35,0.0,59.21,10.15,334.1,1014.1,NASA POWER MERRA-2 (primary) + ERA5-normals sim (solar/sunshine/weather-code),4,0,36,40,869,4,0.4603,DENV-2 (70%)/DENV-3,Watch,DGHS/WHO/PMC anchored estimates (daily distribution),6.7,6.9,0.0,0.0,0.0,76.2,57.8,70.6
2024-02-28,2024,2,28,59,Dry Winter,Dhaka,23.71,90.41,22.99,28.45,17.49,11.0,22.7,13.8,54.2,0.0,6.16,267.7,1012.0,17.0,8.3,1,Mainly clear,22.99,28.45,17.49,0.0,54.24,6.16,267.7,1012.0,NASA POWER MERRA-2 (primary) + ERA5-normals sim (solar/sunshine/weather-code),5,0,27,32,874,4,0.4577,DENV-2 (70%)/DENV-3,Watch,DGHS/WHO/PMC anchored estimates (daily distribution),6.9,7.0,0.59,0.0,0.0,77.8,62.5,75.6
2024-02-29,2024,2,29,60,Dry Winter,Dhaka,23.71,90.41,22.97,29.12,18.06,11.1,22.9,14.9,59.5,0.0,7.52,277.5,1012.9,21.1,8.3,61,Moderate rain,22.97,29.12,18.06,0.0,59.52,7.52,277.5,1012.9,NASA POWER MERRA-2 (primary) + ERA5-normals sim (solar/sunshine/weather-code),3,0,24,27,877,4,0.4561,DENV-2 (70%)/DENV-3,Watch,DGHS/WHO/PMC anchored estimates (daily distribution),6.9,6.4,14.09,0.51,0.0,81.2,72.6,58.8
2024-03-01,2024,3,1,61,Pre-Monsoon,Dhaka,23.71,90.41,22.03,29.08,16.45,12.6,21.9,13.4,57.0,0.0,8.42,357.9,1013.7,18.4,7.0,2,Partly cloudy,22.03,29.08,16.45,0.0,56.95,8.42,357.9,1013.7,NASA POWER MERRA-2 (primary) + ERA5-normals sim (solar/sunshine/weather-code),22,1,18,41,899,5,0.5562,DENV-2 (70%)/DENV-3,Moderate,DGHS/WHO/PMC anchored estimates (daily distribution),8.1,7.1,13.45,0.09,0.0,75.4,75.4,63.1
2024-03-02,2024,3,2,62,Pre-Monsoon,Dhaka,23.71,90.41,22.5,29.49,15.44,14.0,22.1,12.7,51.2,0.0,8.39,348.1,1012.6,22.6,7.5,61,Moderate rain,22.5,29.49,15.44,0.0,51.19,8.39,348.1,1012.6,NASA POWER MERRA-2 (primary) + ERA5-normals sim (solar/sunshine/weather-code),14,0,34,48,913,5,0.5476,DENV-2 (70%)/DENV-3,Watch,DGHS/WHO/PMC anchored estimates (daily distribution),9.0,7.8,7.48,0.43,0.0,69.1,62.2,69.5
2024-03-03,2024,3,3,63,Pre-Monsoon,Dhaka,23.71,90.41,23.86,30.19,17.79,12.4,23.4,14.2,51.6,0.0,6.37,319.8,1012.2,23.3,8.1,2,Partly cloudy,23.86,30.19,17.79,0.0,51.63,6.37,319.8,1012.2,NASA POWER MERRA-2 (primary) + ERA5-normals sim (solar/sunshine/weather-code),7,0,44,51,920,5,0.5435,DENV-2 (70%)/DENV-3,Watch,DGHS/WHO/PMC anchored estimates (daily distribution),8.9,7.8,0.32,0.0,0.0,65.8,51.4,68.4
2024-03-04,2024,3,4,64,Pre-Monsoon,Dhaka,23.71,90.41,24.02,28.63,18.75,9.9,23.8,15.2,56.1,0.42,7.13,302.0,1012.1,24.5,5.3,3,Overcast,24.02,28.63,18.75,0.42,56.07,7.13,302.0,1012.1,NASA POWER MERRA-2 (primary) + ERA5-normals sim (solar/sunshine/weather-code),7,0,46,53,927,5,0.5394,DENV-2 (70%)/DENV-3,Watch,DGHS/WHO/PMC anchored estimates (daily distribution),8.9,8.0,0.43,0.0,0.0,64.5,51.9,59.6
2024-03-05,2024,3,5,65,Pre-Monsoon,Dhaka,23.71,90.41,24.19,30.83,17.87,13.0,24.5,17.2,65.3,0.41,9.29,272.5,1011.9,17.0,5.5,1,Mainly clear,24.19,30.83,17.87,0.41,65.3,9.29,272.5,1011.9,NASA POWER MERRA-2 (primary) + ERA5-normals sim (solar/sunshine/weather-code),8,0,50,58,935,5,0.5348,DENV-2 (70%)/DENV-3,Watch,DGHS/WHO/PMC anchored estimates (daily distribution),9.4,8.1,0.0,0.0,0.0,59.2,76.2,57.8
2024-03-06,2024,3,6,66,Pre-Monsoon,Dhaka,23.71,90.41,23.28,30.36,16.16,14.2,22.7,13.1,49.2,0.0,8.75,301.9,1012.0,20.0,7.5,51,Light drizzle,23.28,30.36,16.16,0.0,49.16,8.75,301.9,1012.0,NASA POWER MERRA-2 (primary) + ERA5-normals sim (solar/sunshine/weather-code),8,0,36,44,943,5,0.5302,DENV-2 (70%)/DENV-3,Watch,DGHS/WHO/PMC anchored estimates (daily distribution),9.9,8.4,0.0,0.59,0.0,54.2,77.8,62.5
2024-03-07,2024,3,7,67,Pre-Monsoon,Dhaka,23.71,90.41,23.55,30.41,16.47,13.9,22.7,12.0,42.3,0.0,6.26,324.8,1011.7,19.6,7.8,3,Overcast,23.55,30.41,16.47,0.0,42.34,6.26,324.8,1011.7,NASA POWER MERRA-2 (primary) + ERA5-normals sim (solar/sunshine/weather-code),8,0,30,38,951,5,0.5258,DENV-2 (70%)/DENV-3,Watch,DGHS/WHO/PMC anchored estimates (daily distribution),10.6,8.7,0.0,14.09,0.51,59.5,81.2,72.6
2024-03-08,2024,3,8,68,Pre-Monsoon,Dhaka,23.71,90.41,23.73,30.57,17.74,12.8,23.0,12.8,45.3,0.0,7.42,341.3,1011.8,23.2,7.6,3,Overcast,23.73,30.57,17.74,0.0,45.26,7.42,341.3,1011.8,NASA POWER MERRA-2 (primary) + ERA5-normals sim (solar/sunshine/weather-code),7,0,31,38,958,5,0.5219,DENV-2 (70%)/DENV-3,Watch,DGHS/WHO/PMC anchored estimates (daily distribution),8.4,8.3,0.0,13.45,0.09,57.0,75.4,75.4
2024-03-09,2024,3,9,69,Pre-Monsoon,Dhaka,23.71,90.41,23.44,30.35,18.52,11.8,22.5,11.7,41.3,0.0,8.03,323.7,1012.7,23.1,6.5,1,Mainly clear,23.44,30.35,18.52,0.0,41.26,8.03,323.7,1012.7,NASA POWER MERRA-2 (primary) + ERA5-normals sim (solar/sunshine/weather-code),6,0,31,37,964,5,0.5187,DENV-2 (70%)/DENV-3,Watch,DGHS/WHO/PMC anchored estimates (daily distribution),7.3,8.1,0.0,7.48,0.43,51.2,69.1,62.2
2024-03-10,2024,3,10,70,Pre-Monsoon,Dhaka,23.71,90.41,22.88,30.05,17.89,12.2,21.9,10.9,40.1,0.0,7.78,339.4,1014.2,23.3,7.9,2,Partly cloudy,22.88,30.05,17.89,0.0,40.12,7.78,339.4,1014.2,NASA POWER MERRA-2 (primary) + ERA5-normals sim (solar/sunshine/weather-code),9,0,29,38,973,5,0.5139,DENV-2 (70%)/DENV-3,Watch,DGHS/WHO/PMC anchored estimates (daily distribution),7.6,8.2,0.0,0.32,0.0,51.6,65.8,51.4
2024-03-11,2024,3,11,71,Pre-Monsoon,Dhaka,23.71,90.41,22.99,30.5,14.76,15.7,22.3,12.2,46.2,0.0,9.4,329.0,1013.8,22.9,7.8,51,Light drizzle,22.99,30.5,14.76,0.0,46.21,9.4,329.0,1013.8,NASA POWER MERRA-2 (primary) + ERA5-normals sim (solar/sunshine/weather-code),7,0,30,37,980,5,0.5102,DENV-2 (70%)/DENV-3,Watch,DGHS/WHO/PMC anchored estimates (daily distribution),7.6,8.2,0.42,0.43,0.0,56.1,64.5,51.9
2024-03-12,2024,3,12,72,Pre-Monsoon,Dhaka,23.71,90.41,25.18,32.68,18.19,14.5,24.6,15.0,49.3,0.0,8.96,211.0,1011.5,19.9,7.2,3,Overcast,25.18,32.68,18.19,0.0,49.29,8.96,211.0,1011.5,NASA POWER MERRA-2 (primary) + ERA5-normals sim (solar/sunshine/weather-code),6,0,29,35,986,5,0.5071,DENV-2 (70%)/DENV-3,Watch,DGHS/WHO/PMC anchored estimates (daily distribution),7.3,8.4,0.41,0.0,0.0,65.3,59.2,76.2
2024-03-13,2024,3,13,73,Pre-Monsoon,Dhaka,23.71,90.41,25.99,33.4,19.41,14.0,26.4,19.8,69.0,0.0,10.4,204.4,1011.2,20.9,7.1,2,Partly cloudy,25.99,33.4,19.41,0.0,69.01,10.4,204.4,1011.2,NASA POWER MERRA-2 (primary) + ERA5-normals sim (solar/sunshine/weather-code),5,0,28,33,991,5,0.5045,DENV-2 (70%)/DENV-3,Watch,DGHS/WHO/PMC anchored estimates (daily distribution),6.9,8.4,0.0,0.0,0.59,49.2,54.2,77.8
2024-03-14,2024,3,14,74,Pre-Monsoon,Dhaka,23.71,90.41,26.41,32.69,20.76,11.9,27.1,21.4,74.7,5.22,10.62,199.3,1011.1,21.7,7.5,61,Moderate rain,26.41,32.69,20.76,5.22,74.66,10.62,199.3,1011.1,NASA POWER MERRA-2 (primary) + ERA5-normals sim (solar/sunshine/weather-code),5,0,27,32,996,5,0.502,DENV-2 (70%)/DENV-3,Watch,DGHS/WHO/PMC anchored estimates (daily distribution),6.4,8.5,0.0,0.0,14.09,42.3,59.5,81.2
2024-03-15,2024,3,15,75,Pre-Monsoon,Dhaka,23.71,90.41,26.93,33.03,21.75,11.3,27.4,21.0,70.3,6.31,7.6,177.4,1011.3,23.1,9.0,2,Partly cloudy,26.93,33.03,21.75,6.31,70.33,7.6,177.4,1011.3,NASA POWER MERRA-2 (primary) + ERA5-normals sim (solar/sunshine/weather-code),2,0,23,25,998,5,0.501,DENV-2 (70%)/DENV-3,Watch,DGHS/WHO/PMC anchored estimates (daily distribution),5.7,7.1,0.0,0.0,13.45,45.3,57.0,75.4
2024-03-16,2024,3,16,76,Pre-Monsoon,Dhaka,23.71,90.41,27.13,33.49,20.71,12.8,27.4,20.3,65.8,8.89,6.3,224.1,1012.7,21.8,7.5,3,Overcast,27.13,33.49,20.71,8.89,65.8,6.3,224.1,1012.7,NASA POWER MERRA-2 (primary) + ERA5-normals sim (solar/sunshine/weather-code),2,0,18,20,1000,5,0.5,DENV-2 (70%)/DENV-3,Watch,DGHS/WHO/PMC anchored estimates (daily distribution),5.1,6.2,0.0,0.0,7.48,41.3,51.2,69.1
2024-03-17,2024,3,17,77,Pre-Monsoon,Dhaka,23.71,90.41,27.63,34.12,21.16,13.0,27.5,19.1,57.3,0.27,6.91,279.4,1012.2,22.2,7.3,2,Partly cloudy,27.63,34.12,21.16,0.27,57.31,6.91,279.4,1012.2,NASA POWER MERRA-2 (primary) + ERA5-normals sim (solar/sunshine/weather-code),3,0,14,17,1003,5,0.4985,DENV-2 (70%)/DENV-3,Watch,DGHS/WHO/PMC anchored estimates (daily distribution),4.3,5.9,0.0,0.0,0.32,40.1,51.6,65.8
2024-03-18,2024,3,18,78,Pre-Monsoon,Dhaka,23.71,90.41,28.01,33.61,22.8,10.8,27.7,18.7,53.6,1.02,5.65,341.1,1011.3,10.2,3.2,95,Thunderstorm,28.01,33.61,22.8,1.02,53.61,5.65,341.1,1011.3,NASA POWER MERRA-2 (primary) + ERA5-normals sim (solar/sunshine/weather-code),2,0,12,14,1005,5,0.4975,DENV-2 (70%)/DENV-3,Watch,DGHS/WHO/PMC anchored estimates (daily distribution),3.6,5.6,0.0,0.42,0.43,46.2,56.1,64.5
2024-03-19,2024,3,19,79,Pre-Monsoon,Dhaka,23.71,90.41,27.92,34.53,23.43,11.1,27.7,19.2,56.4,2.0,6.7,344.8,1011.2,21.5,8.0,3,Overcast,27.92,34.53,23.43,2.0,56.38,6.7,344.8,1011.2,NASA POWER MERRA-2 (primary) + ERA5-normals sim (solar/sunshine/weather-code),3,0,9,12,1008,5,0.496,DENV-2 (70%)/DENV-3,Watch,DGHS/WHO/PMC anchored estimates (daily distribution),3.1,5.2,0.0,0.41,0.0,49.3,65.3,59.2
2024-03-20,2024,3,20,80,Pre-Monsoon,Dhaka,23.71,90.41,24.55,28.9,21.17,7.7,24.9,18.1,67.8,2.49,10.3,336.7,1012.7,25.1,4.2,2,Partly cloudy,24.55,28.9,21.17,2.49,67.82,10.3,336.7,1012.7,NASA POWER MERRA-2 (primary) + ERA5-normals sim (solar/sunshine/weather-code),4,0,10,14,1012,5,0.4941,DENV-2 (70%)/DENV-3,Watch,DGHS/WHO/PMC anchored estimates (daily distribution),3.0,4.9,0.0,0.0,0.0,69.0,49.2,54.2
2024-03-21,2024,3,21,81,Pre-Monsoon,Dhaka,23.71,90.41,23.95,29.58,19.47,10.1,24.4,17.7,68.7,3.54,10.4,183.0,1012.7,28.0,9.0,2,Partly cloudy,23.95,29.58,19.47,3.54,68.7,10.4,183.0,1012.7,NASA POWER MERRA-2 (primary) + ERA5-normals sim (solar/sunshine/weather-code),2,0,12,14,1014,5,0.4931,DENV-2 (70%)/DENV-3,Watch,DGHS/WHO/PMC anchored estimates (daily distribution),2.6,4.5,5.22,0.0,0.0,74.7,42.3,59.5
2024-03-22,2024,3,22,82,Pre-Monsoon,Dhaka,23.71,90.41,23.82,29.24,19.1,10.1,24.4,17.9,70.6,7.21,8.24,210.6,1009.5,18.9,8.5,3,Overcast,23.82,29.24,19.1,7.21,70.58,8.24,210.6,1009.5,NASA POWER MERRA-2 (primary) + ERA5-normals sim (solar/sunshine/weather-code),2,0,11,13,1016,5,0.4921,DENV-2 (70%)/DENV-3,Watch,DGHS/WHO/PMC anchored estimates (daily distribution),2.6,4.1,6.31,0.0,0.0,70.3,45.3,57.0
2024-03-23,2024,3,23,83,Pre-Monsoon,Dhaka,23.71,90.41,24.82,31.02,19.41,11.6,25.5,19.6,74.1,9.1,11.2,169.2,1008.6,19.1,10.3,2,Partly cloudy,24.82,31.02,19.41,9.1,74.09,11.2,169.2,1008.6,NASA POWER MERRA-2 (primary) + ERA5-normals sim (solar/sunshine/weather-code),8,0,11,19,1024,5,0.4883,DENV-2 (70%)/DENV-3,Watch,DGHS/WHO/PMC anchored estimates (daily distribution),3.4,4.3,8.89,0.0,0.0,65.8,41.3,51.2
2024-03-24,2024,3,24,84,Pre-Monsoon,Dhaka,23.71,90.41,26.62,32.99,21.76,11.2,27.5,22.0,76.7,11.59,12.6,173.5,1010.3,17.3,9.1,1,Mainly clear,26.62,32.99,21.76,11.59,76.74,12.6,173.5,1010.3,NASA POWER MERRA-2 (primary) + ERA5-normals sim (solar/sunshine/weather-code),6,0,16,22,1030,5,0.4854,DENV-2 (70%)/DENV-3,Watch,DGHS/WHO/PMC anchored estimates (daily distribution),3.9,4.1,0.27,0.0,0.0,57.3,40.1,51.6
2024-03-25,2024,3,25,85,Pre-Monsoon,Dhaka,23.71,90.41,26.55,32.38,22.05,10.3,27.4,21.8,76.5,11.89,9.29,157.0,1010.8,16.0,7.7,3,Overcast,26.55,32.38,22.05,11.89,76.53,9.29,157.0,1010.8,NASA POWER MERRA-2 (primary) + ERA5-normals sim (solar/sunshine/weather-code),7,0,18,25,1037,5,0.4822,DENV-2 (70%)/DENV-3,Watch,DGHS/WHO/PMC anchored estimates (daily distribution),4.6,4.1,1.02,0.0,0.42,53.6,46.2,56.1
2024-03-26,2024,3,26,86,Pre-Monsoon,Dhaka,23.71,90.41,26.57,32.17,21.71,10.5,27.3,21.7,75.5,14.62,8.39,154.9,1011.4,20.3,7.9,3,Overcast,26.57,32.17,21.71,14.62,75.46,8.39,154.9,1011.4,NASA POWER MERRA-2 (primary) + ERA5-normals sim (solar/sunshine/weather-code),9,0,23,32,1046,5,0.478,DENV-2 (70%)/DENV-3,Watch,DGHS/WHO/PMC anchored estimates (daily distribution),5.4,4.3,2.0,0.0,0.41,56.4,49.3,65.3
2024-03-27,2024,3,27,87,Pre-Monsoon,Dhaka,23.71,90.41,27.57,33.26,22.28,11.0,28.0,21.2,68.2,0.07,5.47,180.3,1012.5,15.7,6.5,3,Overcast,27.57,33.26,22.28,0.07,68.22,5.47,180.3,1012.5,NASA POWER MERRA-2 (primary) + ERA5-normals sim (solar/sunshine/weather-code),5,0,30,35,1051,5,0.4757,DENV-2 (70%)/DENV-3,Watch,DGHS/WHO/PMC anchored estimates (daily distribution),5.6,4.3,2.49,0.0,0.0,67.8,69.0,49.2
2024-03-28,2024,3,28,88,Pre-Monsoon,Dhaka,23.71,90.41,27.3,33.11,22.58,10.5,27.9,21.8,72.6,2.67,7.2,146.5,1010.1,22.0,9.2,2,Partly cloudy,27.3,33.11,22.58,2.67,72.64,7.2,146.5,1010.1,NASA POWER MERRA-2 (primary) + ERA5-normals sim (solar/sunshine/weather-code),2,0,27,29,1053,5,0.4748,DENV-2 (70%)/DENV-3,Watch,DGHS/WHO/PMC anchored estimates (daily distribution),5.6,4.1,3.54,5.22,0.0,68.7,74.7,42.3
2024-03-29,2024,3,29,89,Pre-Monsoon,Dhaka,23.71,90.41,26.75,32.56,21.72,10.8,27.5,21.8,75.4,8.6,9.22,144.7,1009.2,14.1,9.2,61,Moderate rain,26.75,32.56,21.72,8.6,75.45,9.22,144.7,1009.2,NASA POWER MERRA-2 (primary) + ERA5-normals sim (solar/sunshine/weather-code),7,0,23,30,1060,5,0.4717,DENV-2 (70%)/DENV-3,Watch,DGHS/WHO/PMC anchored estimates (daily distribution),6.3,4.4,7.21,6.31,0.0,70.6,70.3,45.3
2024-03-30,2024,3,30,90,Pre-Monsoon,Dhaka,23.71,90.41,27.97,33.3,23.62,9.7,29.0,24.0,79.9,11.82,12.49,174.4,1009.5,24.2,7.2,3,Overcast,27.97,33.3,23.62,11.82,79.91,12.49,174.4,1009.5,NASA POWER MERRA-2 (primary) + ERA5-normals sim (solar/sunshine/weather-code),5,0,23,28,1065,5,0.4695,DENV-2 (70%)/DENV-3,Watch,DGHS/WHO/PMC anchored estimates (daily distribution),5.9,4.6,9.1,8.89,0.0,74.1,65.8,41.3
2024-03-31,2024,3,31,91,Pre-Monsoon,Dhaka,23.71,90.41,28.37,34.61,24.49,10.1,29.3,24.2,78.9,12.56,16.52,183.6,1008.9,19.6,6.4,3,Overcast,28.37,34.61,24.49,12.56,78.87,16.52,183.6,1008.9,NASA POWER MERRA-2 (primary) + ERA5-normals sim (solar/sunshine/weather-code),3,0,19,22,1068,5,0.4682,DENV-2 (70%)/DENV-3,Watch,DGHS/WHO/PMC anchored estimates (daily distribution),5.4,4.6,11.59,0.27,0.0,76.7,57.3,40.1
2024-04-01,2024,4,1,92,Pre-Monsoon,Dhaka,23.71,90.41,28.7,35.1,24.59,10.5,29.5,24.0,76.5,14.03,15.12,189.3,1005.3,22.4,8.3,51,Light drizzle,28.7,35.1,24.59,14.03,76.5,15.12,189.3,1005.3,NASA POWER MERRA-2 (primary) + ERA5-normals sim (solar/sunshine/weather-code),2,0,17,19,1070,5,0.4673,DENV-2 (70%)/DENV-3,Watch,DGHS/WHO/PMC anchored estimates (daily distribution),4.7,4.6,11.89,1.02,0.0,76.5,53.6,46.2
2024-04-02,2024,4,2,93,Pre-Monsoon,Dhaka,23.71,90.41,29.14,35.5,24.34,11.2,29.8,23.9,73.7,0.04,13.28,184.4,1005.3,20.2,4.3,51,Light drizzle,29.14,35.5,24.34,0.04,73.71,13.28,184.4,1005.3,NASA POWER MERRA-2 (primary) + ERA5-normals sim (solar/sunshine/weather-code),9,0,17,26,1079,5,0.4634,DENV-2 (70%)/DENV-3,Watch,DGHS/WHO/PMC anchored estimates (daily distribution),4.7,5.1,14.62,2.0,0.0,75.5,56.4,49.3
2024-04-03,2024,4,3,94,Pre-Monsoon,Dhaka,23.71,90.41,29.33,35.75,24.59,11.2,29.8,23.2,69.6,0.22,13.43,208.4,1006.9,16.8,8.5,51,Light drizzle,29.33,35.75,24.59,0.22,69.61,13.43,208.4,1006.9,NASA POWER MERRA-2 (primary) + ERA5-normals sim (solar/sunshine/weather-code),10,0,19,29,1089,5,0.4591,DENV-2 (70%)/DENV-3,Watch,DGHS/WHO/PMC anchored estimates (daily distribution),5.4,5.5,0.07,2.49,0.0,68.2,67.8,69.0
2024-04-04,2024,4,4,95,Pre-Monsoon,Dhaka,23.71,90.41,29.5,35.97,24.73,11.2,30.2,24.3,74.1,0.16,15.66,192.4,1006.7,19.4,7.9,61,Moderate rain,29.5,35.97,24.73,0.16,74.1,15.66,192.4,1006.7,NASA POWER MERRA-2 (primary) + ERA5-normals sim (solar/sunshine/weather-code),9,0,24,33,1098,5,0.4554,DENV-2 (70%)/DENV-3,Watch,DGHS/WHO/PMC anchored estimates (daily distribution),6.4,6.0,2.67,3.54,5.22,72.6,68.7,74.7
2024-04-05,2024,4,5,96,Pre-Monsoon,Dhaka,23.71,90.41,29.28,34.96,24.5,10.5,30.1,24.6,76.4,0.05,15.48,179.3,1005.5,14.8,5.1,61,Moderate rain,29.28,34.96,24.5,0.05,76.37,15.48,179.3,1005.5,NASA POWER MERRA-2 (primary) + ERA5-normals sim (solar/sunshine/weather-code),4,0,30,34,1102,5,0.4537,DENV-2 (70%)/DENV-3,Watch,DGHS/WHO/PMC anchored estimates (daily distribution),6.0,6.1,8.6,7.21,6.31,75.4,70.6,70.3
2024-04-06,2024,4,6,97,Pre-Monsoon,Dhaka,23.71,90.41,30.37,37.57,24.64,12.9,30.8,24.2,69.2,0.04,13.39,193.3,1005.3,20.8,5.7,51,Light drizzle,30.37,37.57,24.64,0.04,69.2,13.39,193.3,1005.3,NASA POWER MERRA-2 (primary) + ERA5-normals sim (solar/sunshine/weather-code),24,0,32,56,1126,5,0.444,DENV-2 (70%)/DENV-3,Moderate,DGHS/WHO/PMC anchored estimates (daily distribution),8.7,7.3,11.82,9.1,8.89,79.9,74.1,65.8
2024-04-07,2024,4,7,98,Pre-Monsoon,Dhaka,23.71,90.41,29.87,36.35,24.7,11.7,30.4,23.9,70.2,0.86,10.12,184.7,1005.9,23.0,6.8,80,Rain showers,29.87,36.35,24.7,0.86,70.17,10.12,184.7,1005.9,NASA POWER MERRA-2 (primary) + ERA5-normals sim (solar/sunshine/weather-code),9,0,47,56,1135,5,0.4405,DENV-2 (70%)/DENV-3,Watch,DGHS/WHO/PMC anchored estimates (daily distribution),9.6,7.5,12.56,11.59,0.27,78.9,76.7,57.3
2024-04-08,2024,4,8,99,Pre-Monsoon,Dhaka,23.71,90.41,29.46,36.5,23.45,13.0,29.3,20.7,56.2,0.12,10.62,279.5,1008.9,18.6,5.8,3,Overcast,29.46,36.5,23.45,0.12,56.23,10.62,279.5,1008.9,NASA POWER MERRA-2 (primary) + ERA5-normals sim (solar/sunshine/weather-code),10,0,46,56,1145,5,0.4367,DENV-2 (70%)/DENV-3,Watch,DGHS/WHO/PMC anchored estimates (daily distribution),10.7,7.7,14.03,11.89,1.02,76.5,76.5,53.6
2024-04-09,2024,4,9,100,Pre-Monsoon,Dhaka,23.71,90.41,29.76,36.0,23.54,12.5,29.2,19.6,49.0,0.0,4.5,113.4,1009.5,20.1,7.7,2,Partly cloudy,29.76,36.0,23.54,0.0,48.97,4.5,113.4,1009.5,NASA POWER MERRA-2 (primary) + ERA5-normals sim (solar/sunshine/weather-code),9,0,47,56,1154,5,0.4333,DENV-2 (70%)/DENV-3,Watch,DGHS/WHO/PMC anchored estimates (daily distribution),10.7,7.7,0.04,14.62,2.0,73.7,75.5,56.4
2024-04-10,2024,4,10,101,Pre-Monsoon,Dhaka,23.71,90.41,30.11,35.8,24.78,11.0,29.3,19.0,44.5,0.0,3.42,22.3,1009.7,17.1,6.8,80,Rain showers,30.11,35.8,24.78,0.0,44.51,3.42,22.3,1009.7,NASA POWER MERRA-2 (primary) + ERA5-normals sim (solar/sunshine/weather-code),15,0,52,67,1169,5,0.4277,DENV-2 (70%)/DENV-3,Watch,DGHS/WHO/PMC anchored estimates (daily distribution),11.4,8.4,0.22,0.07,2.49,69.6,68.2,67.8
2024-04-11,2024,4,11,102,Pre-Monsoon,Dhaka,23.71,90.41,28.83,36.06,22.24,13.8,28.4,19.0,50.9,0.0,7.67,33.2,1010.4,16.4,6.9,51,Light drizzle,28.83,36.06,22.24,0.0,50.92,7.67,33.2,1010.4,NASA POWER MERRA-2 (primary) + ERA5-normals sim (solar/sunshine/weather-code),7,0,43,50,1176,5,0.4252,DENV-2 (70%)/DENV-3,Watch,DGHS/WHO/PMC anchored estimates (daily distribution),11.1,8.8,0.16,2.67,3.54,74.1,72.6,68.7
2024-04-12,2024,4,12,103,Pre-Monsoon,Dhaka,23.71,90.41,30.2,36.7,23.77,12.9,29.6,19.8,48.1,0.0,8.32,8.8,1009.8,10.3,1.6,80,Rain showers,30.2,36.7,23.77,0.0,48.11,8.32,8.8,1009.8,NASA POWER MERRA-2 (primary) + ERA5-normals sim (solar/sunshine/weather-code),13,0,41,54,1189,5,0.4205,DENV-2 (70%)/DENV-3,Watch,DGHS/WHO/PMC anchored estimates (daily distribution),12.4,9.2,0.05,8.6,7.21,76.4,75.4,70.6
2024-04-13,2024,4,13,104,Pre-Monsoon,Dhaka,23.71,90.41,30.08,36.79,23.18,13.6,29.6,20.0,49.5,0.0,6.23,52.7,1009.3,10.2,2.7,80,Rain showers,30.08,36.79,23.18,0.0,49.5,6.23,52.7,1009.3,NASA POWER MERRA-2 (primary) + ERA5-normals sim (solar/sunshine/weather-code),14,0,44,58,1203,5,0.4156,DENV-2 (70%)/DENV-3,Watch,DGHS/WHO/PMC anchored estimates (daily distribution),11.0,9.9,0.04,11.82,9.1,69.2,79.9,74.1
2024-04-14,2024,4,14,105,Pre-Monsoon,Dhaka,23.71,90.41,31.1,37.29,24.65,12.6,30.4,20.5,46.9,0.0,4.32,36.2,1009.3,22.6,6.2,3,Overcast,31.1,37.29,24.65,0.0,46.88,4.32,36.2,1009.3,NASA POWER MERRA-2 (primary) + ERA5-normals sim (solar/sunshine/weather-code),8,0,49,57,1211,5,0.4129,DENV-2 (70%)/DENV-3,Watch,DGHS/WHO/PMC anchored estimates (daily distribution),10.9,10.2,0.86,12.56,11.59,70.2,78.9,76.7
2024-04-15,2024,4,15,106,Pre-Monsoon,Dhaka,23.71,90.41,31.74,38.13,25.92,12.2,31.1,21.1,46.8,0.0,5.36,184.6,1008.7,18.2,6.4,2,Partly cloudy,31.74,38.13,25.92,0.0,46.82,5.36,184.6,1008.7,NASA POWER MERRA-2 (primary) + ERA5-normals sim (solar/sunshine/weather-code),14,0,42,56,1225,5,0.4082,DENV-2 (70%)/DENV-3,Watch,DGHS/WHO/PMC anchored estimates (daily distribution),11.4,11.1,0.12,14.03,11.89,56.2,76.5,76.5
2024-04-16,2024,4,16,107,Pre-Monsoon,Dhaka,23.71,90.41,31.5,38.71,25.43,13.3,31.4,23.0,57.6,1.17,11.09,197.2,1006.5,23.8,8.1,51,Light drizzle,31.5,38.71,25.43,1.17,57.57,11.09,197.2,1006.5,NASA POWER MERRA-2 (primary) + ERA5-normals sim (solar/sunshine/weather-code),13,0,49,62,1238,5,0.4039,DENV-2 (70%)/DENV-3,Watch,DGHS/WHO/PMC anchored estimates (daily distribution),12.0,11.4,0.0,0.04,14.62,49.0,73.7,75.5
2024-04-17,2024,4,17,108,Pre-Monsoon,Dhaka,23.71,90.41,30.95,38.07,25.44,12.6,31.4,24.6,68.2,9.47,14.58,188.0,1004.7,20.8,7.6,51,Light drizzle,30.95,38.07,25.44,9.47,68.25,14.58,188.0,1004.7,NASA POWER MERRA-2 (primary) + ERA5-normals sim (solar/sunshine/weather-code),32,0,49,81,1270,5,0.3937,DENV-2 (70%)/DENV-3,Moderate,DGHS/WHO/PMC anchored estimates (daily distribution),14.4,12.9,0.0,0.22,0.07,44.5,69.6,68.2
2024-04-18,2024,4,18,109,Pre-Monsoon,Dhaka,23.71,90.41,30.68,36.64,26.46,10.2,31.3,25.3,73.3,8.62,13.82,161.9,1004.0,15.8,7.2,80,Rain showers,30.68,36.64,26.46,8.62,73.3,13.82,161.9,1004.0,NASA POWER MERRA-2 (primary) + ERA5-normals sim (solar/sunshine/weather-code),19,0,67,86,1289,5,0.3879,DENV-2 (70%)/DENV-3,Watch,DGHS/WHO/PMC anchored estimates (daily distribution),16.1,13.6,0.0,0.16,2.67,50.9,74.1,72.6
2024-04-19,2024,4,19,110,Pre-Monsoon,Dhaka,23.71,90.41,31.38,39.39,26.09,13.3,31.7,24.8,67.1,2.97,18.43,189.8,1001.5,18.2,8.1,2,Partly cloudy,31.38,39.39,26.09,2.97,67.1,18.43,189.8,1001.5,NASA POWER MERRA-2 (primary) + ERA5-normals sim (solar/sunshine/weather-code),10,0,78,88,1299,5,0.3849,DENV-2 (70%)/DENV-3,Watch,DGHS/WHO/PMC anchored estimates (daily distribution),15.7,14.1,0.0,0.05,8.6,48.1,76.4,75.4
2024-04-20,2024,4,20,111,Pre-Monsoon,Dhaka,23.71,90.41,32.11,40.82,26.34,14.5,32.3,24.8,63.7,0.86,18.5,203.7,1001.0,18.1,8.0,51,Light drizzle,32.11,40.82,26.34,0.86,63.71,18.5,203.7,1001.0,NASA POWER MERRA-2 (primary) + ERA5-normals sim (solar/sunshine/weather-code),15,0,74,89,1314,5,0.3805,DENV-2 (70%)/DENV-3,Watch,DGHS/WHO/PMC anchored estimates (daily distribution),15.9,13.4,0.0,0.04,11.82,49.5,69.2,79.9
2024-04-21,2024,4,21,112,Pre-Monsoon,Dhaka,23.71,90.41,32.03,40.3,26.22,14.1,32.4,25.4,66.7,0.07,17.24,186.3,1002.6,24.1,7.4,61,Moderate rain,32.03,40.3,26.22,0.07,66.67,17.24,186.3,1002.6,NASA POWER MERRA-2 (primary) + ERA5-normals sim (solar/sunshine/weather-code),9,0,76,85,1323,5,0.3779,DENV-2 (70%)/DENV-3,Watch,DGHS/WHO/PMC anchored estimates (daily distribution),16.0,13.4,0.0,0.86,12.56,46.9,70.2,78.9
2024-04-22,2024,4,22,113,Pre-Monsoon,Dhaka,23.71,90.41,32.01,39.82,27.14,12.7,32.3,25.0,65.1,0.23,14.8,180.8,1004.0,9.8,2.8,80,Rain showers,32.01,39.82,27.14,0.23,65.1,14.8,180.8,1004.0,NASA POWER MERRA-2 (primary) + ERA5-normals sim (solar/sunshine/weather-code),12,0,53,65,1335,5,0.3745,DENV-2 (70%)/DENV-3,Watch,DGHS/WHO/PMC anchored estimates (daily distribution),15.7,13.6,0.0,0.12,14.03,46.8,56.2,76.5
2024-04-23,2024,4,23,114,Pre-Monsoon,Dhaka,23.71,90.41,31.69,39.26,25.97,13.3,31.7,23.6,59.3,0.05,13.5,187.1,1003.8,24.3,5.5,3,Overcast,31.69,39.26,25.97,0.05,59.32,13.5,187.1,1003.8,NASA POWER MERRA-2 (primary) + ERA5-normals sim (solar/sunshine/weather-code),6,0,46,52,1341,5,0.3729,DENV-2 (70%)/DENV-3,Watch,DGHS/WHO/PMC anchored estimates (daily distribution),14.7,13.4,1.17,0.0,0.04,57.6,49.0,73.7
2024-04-24,2024,4,24,115,Pre-Monsoon,Dhaka,23.71,90.41,32.33,39.77,26.59,13.2,32.1,23.5,55.8,0.01,13.54,195.0,1003.4,20.7,9.0,51,Light drizzle,32.33,39.77,26.59,0.01,55.75,13.54,195.0,1003.4,NASA POWER MERRA-2 (primary) + ERA5-normals sim (solar/sunshine/weather-code),14,0,42,56,1355,5,0.369,DENV-2 (70%)/DENV-3,Watch,DGHS/WHO/PMC anchored estimates (daily distribution),12.1,13.3,9.47,0.0,0.22,68.2,44.5,69.6
2024-04-25,2024,4,25,116,Pre-Monsoon,Dhaka,23.71,90.41,32.87,40.84,26.25,14.6,32.7,24.3,57.4,0.01,12.85,189.1,1003.6,17.7,6.5,51,Light drizzle,32.87,40.84,26.25,0.01,57.38,12.85,189.1,1003.6,NASA POWER MERRA-2 (primary) + ERA5-normals sim (solar/sunshine/weather-code),10,0,41,51,1365,5,0.3663,DENV-2 (70%)/DENV-3,Watch,DGHS/WHO/PMC anchored estimates (daily distribution),10.9,13.5,8.62,0.0,0.16,73.3,50.9,74.1
2024-04-26,2024,4,26,117,Pre-Monsoon,Dhaka,23.71,90.41,32.71,40.43,26.12,14.3,32.7,24.5,58.9,0.11,15.34,192.3,1003.8,19.3,6.0,2,Partly cloudy,32.71,40.43,26.12,0.11,58.93,15.34,192.3,1003.8,NASA POWER MERRA-2 (primary) + ERA5-normals sim (solar/sunshine/weather-code),13,0,42,55,1378,5,0.3628,DENV-2 (70%)/DENV-3,Watch,DGHS/WHO/PMC anchored estimates (daily distribution),11.3,13.5,2.97,0.0,0.05,67.1,48.1,76.4
2024-04-27,2024,4,27,118,Pre-Monsoon,Dhaka,23.71,90.41,32.72,40.77,26.42,14.4,32.8,24.9,61.0,0.39,14.11,179.2,1003.5,18.8,5.8,51,Light drizzle,32.72,40.77,26.42,0.39,61.03,14.11,179.2,1003.5,NASA POWER MERRA-2 (primary) + ERA5-normals sim (solar/sunshine/weather-code),37,2,41,80,1415,7,0.4947,DENV-2 (70%)/DENV-3,Moderate,DGHS/WHO/PMC anchored estimates (daily distribution),14.4,15.1,0.86,0.0,0.04,63.7,49.5,69.2
2024-04-28,2024,4,28,119,Pre-Monsoon,Dhaka,23.71,90.41,33.19,41.04,26.81,14.2,33.2,25.2,59.9,0.27,15.73,188.8,1003.7,18.1,6.1,80,Rain showers,33.19,41.04,26.81,0.27,59.88,15.73,188.8,1003.7,NASA POWER MERRA-2 (primary) + ERA5-normals sim (solar/sunshine/weather-code),17,1,73,91,1432,8,0.5587,DENV-2 (70%)/DENV-3,Watch,DGHS/WHO/PMC anchored estimates (daily distribution),15.6,15.8,0.07,0.0,0.86,66.7,46.9,70.2
2024-04-29,2024,4,29,120,Pre-Monsoon,Dhaka,23.71,90.41,33.33,41.53,27.26,14.3,33.3,25.2,59.4,0.47,14.72,187.1,1004.2,14.5,7.0,2,Partly cloudy,33.33,41.53,27.26,0.47,59.37,14.72,187.1,1004.2,NASA POWER MERRA-2 (primary) + ERA5-normals sim (solar/sunshine/weather-code),21,0,77,98,1453,8,0.5506,DENV-2 (70%)/DENV-3,Moderate,DGHS/WHO/PMC anchored estimates (daily distribution),16.9,16.3,0.23,0.0,0.12,65.1,46.8,56.2
2024-04-30,2024,4,30,121,Pre-Monsoon,Dhaka,23.71,90.41,33.49,42.7,26.91,15.8,33.5,25.6,60.7,0.02,19.01,180.9,1000.8,20.5,5.4,61,Moderate rain,33.49,42.7,26.91,0.02,60.73,19.01,180.9,1000.8,NASA POWER MERRA-2 (primary) + ERA5-normals sim (solar/sunshine/weather-code),14,0,88,102,1467,8,0.5453,DENV-2 (70%)/DENV-3,Watch,DGHS/WHO/PMC anchored estimates (daily distribution),18.0,16.4,0.05,1.17,0.0,59.3,57.6,49.0
2024-05-01,2024,5,1,122,Pre-Monsoon,Dhaka,23.71,90.41,33.14,41.73,27.2,14.5,33.2,25.4,61.5,0.29,15.55,172.6,1000.2,15.4,7.3,1,Mainly clear,33.14,41.73,27.2,0.29,61.5,15.55,172.6,1000.2,NASA POWER MERRA-2 (primary) + ERA5-normals sim (solar/sunshine/weather-code),16,0,89,105,1483,8,0.5394,DENV-2 (70%)/DENV-3,Watch,DGHS/WHO/PMC anchored estimates (daily distribution),18.3,15.2,0.01,9.47,0.0,55.8,68.2,44.5
2024-05-02,2024,5,2,123,Pre-Monsoon,Dhaka,23.71,90.41,31.87,39.83,27.5,12.3,32.3,25.5,68.2,6.57,15.44,176.4,1000.7,17.5,7.4,80,Rain showers,31.87,39.83,27.5,6.57,68.18,15.44,176.4,1000.7,NASA POWER MERRA-2 (primary) + ERA5-normals sim (solar/sunshine/weather-code),59,1,67,127,1542,9,0.5837,DENV-2 (70%)/DENV-3,Moderate,DGHS/WHO/PMC anchored estimates (daily distribution),25.3,18.1,0.01,8.62,0.0,57.4,73.3,50.9
2024-05-03,2024,5,3,124,Pre-Monsoon,Dhaka,23.71,90.41,31.83,38.74,25.76,13.0,32.0,24.6,64.1,4.05,11.23,161.9,1004.2,16.9,4.8,80,Rain showers,31.83,38.74,25.76,4.05,64.11,11.23,161.9,1004.2,NASA POWER MERRA-2 (primary) + ERA5-normals sim (solar/sunshine/weather-code),25,0,110,135,1567,9,0.5743,DENV-2 (70%)/DENV-3,Moderate,DGHS/WHO/PMC anchored estimates (daily distribution),27.0,19.1,0.11,2.97,0.0,58.9,67.1,48.1
2024-05-04,2024,5,4,125,Pre-Monsoon,Dhaka,23.71,90.41,31.11,36.27,26.83,9.4,31.4,24.4,66.2,6.25,12.82,167.8,1005.1,14.9,5.8,51,Light drizzle,31.11,36.27,26.83,6.25,66.2,12.82,167.8,1005.1,NASA POWER MERRA-2 (primary) + ERA5-normals sim (solar/sunshine/weather-code),52,0,114,166,1619,9,0.5559,DENV-2 (70%)/DENV-3,Moderate,DGHS/WHO/PMC anchored estimates (daily distribution),29.1,21.8,0.39,0.86,0.0,61.0,63.7,49.5
2024-05-05,2024,5,5,126,Pre-Monsoon,Dhaka,23.71,90.41,30.22,35.25,26.84,8.4,31.0,25.4,75.8,13.99,20.05,170.5,1002.8,14.2,4.1,80,Rain showers,30.22,35.25,26.84,13.99,75.78,20.05,170.5,1002.8,NASA POWER MERRA-2 (primary) + ERA5-normals sim (solar/sunshine/weather-code),19,0,152,171,1638,9,0.5495,DENV-2 (70%)/DENV-3,Watch,DGHS/WHO/PMC anchored estimates (daily distribution),29.4,22.5,0.27,0.07,0.0,59.9,66.7,46.9
2024-05-06,2024,5,6,127,Pre-Monsoon,Dhaka,23.71,90.41,28.76,33.34,26.17,7.2,30.0,25.6,84.3,36.08,18.97,156.9,1006.1,7.7,2.3,80,Rain showers,28.76,33.34,26.17,36.08,84.27,18.97,156.9,1006.1,NASA POWER MERRA-2 (primary) + ERA5-normals sim (solar/sunshine/weather-code),48,0,155,203,1686,9,0.5338,DENV-2 (70%)/DENV-3,Moderate,DGHS/WHO/PMC anchored estimates (daily distribution),33.3,25.1,0.47,0.23,0.0,59.4,65.1,46.8
2024-05-07,2024,5,7,128,Pre-Monsoon,Dhaka,23.71,90.41,27.91,32.25,25.3,7.0,28.8,23.4,77.6,21.0,7.2,102.2,1009.3,17.8,7.7,2,Partly cloudy,27.91,32.25,25.3,21.0,77.59,7.2,102.2,1009.3,NASA POWER MERRA-2 (primary) + ERA5-normals sim (solar/sunshine/weather-code),38,0,144,182,1724,9,0.522,DENV-2 (70%)/DENV-3,Moderate,DGHS/WHO/PMC anchored estimates (daily distribution),36.7,27.4,0.02,0.05,1.17,60.7,59.3,57.6
2024-05-08,2024,5,8,129,Pre-Monsoon,Dhaka,23.71,90.41,26.57,29.15,23.7,5.4,27.4,21.8,76.2,40.83,5.51,105.8,1009.3,17.8,4.6,61,Moderate rain,26.57,29.15,23.7,40.83,76.18,5.51,105.8,1009.3,NASA POWER MERRA-2 (primary) + ERA5-normals sim (solar/sunshine/weather-code),22,0,157,179,1746,9,0.5155,DENV-2 (70%)/DENV-3,Moderate,DGHS/WHO/PMC anchored estimates (daily distribution),37.6,27.9,0.29,0.01,9.47,61.5,55.8,68.2
2024-05-09,2024,5,9,130,Pre-Monsoon,Dhaka,23.71,90.41,27.99,31.95,22.69,9.3,28.5,21.9,69.5,0.99,5.33,186.4,1008.5,9.9,3.0,80,Rain showers,27.99,31.95,22.69,0.99,69.47,5.33,186.4,1008.5,NASA POWER MERRA-2 (primary) + ERA5-normals sim (solar/sunshine/weather-code),21,0,127,148,1767,9,0.5093,DENV-2 (70%)/DENV-3,Moderate,DGHS/WHO/PMC anchored estimates (daily distribution),32.1,28.7,6.57,0.01,8.62,68.2,57.4,73.3
2024-05-10,2024,5,10,131,Pre-Monsoon,Dhaka,23.71,90.41,28.46,31.47,25.26,6.2,29.0,22.6,70.5,4.94,5.18,225.7,1008.5,19.0,5.9,1,Mainly clear,28.46,31.47,25.26,4.94,70.54,5.18,225.7,1008.5,NASA POWER MERRA-2 (primary) + ERA5-normals sim (solar/sunshine/weather-code),42,1,128,171,1809,10,0.5528,DENV-2 (70%)/DENV-3,Moderate,DGHS/WHO/PMC anchored estimates (daily distribution),34.6,30.8,4.05,0.11,2.97,64.1,58.9,67.1
2024-05-11,2024,5,11,132,Pre-Monsoon,Dhaka,23.71,90.41,27.64,30.88,24.91,6.0,28.8,24.2,82.6,27.5,8.46,174.2,1009.2,19.0,5.1,2,Partly cloudy,27.64,30.88,24.91,27.5,82.61,8.46,174.2,1009.2,NASA POWER MERRA-2 (primary) + ERA5-normals sim (solar/sunshine/weather-code),95,1,122,218,1904,11,0.5777,DENV-2 (70%)/DENV-3,High,DGHS/WHO/PMC anchored estimates (daily distribution),40.7,34.9,6.25,0.39,0.86,66.2,61.0,63.7
2024-05-12,2024,5,12,133,Pre-Monsoon,Dhaka,23.71,90.41,28.15,32.53,23.93,8.6,29.0,23.8,78.0,4.91,6.55,147.1,1009.3,15.8,5.5,61,Moderate rain,28.15,32.53,23.93,4.91,77.96,6.55,147.1,1009.3,NASA POWER MERRA-2 (primary) + ERA5-normals sim (solar/sunshine/weather-code),35,0,180,215,1939,11,0.5673,DENV-2 (70%)/DENV-3,Moderate,DGHS/WHO/PMC anchored estimates (daily distribution),43.0,36.2,13.99,0.27,0.07,75.8,59.9,66.7
2024-05-13,2024,5,13,134,Pre-Monsoon,Dhaka,23.71,90.41,28.77,32.51,24.89,7.6,29.6,24.0,76.4,1.69,5.72,180.2,1008.5,14.3,8.5,3,Overcast,28.77,32.51,24.89,1.69,76.35,5.72,180.2,1008.5,NASA POWER MERRA-2 (primary) + ERA5-normals sim (solar/sunshine/weather-code),23,0,193,216,1962,11,0.5607,DENV-2 (70%)/DENV-3,Moderate,DGHS/WHO/PMC anchored estimates (daily distribution),39.4,36.4,36.08,0.47,0.23,84.3,59.4,65.1
2024-05-14,2024,5,14,135,Pre-Monsoon,Dhaka,23.71,90.41,29.62,34.02,25.67,8.4,30.4,24.8,75.8,1.22,6.55,207.7,1007.9,9.1,2.4,80,Rain showers,29.62,34.02,25.67,1.22,75.82,6.55,207.7,1007.9,NASA POWER MERRA-2 (primary) + ERA5-normals sim (solar/sunshine/weather-code),13,0,195,208,1975,11,0.557,DENV-2 (70%)/DENV-3,Watch,DGHS/WHO/PMC anchored estimates (daily distribution),35.9,36.3,21.0,0.02,0.05,77.6,60.7,59.3
2024-05-15,2024,5,15,136,Pre-Monsoon,Dhaka,23.71,90.41,29.59,33.44,26.24,7.2,30.5,25.1,77.4,0.12,7.13,204.4,1009.1,9.5,2.9,80,Rain showers,29.59,33.44,26.24,0.12,77.43,7.13,204.4,1009.1,NASA POWER MERRA-2 (primary) + ERA5-normals sim (solar/sunshine/weather-code),21,0,166,187,1996,11,0.5511,DENV-2 (70%)/DENV-3,Moderate,DGHS/WHO/PMC anchored estimates (daily distribution),35.7,36.6,40.83,0.29,0.01,76.2,61.5,55.8
2024-05-16,2024,5,16,137,Pre-Monsoon,Dhaka,23.71,90.41,30.0,34.19,25.45,8.7,30.7,24.7,73.3,0.0,6.52,221.7,1008.0,15.5,7.3,61,Moderate rain,30.0,34.19,25.45,0.0,73.31,6.52,221.7,1008.0,NASA POWER MERRA-2 (primary) + ERA5-normals sim (solar/sunshine/weather-code),48,1,91,140,2044,12,0.5871,DENV-2 (70%)/DENV-3,Moderate,DGHS/WHO/PMC anchored estimates (daily distribution),39.6,35.9,0.99,6.57,0.01,69.5,68.2,57.4
2024-05-17,2024,5,17,138,Pre-Monsoon,Dhaka,23.71,90.41,30.3,34.37,25.69,8.7,31.0,25.1,73.9,0.04,10.48,208.6,1005.8,8.8,2.7,80,Rain showers,30.3,34.37,25.69,0.04,73.86,10.48,208.6,1005.8,NASA POWER MERRA-2 (primary) + ERA5-normals sim (solar/sunshine/weather-code),22,0,105,127,2066,12,0.5808,DENV-2 (70%)/DENV-3,Moderate,DGHS/WHO/PMC anchored estimates (daily distribution),36.7,35.6,4.94,4.05,0.11,70.5,64.1,58.9
2024-05-18,2024,5,18,139,Pre-Monsoon,Dhaka,23.71,90.41,29.63,34.04,27.04,7.0,30.7,26.0,81.6,7.23,10.94,171.8,1004.5,16.7,5.9,2,Partly cloudy,29.63,34.04,27.04,7.23,81.6,10.94,171.8,1004.5,NASA POWER MERRA-2 (primary) + ERA5-normals sim (solar/sunshine/weather-code),28,0,104,132,2094,12,0.5731,DENV-2 (70%)/DENV-3,Moderate,DGHS/WHO/PMC anchored estimates (daily distribution),27.1,33.9,27.5,6.25,0.39,82.6,66.2,61.0
2024-05-19,2024,5,19,140,Pre-Monsoon,Dhaka,23.71,90.41,29.73,34.11,26.64,7.5,30.8,25.9,80.7,6.96,9.5,170.1,1003.4,12.7,7.2,61,Moderate rain,29.73,34.11,26.64,6.96,80.7,9.5,170.1,1003.4,NASA POWER MERRA-2 (primary) + ERA5-normals sim (solar/sunshine/weather-code),42,1,118,161,2136,13,0.6086,DENV-2 (70%)/DENV-3,Moderate,DGHS/WHO/PMC anchored estimates (daily distribution),28.1,35.6,4.91,13.99,0.27,78.0,75.8,59.9
2024-05-20,2024,5,20,141,Pre-Monsoon,Dhaka,23.71,90.41,29.8,33.87,26.01,7.9,30.6,25.1,76.6,8.71,5.47,143.6,1004.4,17.1,8.2,51,Light drizzle,29.8,33.87,26.01,8.71,76.62,5.47,143.6,1004.4,NASA POWER MERRA-2 (primary) + ERA5-normals sim (solar/sunshine/weather-code),32,1,139,172,2168,14,0.6458,DENV-2 (70%)/DENV-3,Moderate,DGHS/WHO/PMC anchored estimates (daily distribution),29.4,34.4,1.69,36.08,0.47,76.4,84.3,59.4
2024-05-21,2024,5,21,142,Pre-Monsoon,Dhaka,23.71,90.41,30.46,34.46,26.29,8.2,31.0,24.7,71.2,7.4,3.96,181.0,1004.3,16.6,7.3,51,Light drizzle,30.46,34.46,26.29,7.4,71.18,3.96,181.0,1004.3,NASA POWER MERRA-2 (primary) + ERA5-normals sim (solar/sunshine/weather-code),35,0,124,159,2203,14,0.6355,DENV-2 (70%)/DENV-3,Moderate,DGHS/WHO/PMC anchored estimates (daily distribution),32.6,34.2,1.22,21.0,0.02,75.8,77.6,60.7
2024-05-22,2024,5,22,143,Pre-Monsoon,Dhaka,23.71,90.41,30.8,34.2,26.83,7.4,31.5,25.5,73.3,6.39,5.04,182.2,1004.4,17.4,7.0,80,Rain showers,30.8,34.2,26.83,6.39,73.27,5.04,182.2,1004.4,NASA POWER MERRA-2 (primary) + ERA5-normals sim (solar/sunshine/weather-code),64,0,137,201,2267,14,0.6176,DENV-2 (70%)/DENV-3,Moderate,DGHS/WHO/PMC anchored estimates (daily distribution),38.7,37.2,0.12,40.83,0.29,77.4,76.2,61.5
2024-05-23,2024,5,23,144,Pre-Monsoon,Dhaka,23.71,90.41,31.69,35.55,27.66,7.9,32.1,25.4,68.7,1.14,4.5,145.6,1002.7,13.0,6.7,3,Overcast,31.69,35.55,27.66,1.14,68.73,4.5,145.6,1002.7,NASA POWER MERRA-2 (primary) + ERA5-normals sim (solar/sunshine/weather-code),31,0,173,204,2298,14,0.6092,DENV-2 (70%)/DENV-3,Moderate,DGHS/WHO/PMC anchored estimates (daily distribution),36.3,37.9,0.0,0.99,6.57,73.3,69.5,68.2
2024-05-24,2024,5,24,145,Pre-Monsoon,Dhaka,23.71,90.41,32.38,37.2,27.63,9.6,32.8,26.2,69.1,3.29,5.8,121.8,1000.5,14.7,4.9,1,Mainly clear,32.38,37.2,27.63,3.29,69.12,5.8,121.8,1000.5,NASA POWER MERRA-2 (primary) + ERA5-normals sim (solar/sunshine/weather-code),14,0,162,176,2312,14,0.6055,DENV-2 (70%)/DENV-3,Watch,DGHS/WHO/PMC anchored estimates (daily distribution),35.1,35.9,0.04,4.94,4.05,73.9,70.5,64.1
2024-05-25,2024,5,25,146,Pre-Monsoon,Dhaka,23.71,90.41,31.52,36.14,27.67,8.5,32.3,26.7,75.7,2.6,8.78,143.6,998.9,17.1,5.3,1,Mainly clear,31.52,36.14,27.67,2.6,75.67,8.78,143.6,998.9,NASA POWER MERRA-2 (primary) + ERA5-normals sim (solar/sunshine/weather-code),31,0,144,175,2343,14,0.5975,DENV-2 (70%)/DENV-3,Moderate,DGHS/WHO/PMC anchored estimates (daily distribution),35.6,31.4,7.23,27.5,6.25,81.6,82.6,66.2
2024-05-26,2024,5,26,147,Pre-Monsoon,Dhaka,23.71,90.41,29.75,32.98,27.79,5.2,31.0,26.9,85.6,50.54,24.26,92.5,997.1,20.8,5.5,61,Moderate rain,29.75,32.98,27.79,50.54,85.64,24.26,92.5,997.1,NASA POWER MERRA-2 (primary) + ERA5-normals sim (solar/sunshine/weather-code),32,0,140,172,2375,14,0.5895,DENV-2 (70%)/DENV-3,Moderate,DGHS/WHO/PMC anchored estimates (daily distribution),34.1,31.1,6.96,4.91,13.99,80.7,78.0,75.8
2024-05-27,2024,5,27,148,Pre-Monsoon,Dhaka,23.71,90.41,28.68,30.44,27.35,3.1,30.2,26.8,90.4,67.57,53.64,149.3,989.4,18.2,6.0,61,Moderate rain,28.68,30.44,27.35,67.57,90.36,53.64,149.3,989.4,NASA POWER MERRA-2 (primary) + ERA5-normals sim (solar/sunshine/weather-code),27,0,108,135,2402,14,0.5828,DENV-2 (70%)/DENV-3,Moderate,DGHS/WHO/PMC anchored estimates (daily distribution),33.4,31.4,8.71,1.69,36.08,76.6,76.4,84.3
2024-05-28,2024,5,28,149,Pre-Monsoon,Dhaka,23.71,90.41,28.29,31.34,25.41,5.9,29.8,26.3,90.0,103.52,27.9,213.6,995.2,16.9,6.0,2,Partly cloudy,28.29,31.34,25.41,103.52,90.01,27.9,213.6,995.2,NASA POWER MERRA-2 (primary) + ERA5-normals sim (solar/sunshine/weather-code),20,0,104,124,2422,14,0.578,DENV-2 (70%)/DENV-3,Moderate,DGHS/WHO/PMC anchored estimates (daily distribution),31.3,31.9,7.4,1.22,21.0,71.2,75.8,77.6
2024-05-29,2024,5,29,150,Pre-Monsoon,Dhaka,23.71,90.41,29.93,33.08,28.24,4.8,31.4,27.9,89.8,13.73,22.43,173.4,999.0,7.4,2.8,80,Rain showers,29.93,33.08,28.24,13.73,89.83,22.43,173.4,999.0,NASA POWER MERRA-2 (primary) + ERA5-normals sim (solar/sunshine/weather-code),27,0,110,137,2449,14,0.5717,DENV-2 (70%)/DENV-3,Moderate,DGHS/WHO/PMC anchored estimates (daily distribution),26.0,32.4,6.39,0.12,40.83,73.3,77.4,76.2
2024-05-30,2024,5,30,151,Pre-Monsoon,Dhaka,23.71,90.41,29.71,32.23,28.14,4.1,31.2,27.7,90.0,4.67,20.12,168.4,1001.3,18.8,6.0,3,Overcast,29.71,32.23,28.14,4.67,89.97,20.12,168.4,1001.3,NASA POWER MERRA-2 (primary) + ERA5-normals sim (solar/sunshine/weather-code),16,0,106,122,2465,14,0.568,DENV-2 (70%)/DENV-3,Watch,DGHS/WHO/PMC anchored estimates (daily distribution),23.9,30.1,1.14,0.0,0.99,68.7,73.3,69.5
2024-05-31,2024,5,31,152,Pre-Monsoon,Dhaka,23.71,90.41,29.74,32.67,27.75,4.9,31.1,27.2,87.2,2.42,13.72,183.7,1002.8,9.5,2.1,61,Moderate rain,29.74,32.67,27.75,2.42,87.25,13.72,183.7,1002.8,NASA POWER MERRA-2 (primary) + ERA5-normals sim (solar/sunshine/weather-code),12,0,90,102,2477,14,0.5652,DENV-2 (70%)/DENV-3,Watch,DGHS/WHO/PMC anchored estimates (daily distribution),23.6,29.4,3.29,0.04,4.94,69.1,73.9,70.5
2024-06-01,2024,6,1,153,Monsoon,Dhaka,23.71,90.41,29.76,33.31,26.87,6.4,31.0,26.6,84.3,0.74,12.24,190.0,1004.1,11.3,6.5,61,Moderate rain,29.76,33.31,26.87,0.74,84.34,12.24,190.0,1004.1,NASA POWER MERRA-2 (primary) + ERA5-normals sim (solar/sunshine/weather-code),158,0,75,233,2635,14,0.5313,DENV-2 (70%)/DENV-3,High,DGHS/WHO/PMC anchored estimates (daily distribution),41.7,38.6,2.6,7.23,27.5,75.7,81.6,82.6
2024-06-02,2024,6,2,154,Monsoon,Dhaka,23.71,90.41,29.49,32.82,26.94,5.9,30.8,26.9,87.2,3.53,15.8,186.9,1004.7,10.2,2.6,80,Rain showers,29.49,32.82,26.94,3.53,87.15,15.8,186.9,1004.7,NASA POWER MERRA-2 (primary) + ERA5-normals sim (solar/sunshine/weather-code),66,0,213,279,2701,14,0.5183,DENV-2 (70%)/DENV-3,Moderate,DGHS/WHO/PMC anchored estimates (daily distribution),46.6,40.4,50.54,6.96,4.91,85.6,80.7,78.0
2024-06-03,2024,6,3,155,Monsoon,Dhaka,23.71,90.41,28.82,31.78,26.96,4.8,30.2,26.5,88.2,27.79,14.72,185.8,1003.9,12.4,4.5,80,Rain showers,28.82,31.78,26.96,27.79,88.23,14.72,185.8,1003.9,NASA POWER MERRA-2 (primary) + ERA5-normals sim (solar/sunshine/weather-code),37,0,252,289,2738,14,0.5113,DENV-2 (70%)/DENV-3,Moderate,DGHS/WHO/PMC anchored estimates (daily distribution),48.0,40.7,67.57,8.71,1.69,90.4,76.6,76.4
2024-06-04,2024,6,4,156,Monsoon,Dhaka,23.71,90.41,28.7,31.86,26.72,5.1,30.2,26.6,89.6,18.63,15.48,166.3,1004.2,12.6,5.3,80,Rain showers,28.7,31.86,26.72,18.63,89.59,15.48,166.3,1004.2,NASA POWER MERRA-2 (primary) + ERA5-normals sim (solar/sunshine/weather-code),41,0,273,314,2779,14,0.5038,DENV-2 (70%)/DENV-3,Moderate,DGHS/WHO/PMC anchored estimates (daily distribution),51.0,41.1,103.52,7.4,1.22,90.0,71.2,75.8
2024-06-05,2024,6,5,157,Monsoon,Dhaka,23.71,90.41,29.57,33.14,26.51,6.6,30.8,26.6,85.4,9.64,8.89,160.4,1004.4,6.7,2.0,80,Rain showers,29.57,33.14,26.51,9.64,85.36,8.89,160.4,1004.4,NASA POWER MERRA-2 (primary) + ERA5-normals sim (solar/sunshine/weather-code),50,0,302,352,2829,14,0.4949,DENV-2 (70%)/DENV-3,Moderate,DGHS/WHO/PMC anchored estimates (daily distribution),54.3,40.1,13.73,6.39,0.12,89.8,73.3,77.4
2024-06-06,2024,6,6,158,Monsoon,Dhaka,23.71,90.41,29.59,32.36,26.97,5.4,31.0,27.1,87.6,14.82,8.89,173.6,1004.2,10.3,3.8,3,Overcast,29.59,32.36,26.97,14.82,87.63,8.89,173.6,1004.2,NASA POWER MERRA-2 (primary) + ERA5-normals sim (solar/sunshine/weather-code),100,1,193,294,2929,15,0.5121,DENV-2 (70%)/DENV-3,High,DGHS/WHO/PMC anchored estimates (daily distribution),66.3,45.1,4.67,1.14,0.0,90.0,68.7,73.3
2024-06-07,2024,6,7,159,Monsoon,Dhaka,23.71,90.41,29.75,32.87,27.43,5.4,31.1,27.2,87.3,9.6,9.9,190.2,1002.5,7.5,3.0,80,Rain showers,29.75,32.87,27.43,9.6,87.31,9.9,190.2,1002.5,NASA POWER MERRA-2 (primary) + ERA5-normals sim (solar/sunshine/weather-code),69,0,228,297,2998,15,0.5003,DENV-2 (70%)/DENV-3,Moderate,DGHS/WHO/PMC anchored estimates (daily distribution),74.4,49.0,2.42,3.29,0.04,87.2,69.1,73.9
2024-06-08,2024,6,8,160,Monsoon,Dhaka,23.71,90.41,29.51,32.67,27.24,5.4,30.9,27.3,88.7,13.19,14.87,173.8,1001.4,6.2,2.7,51,Light drizzle,29.51,32.67,27.24,13.19,88.68,14.87,173.8,1001.4,NASA POWER MERRA-2 (primary) + ERA5-normals sim (solar/sunshine/weather-code),188,3,257,448,3186,18,0.565,DENV-2 (70%)/DENV-3,High,DGHS/WHO/PMC anchored estimates (daily distribution),78.7,60.2,0.74,2.6,7.23,84.3,75.7,81.6
2024-06-09,2024,6,9,161,Monsoon,Dhaka,23.71,90.41,29.12,31.04,27.72,3.3,30.7,27.6,92.2,16.26,15.73,162.8,1001.0,17.6,4.8,3,Overcast,29.12,31.04,27.72,16.26,92.21,15.73,162.8,1001.0,NASA POWER MERRA-2 (primary) + ERA5-normals sim (solar/sunshine/weather-code),113,0,407,520,3299,18,0.5456,DENV-2 (70%)/DENV-3,High,DGHS/WHO/PMC anchored estimates (daily distribution),85.4,66.0,3.53,50.54,6.96,87.2,85.6,80.7
2024-06-10,2024,6,10,162,Monsoon,Dhaka,23.71,90.41,29.09,30.69,27.71,3.0,30.7,27.6,92.8,3.42,13.46,164.5,1001.4,16.5,3.9,2,Partly cloudy,29.09,30.69,27.71,3.42,92.83,13.46,164.5,1001.4,NASA POWER MERRA-2 (primary) + ERA5-normals sim (solar/sunshine/weather-code),76,0,470,546,3375,18,0.5333,DENV-2 (70%)/DENV-3,Moderate,DGHS/WHO/PMC anchored estimates (daily distribution),91.0,69.5,27.79,67.57,8.71,88.2,90.4,76.6
2024-06-11,2024,6,11,163,Monsoon,Dhaka,23.71,90.41,29.4,32.8,26.87,5.9,30.8,26.8,87.2,1.76,13.46,177.8,1001.6,9.1,5.0,80,Rain showers,29.4,32.8,26.87,1.76,87.19,13.46,177.8,1001.6,NASA POWER MERRA-2 (primary) + ERA5-normals sim (solar/sunshine/weather-code),108,0,446,554,3483,18,0.5168,DENV-2 (70%)/DENV-3,High,DGHS/WHO/PMC anchored estimates (daily distribution),100.6,75.8,18.63,103.52,7.4,89.6,90.0,71.2
2024-06-12,2024,6,12,164,Monsoon,Dhaka,23.71,90.41,29.11,32.81,25.25,7.6,30.4,26.2,85.6,1.41,13.21,177.2,1001.7,17.7,3.8,2,Partly cloudy,29.11,32.81,25.25,1.41,85.63,13.21,177.2,1001.7,NASA POWER MERRA-2 (primary) + ERA5-normals sim (solar/sunshine/weather-code),201,1,484,686,3684,19,0.5157,DENV-2 (70%)/DENV-3,Critical,DGHS/WHO/PMC anchored estimates (daily distribution),122.1,88.2,9.64,13.73,6.39,85.4,89.8,73.3
2024-06-13,2024,6,13,165,Monsoon,Dhaka,23.71,90.41,29.0,31.74,27.26,4.5,30.5,27.0,90.1,16.16,16.52,171.9,1001.1,15.7,6.2,51,Light drizzle,29.0,31.74,27.26,16.16,90.07,16.52,171.9,1001.1,NASA POWER MERRA-2 (primary) + ERA5-normals sim (solar/sunshine/weather-code),173,0,498,671,3857,19,0.4926,DENV-2 (70%)/DENV-3,High,DGHS/WHO/PMC anchored estimates (daily distribution),132.6,99.4,14.82,4.67,1.14,87.6,90.0,68.7
2024-06-14,2024,6,14,166,Monsoon,Dhaka,23.71,90.41,29.24,31.32,27.5,3.8,30.8,27.6,92.0,21.05,19.19,159.2,1000.0,13.2,4.9,51,Light drizzle,29.24,31.32,27.5,21.05,91.95,19.19,159.2,1000.0,NASA POWER MERRA-2 (primary) + ERA5-normals sim (solar/sunshine/weather-code),78,0,558,636,3935,19,0.4828,DENV-2 (70%)/DENV-3,Moderate,DGHS/WHO/PMC anchored estimates (daily distribution),133.9,104.1,9.6,2.42,3.29,87.3,87.2,69.1
2024-06-15,2024,6,15,167,Monsoon,Dhaka,23.71,90.41,29.61,32.38,28.07,4.3,31.1,27.6,90.0,14.56,21.56,164.0,1000.1,17.4,4.9,61,Moderate rain,29.61,32.38,28.07,14.56,89.96,21.56,164.0,1000.1,NASA POWER MERRA-2 (primary) + ERA5-normals sim (solar/sunshine/weather-code),68,1,559,628,4003,20,0.4996,DENV-2 (70%)/DENV-3,Moderate,DGHS/WHO/PMC anchored estimates (daily distribution),116.7,97.7,13.19,0.74,2.6,88.7,84.3,75.7
2024-06-16,2024,6,16,168,Monsoon,Dhaka,23.71,90.41,29.89,32.97,27.85,5.1,31.3,27.6,88.8,3.18,19.66,168.4,1001.7,10.3,6.2,2,Partly cloudy,29.89,32.97,27.85,3.18,88.84,19.66,168.4,1001.7,NASA POWER MERRA-2 (primary) + ERA5-normals sim (solar/sunshine/weather-code),80,0,520,600,4083,20,0.4898,DENV-2 (70%)/DENV-3,High,DGHS/WHO/PMC anchored estimates (daily distribution),112.0,98.7,16.26,3.53,50.54,92.2,87.2,85.6
2024-06-17,2024,6,17,169,Monsoon,Dhaka,23.71,90.41,29.31,31.33,27.97,3.4,30.9,27.6,91.7,4.34,18.36,173.3,1002.0,7.5,1.6,80,Rain showers,29.31,31.33,27.97,4.34,91.72,18.36,173.3,1002.0,NASA POWER MERRA-2 (primary) + ERA5-normals sim (solar/sunshine/weather-code),127,0,399,526,4210,20,0.4751,DENV-2 (70%)/DENV-3,High,DGHS/WHO/PMC anchored estimates (daily distribution),119.3,105.1,3.42,27.79,67.57,92.8,88.2,90.4
2024-06-18,2024,6,18,170,Monsoon,Dhaka,23.71,90.41,29.49,32.32,28.08,4.2,31.0,27.4,89.5,5.72,23.33,175.2,1000.2,11.8,4.7,80,Rain showers,29.49,32.32,28.08,5.72,89.51,23.33,175.2,1000.2,NASA POWER MERRA-2 (primary) + ERA5-normals sim (solar/sunshine/weather-code),96,0,353,449,4306,20,0.4645,DENV-2 (70%)/DENV-3,High,DGHS/WHO/PMC anchored estimates (daily distribution),117.6,109.1,1.76,18.63,103.52,87.2,89.6,90.0
2024-06-19,2024,6,19,171,Monsoon,Dhaka,23.71,90.41,28.99,31.33,27.16,4.2,30.6,27.5,92.5,26.19,21.35,169.4,999.2,5.7,2.2,61,Moderate rain,28.99,31.33,27.16,26.19,92.5,21.35,169.4,999.2,NASA POWER MERRA-2 (primary) + ERA5-normals sim (solar/sunshine/weather-code),78,1,370,449,4384,21,0.479,DENV-2 (70%)/DENV-3,Moderate,DGHS/WHO/PMC anchored estimates (daily distribution),100.0,111.1,1.41,9.64,13.73,85.6,85.4,89.8
2024-06-20,2024,6,20,172,Monsoon,Dhaka,23.71,90.41,28.68,31.86,26.72,5.1,30.1,26.4,88.8,7.18,14.51,170.6,999.9,13.9,5.0,2,Partly cloudy,28.68,31.86,26.72,7.18,88.76,14.51,170.6,999.9,NASA POWER MERRA-2 (primary) + ERA5-normals sim (solar/sunshine/weather-code),232,1,380,613,4616,22,0.4766,DENV-2 (70%)/DENV-3,Critical,DGHS/WHO/PMC anchored estimates (daily distribution),108.4,120.5,16.16,14.82,4.67,90.1,87.6,90.0
2024-06-21,2024,6,21,173,Monsoon,Dhaka,23.71,90.41,29.17,32.58,26.18,6.4,30.4,25.9,83.6,11.34,5.18,146.4,1000.5,7.2,4.0,61,Moderate rain,29.17,32.58,26.18,11.34,83.64,5.18,146.4,1000.5,NASA POWER MERRA-2 (primary) + ERA5-normals sim (solar/sunshine/weather-code),187,1,532,720,4803,23,0.4789,DENV-2 (70%)/DENV-3,High,DGHS/WHO/PMC anchored estimates (daily distribution),124.0,128.9,21.05,9.6,2.42,92.0,87.3,87.2
2024-06-22,2024,6,22,174,Monsoon,Dhaka,23.71,90.41,28.67,30.84,26.61,4.2,30.0,26.0,86.4,9.36,6.73,187.9,1000.5,13.2,5.6,61,Moderate rain,28.67,30.84,26.61,9.36,86.4,6.73,187.9,1000.5,NASA POWER MERRA-2 (primary) + ERA5-normals sim (solar/sunshine/weather-code),152,0,593,745,4955,23,0.4642,DENV-2 (70%)/DENV-3,High,DGHS/WHO/PMC anchored estimates (daily distribution),136.0,126.4,14.56,13.19,0.74,90.0,88.7,84.3
2024-06-23,2024,6,23,175,Monsoon,Dhaka,23.71,90.41,29.4,32.85,26.28,6.6,30.7,26.5,85.4,4.25,10.08,173.8,1001.0,5.5,2.4,80,Rain showers,29.4,32.85,26.28,4.25,85.4,10.08,173.8,1001.0,NASA POWER MERRA-2 (primary) + ERA5-normals sim (solar/sunshine/weather-code),78,0,649,727,5033,23,0.457,DENV-2 (70%)/DENV-3,Moderate,DGHS/WHO/PMC anchored estimates (daily distribution),135.7,123.9,3.18,16.26,3.53,88.8,92.2,87.2
2024-06-24,2024,6,24,176,Monsoon,Dhaka,23.71,90.41,29.17,31.82,27.14,4.7,30.6,26.8,88.0,1.52,11.45,180.9,1000.4,15.0,6.2,51,Light drizzle,29.17,31.82,27.14,1.52,88.0,11.45,180.9,1000.4,NASA POWER MERRA-2 (primary) + ERA5-normals sim (solar/sunshine/weather-code),52,0,649,701,5085,23,0.4523,DENV-2 (70%)/DENV-3,Moderate,DGHS/WHO/PMC anchored estimates (daily distribution),125.0,122.1,4.34,3.42,27.79,91.7,92.8,88.2
2024-06-25,2024,6,25,177,Monsoon,Dhaka,23.71,90.41,29.3,31.36,27.11,4.2,30.6,26.7,86.9,1.43,9.07,177.3,1000.2,9.2,4.6,61,Moderate rain,29.3,31.36,27.11,1.43,86.86,9.07,177.3,1000.2,NASA POWER MERRA-2 (primary) + ERA5-normals sim (solar/sunshine/weather-code),99,0,469,568,5184,23,0.4437,DENV-2 (70%)/DENV-3,High,DGHS/WHO/PMC anchored estimates (daily distribution),125.4,121.5,5.72,1.76,18.63,89.5,87.2,89.6
2024-06-26,2024,6,26,178,Monsoon,Dhaka,23.71,90.41,30.05,33.4,26.89,6.5,31.2,26.8,83.6,5.17,6.7,181.4,1000.3,6.2,2.1,61,Moderate rain,30.05,33.4,26.89,5.17,83.62,6.7,181.4,1000.3,NASA POWER MERRA-2 (primary) + ERA5-normals sim (solar/sunshine/weather-code),142,1,380,523,5326,24,0.4506,DENV-2 (70%)/DENV-3,High,DGHS/WHO/PMC anchored estimates (daily distribution),134.6,117.3,26.19,1.41,9.64,92.5,85.6,85.4
2024-06-27,2024,6,27,179,Monsoon,Dhaka,23.71,90.41,28.63,31.23,27.1,4.1,30.1,26.6,89.6,8.21,15.44,145.1,1002.4,13.9,3.7,3,Overcast,28.63,31.23,27.1,8.21,89.59,15.44,145.1,1002.4,NASA POWER MERRA-2 (primary) + ERA5-normals sim (solar/sunshine/weather-code),110,1,370,481,5436,25,0.4599,DENV-2 (70%)/DENV-3,High,DGHS/WHO/PMC anchored estimates (daily distribution),117.1,112.8,7.18,16.16,14.82,88.8,90.1,87.6
2024-06-28,2024,6,28,180,Monsoon,Dhaka,23.71,90.41,28.95,32.03,26.68,5.4,30.4,26.8,89.3,14.63,19.98,157.4,1000.6,18.9,5.1,61,Moderate rain,28.95,32.03,26.68,14.63,89.26,19.98,157.4,1000.6,NASA POWER MERRA-2 (primary) + ERA5-normals sim (solar/sunshine/weather-code),138,0,403,541,5574,25,0.4485,DENV-2 (70%)/DENV-3,High,DGHS/WHO/PMC anchored estimates (daily distribution),110.1,117.1,11.34,21.05,9.6,83.6,92.0,87.3
2024-06-29,2024,6,29,181,Monsoon,Dhaka,23.71,90.41,28.99,31.59,27.35,4.2,30.5,27.0,90.1,22.82,21.78,173.1,1000.0,14.7,4.1,3,Overcast,28.99,31.59,27.35,22.82,90.09,21.78,173.1,1000.0,NASA POWER MERRA-2 (primary) + ERA5-normals sim (solar/sunshine/weather-code),151,0,489,640,5725,25,0.4367,DENV-2 (70%)/DENV-3,High,DGHS/WHO/PMC anchored estimates (daily distribution),110.0,123.0,9.36,14.56,13.19,86.4,90.0,88.7
2024-06-30,2024,6,30,182,Monsoon,Dhaka,23.71,90.41,28.58,30.08,27.63,2.4,30.3,27.4,94.2,38.7,21.31,181.5,999.5,13.7,5.1,61,Moderate rain,28.58,30.08,27.63,38.7,94.2,21.31,181.5,999.5,NASA POWER MERRA-2 (primary) + ERA5-normals sim (solar/sunshine/weather-code),143,2,539,684,5868,27,0.4601,DENV-2 (70%)/DENV-3,High,DGHS/WHO/PMC anchored estimates (daily distribution),119.3,127.5,4.25,3.18,16.26,85.4,88.8,92.2
2024-07-01,2024,7,1,183,Monsoon,Dhaka,23.71,90.41,28.21,29.63,27.02,2.6,29.9,27.0,94.0,52.7,20.09,211.9,999.1,6.8,4.2,80,Rain showers,28.21,29.63,27.02,52.7,93.99,20.09,211.9,999.1,NASA POWER MERRA-2 (primary) + ERA5-normals sim (solar/sunshine/weather-code),26,0,542,568,5894,27,0.4581,DENV-2 (70%)/DENV-3,Moderate,DGHS/WHO/PMC anchored estimates (daily distribution),115.6,120.3,1.52,4.34,3.42,88.0,91.7,92.8
2024-07-02,2024,7,2,184,Monsoon,Dhaka,23.71,90.41,28.45,31.04,26.62,4.4,30.0,26.7,91.3,29.31,15.23,202.3,998.5,12.1,3.5,3,Overcast,28.45,31.04,26.62,29.31,91.34,15.23,202.3,998.5,NASA POWER MERRA-2 (primary) + ERA5-normals sim (solar/sunshine/weather-code),83,0,458,541,5977,27,0.4517,DENV-2 (70%)/DENV-3,High,DGHS/WHO/PMC anchored estimates (daily distribution),113.3,119.4,1.43,5.72,1.76,86.9,89.5,87.2
2024-07-03,2024,7,3,185,Monsoon,Dhaka,23.71,90.41,28.24,30.71,26.58,4.1,29.8,26.4,90.8,22.41,18.0,183.5,1000.0,8.2,1.4,95,Thunderstorm,28.24,30.71,26.58,22.41,90.76,18.0,183.5,1000.0,NASA POWER MERRA-2 (primary) + ERA5-normals sim (solar/sunshine/weather-code),192,0,403,595,6169,27,0.4377,DENV-2 (70%)/DENV-3,High,DGHS/WHO/PMC anchored estimates (daily distribution),120.4,127.5,5.17,26.19,1.41,83.6,92.5,85.6
2024-07-04,2024,7,4,186,Monsoon,Dhaka,23.71,90.41,28.19,30.54,26.26,4.3,29.7,26.4,91.0,25.69,21.17,165.0,1002.5,4.3,3.1,80,Rain showers,28.19,30.54,26.26,25.69,91.04,21.17,165.0,1002.5,NASA POWER MERRA-2 (primary) + ERA5-normals sim (solar/sunshine/weather-code),185,3,441,629,6354,30,0.4721,DENV-2 (70%)/DENV-3,High,DGHS/WHO/PMC anchored estimates (daily distribution),131.1,124.1,8.21,7.18,16.16,89.6,88.8,90.1
2024-07-05,2024,7,5,187,Monsoon,Dhaka,23.71,90.41,28.49,30.77,26.79,4.0,30.0,26.7,91.2,16.67,18.9,174.9,1001.8,14.1,5.2,61,Moderate rain,28.49,30.77,26.79,16.67,91.23,18.9,174.9,1001.8,NASA POWER MERRA-2 (primary) + ERA5-normals sim (solar/sunshine/weather-code),259,3,483,745,6613,33,0.499,DENV-2 (70%)/DENV-3,Critical,DGHS/WHO/PMC anchored estimates (daily distribution),148.4,129.3,14.63,11.34,21.05,89.3,83.6,92.0
2024-07-06,2024,7,6,188,Monsoon,Dhaka,23.71,90.41,28.38,31.32,26.07,5.2,29.9,26.4,90.3,6.94,12.67,159.5,1001.6,6.9,3.4,3,Overcast,28.38,31.32,26.07,6.94,90.32,12.67,159.5,1001.6,NASA POWER MERRA-2 (primary) + ERA5-normals sim (solar/sunshine/weather-code),252,1,718,971,6865,34,0.4953,DENV-2 (70%)/DENV-3,Critical,DGHS/WHO/PMC anchored estimates (daily distribution),162.9,136.4,22.82,9.36,14.56,90.1,86.4,90.0
2024-07-07,2024,7,7,189,Monsoon,Dhaka,23.71,90.41,29.04,32.38,26.59,5.8,30.5,26.8,89.0,4.1,12.17,165.8,1002.4,11.0,3.7,3,Overcast,29.04,32.38,26.59,4.1,89.01,12.17,165.8,1002.4,NASA POWER MERRA-2 (primary) + ERA5-normals sim (solar/sunshine/weather-code),89,0,888,977,6954,34,0.4889,DENV-2 (70%)/DENV-3,High,DGHS/WHO/PMC anchored estimates (daily distribution),155.1,137.2,38.7,4.25,3.18,94.2,85.4,88.8
2024-07-08,2024,7,8,190,Monsoon,Dhaka,23.71,90.41,28.62,31.54,26.18,5.4,30.0,26.3,88.5,3.37,11.99,174.4,1003.0,10.5,3.4,61,Moderate rain,28.62,31.54,26.18,3.37,88.52,11.99,174.4,1003.0,NASA POWER MERRA-2 (primary) + ERA5-normals sim (solar/sunshine/weather-code),289,2,783,1074,7243,36,0.497,DENV-2 (70%)/DENV-3,Critical,DGHS/WHO/PMC anchored estimates (daily distribution),192.7,154.1,52.7,1.52,4.34,94.0,88.0,91.7
2024-07-09,2024,7,9,191,Monsoon,Dhaka,23.71,90.41,29.07,32.25,26.6,5.6,30.5,26.9,89.1,3.15,14.58,175.9,1003.8,5.7,1.0,95,Thunderstorm,29.07,32.25,26.6,3.15,89.12,14.58,175.9,1003.8,NASA POWER MERRA-2 (primary) + ERA5-normals sim (solar/sunshine/weather-code),179,0,889,1068,7422,36,0.485,DENV-2 (70%)/DENV-3,High,DGHS/WHO/PMC anchored estimates (daily distribution),206.4,159.9,29.31,1.43,5.72,91.3,86.9,89.5
2024-07-10,2024,7,10,192,Monsoon,Dhaka,23.71,90.41,29.24,32.62,26.96,5.7,30.7,27.1,89.4,7.92,16.96,189.8,1004.2,13.9,4.9,80,Rain showers,29.24,32.62,26.96,7.92,89.39,16.96,189.8,1004.2,NASA POWER MERRA-2 (primary) + ERA5-normals sim (solar/sunshine/weather-code),112,0,809,921,7534,36,0.4778,DENV-2 (70%)/DENV-3,High,DGHS/WHO/PMC anchored estimates (daily distribution),195.0,157.7,22.41,5.17,26.19,90.8,83.6,92.5
2024-07-11,2024,7,11,193,Monsoon,Dhaka,23.71,90.41,29.16,32.59,26.74,5.9,30.6,27.0,89.4,21.69,17.21,191.8,1001.7,10.5,3.8,80,Rain showers,29.16,32.59,26.74,21.69,89.42,17.21,191.8,1001.7,NASA POWER MERRA-2 (primary) + ERA5-normals sim (solar/sunshine/weather-code),286,2,667,955,7820,38,0.4859,DENV-2 (70%)/DENV-3,Critical,DGHS/WHO/PMC anchored estimates (daily distribution),209.4,170.3,25.69,8.21,7.18,91.0,89.6,88.8
2024-07-12,2024,7,12,194,Monsoon,Dhaka,23.71,90.41,28.87,32.06,26.92,5.1,30.3,26.7,89.3,44.08,16.24,179.0,999.8,10.9,2.7,51,Light drizzle,28.87,32.06,26.92,44.08,89.31,16.24,179.0,999.8,NASA POWER MERRA-2 (primary) + ERA5-normals sim (solar/sunshine/weather-code),288,2,864,1154,8108,40,0.4933,DENV-2 (70%)/DENV-3,Critical,DGHS/WHO/PMC anchored estimates (daily distribution),213.6,181.0,16.67,14.63,11.34,91.2,89.3,83.6
2024-07-13,2024,7,13,195,Monsoon,Dhaka,23.71,90.41,28.89,32.37,26.06,6.3,30.4,26.9,89.9,12.35,11.66,163.2,997.9,14.7,3.6,80,Rain showers,28.89,32.37,26.06,12.35,89.89,11.66,163.2,997.9,NASA POWER MERRA-2 (primary) + ERA5-normals sim (solar/sunshine/weather-code),383,0,865,1248,8491,40,0.4711,DENV-2 (70%)/DENV-3,Critical,DGHS/WHO/PMC anchored estimates (daily distribution),232.3,197.6,6.94,22.82,9.36,90.3,90.1,86.4
2024-07-14,2024,7,14,196,Monsoon,Dhaka,23.71,90.41,29.27,32.46,26.58,5.9,30.6,26.8,87.6,2.5,11.2,152.5,998.1,5.5,1.7,80,Rain showers,29.27,32.46,26.58,2.5,87.55,11.2,152.5,998.1,NASA POWER MERRA-2 (primary) + ERA5-normals sim (solar/sunshine/weather-code),241,5,1064,1310,8732,45,0.5153,DENV-2 (70%)/DENV-3,Critical,DGHS/WHO/PMC anchored estimates (daily distribution),254.0,204.6,4.1,38.7,4.25,89.0,94.2,85.4
2024-07-15,2024,7,15,197,Monsoon,Dhaka,23.71,90.41,29.11,32.78,26.63,6.2,30.6,26.9,89.0,1.85,12.82,126.0,1000.2,11.0,5.7,80,Rain showers,29.11,32.78,26.63,1.85,88.99,12.82,126.0,1000.2,NASA POWER MERRA-2 (primary) + ERA5-normals sim (solar/sunshine/weather-code),185,0,1198,1383,8917,45,0.5047,DENV-2 (70%)/DENV-3,High,DGHS/WHO/PMC anchored estimates (daily distribution),239.1,215.9,3.37,52.7,1.52,88.5,94.0,88.0
2024-07-16,2024,7,16,198,Monsoon,Dhaka,23.71,90.41,29.03,32.46,26.98,5.5,30.5,27.0,90.1,3.94,14.8,130.8,1001.3,12.2,6.0,80,Rain showers,29.03,32.46,26.98,3.94,90.12,14.8,130.8,1001.3,NASA POWER MERRA-2 (primary) + ERA5-normals sim (solar/sunshine/weather-code),191,0,1097,1288,9108,45,0.4941,DENV-2 (70%)/DENV-3,High,DGHS/WHO/PMC anchored estimates (daily distribution),240.9,223.6,3.15,29.31,1.43,89.1,91.3,86.9
2024-07-17,2024,7,17,199,Monsoon,Dhaka,23.71,90.41,29.1,31.43,26.79,4.6,30.4,26.3,86.0,1.16,7.78,126.6,1000.6,3.9,1.4,80,Rain showers,29.1,31.43,26.79,1.16,86.02,7.78,126.6,1000.6,NASA POWER MERRA-2 (primary) + ERA5-normals sim (solar/sunshine/weather-code),109,0,1000,1109,9217,45,0.4882,DENV-2 (70%)/DENV-3,High,DGHS/WHO/PMC anchored estimates (daily distribution),240.4,217.7,7.92,22.41,5.17,89.4,90.8,83.6
2024-07-18,2024,7,18,200,Monsoon,Dhaka,23.71,90.41,29.77,32.96,27.24,5.7,31.0,26.9,85.6,1.47,9.04,121.8,999.3,5.7,2.1,95,Thunderstorm,29.77,32.96,27.24,1.47,85.62,9.04,121.8,999.3,NASA POWER MERRA-2 (primary) + ERA5-normals sim (solar/sunshine/weather-code),64,0,726,790,9281,45,0.4849,DENV-2 (70%)/DENV-3,Moderate,DGHS/WHO/PMC anchored estimates (daily distribution),208.7,209.1,21.69,25.69,8.21,89.4,91.0,89.6
2024-07-19,2024,7,19,201,Monsoon,Dhaka,23.71,90.41,29.38,32.69,27.35,5.3,30.8,27.0,88.3,4.06,17.75,133.1,997.9,3.3,1.4,80,Rain showers,29.38,32.69,27.35,4.06,88.28,17.75,133.1,997.9,NASA POWER MERRA-2 (primary) + ERA5-normals sim (solar/sunshine/weather-code),80,0,549,629,9361,45,0.4807,DENV-2 (70%)/DENV-3,High,DGHS/WHO/PMC anchored estimates (daily distribution),179.0,196.3,44.08,16.67,14.63,89.3,91.2,89.3
2024-07-20,2024,7,20,202,Monsoon,Dhaka,23.71,90.41,29.07,32.2,27.06,5.1,30.5,26.7,88.1,4.98,19.62,143.9,999.0,10.4,4.5,51,Light drizzle,29.07,32.2,27.06,4.98,88.14,19.62,143.9,999.0,NASA POWER MERRA-2 (primary) + ERA5-normals sim (solar/sunshine/weather-code),361,2,442,805,9722,47,0.4834,DENV-2 (70%)/DENV-3,Critical,DGHS/WHO/PMC anchored estimates (daily distribution),175.9,204.1,12.35,6.94,22.82,89.9,90.3,90.1
2024-07-21,2024,7,21,203,Monsoon,Dhaka,23.71,90.41,28.64,31.95,26.87,5.1,30.1,26.6,90.0,6.34,20.05,148.7,999.7,14.2,2.9,2,Partly cloudy,28.64,31.95,26.87,6.34,89.95,20.05,148.7,999.7,NASA POWER MERRA-2 (primary) + ERA5-normals sim (solar/sunshine/weather-code),174,0,614,788,9896,47,0.4749,DENV-2 (70%)/DENV-3,High,DGHS/WHO/PMC anchored estimates (daily distribution),166.3,210.1,2.5,4.1,38.7,87.6,89.0,94.2
2024-07-22,2024,7,22,204,Monsoon,Dhaka,23.71,90.41,28.57,30.75,27.18,3.6,30.1,26.7,90.7,4.55,21.67,157.2,1000.7,15.8,4.2,2,Partly cloudy,28.57,30.75,27.18,4.55,90.68,21.67,157.2,1000.7,NASA POWER MERRA-2 (primary) + ERA5-normals sim (solar/sunshine/weather-code),93,0,679,772,9989,47,0.4705,DENV-2 (70%)/DENV-3,High,DGHS/WHO/PMC anchored estimates (daily distribution),153.1,196.1,1.85,3.37,52.7,89.0,88.5,94.0
2024-07-23,2024,7,23,205,Monsoon,Dhaka,23.71,90.41,28.77,32.0,26.74,5.3,30.2,26.5,88.8,3.17,20.52,157.5,998.7,7.3,5.7,61,Moderate rain,28.77,32.0,26.74,3.17,88.85,20.52,157.5,998.7,NASA POWER MERRA-2 (primary) + ERA5-normals sim (solar/sunshine/weather-code),126,3,705,834,10115,50,0.4943,DENV-2 (70%)/DENV-3,High,DGHS/WHO/PMC anchored estimates (daily distribution),143.9,192.4,3.94,3.15,29.31,90.1,89.1,91.3
2024-07-24,2024,7,24,206,Monsoon,Dhaka,23.71,90.41,29.13,32.62,26.55,6.1,30.6,27.1,89.8,7.17,16.42,151.1,994.7,11.0,5.2,61,Moderate rain,29.13,32.62,26.55,7.17,89.75,16.42,151.1,994.7,NASA POWER MERRA-2 (primary) + ERA5-normals sim (solar/sunshine/weather-code),109,0,754,863,10224,50,0.489,DENV-2 (70%)/DENV-3,High,DGHS/WHO/PMC anchored estimates (daily distribution),143.9,192.1,1.16,7.92,22.41,86.0,89.4,90.8
2024-07-25,2024,7,25,207,Monsoon,Dhaka,23.71,90.41,29.39,32.62,26.99,5.6,30.8,27.0,88.2,6.78,12.56,141.4,992.8,6.0,1.7,61,Moderate rain,29.39,32.62,26.99,6.78,88.2,12.56,141.4,992.8,NASA POWER MERRA-2 (primary) + ERA5-normals sim (solar/sunshine/weather-code),294,1,501,796,10518,51,0.4849,DENV-2 (70%)/DENV-3,Critical,DGHS/WHO/PMC anchored estimates (daily distribution),176.7,192.7,1.47,21.69,25.69,85.6,89.4,91.0
2024-07-26,2024,7,26,208,Monsoon,Dhaka,23.71,90.41,29.64,32.93,27.3,5.6,31.0,27.2,87.9,4.49,19.3,129.7,993.2,12.2,2.4,80,Rain showers,29.64,32.93,27.3,4.49,87.93,19.3,129.7,993.2,NASA POWER MERRA-2 (primary) + ERA5-normals sim (solar/sunshine/weather-code),430,5,617,1052,10948,56,0.5115,DENV-2 (70%)/DENV-3,Critical,DGHS/WHO/PMC anchored estimates (daily distribution),226.7,202.9,4.06,44.08,16.67,88.3,89.3,91.2
2024-07-27,2024,7,27,209,Monsoon,Dhaka,23.71,90.41,29.35,32.72,27.11,5.6,30.7,26.9,87.7,1.89,19.66,142.4,996.8,7.3,5.0,61,Moderate rain,29.35,32.72,27.11,1.89,87.66,19.66,142.4,996.8,NASA POWER MERRA-2 (primary) + ERA5-normals sim (solar/sunshine/weather-code),240,2,957,1199,11188,58,0.5184,DENV-2 (70%)/DENV-3,Critical,DGHS/WHO/PMC anchored estimates (daily distribution),209.4,192.6,4.98,12.35,6.94,88.1,89.9,90.3
2024-07-28,2024,7,28,210,Monsoon,Dhaka,23.71,90.41,29.38,33.2,26.93,6.3,30.7,26.8,87.3,2.07,16.27,140.9,998.1,11.4,2.3,61,Moderate rain,29.38,33.2,26.93,2.07,87.34,16.27,140.9,998.1,NASA POWER MERRA-2 (primary) + ERA5-normals sim (solar/sunshine/weather-code),192,2,1071,1265,11380,60,0.5272,DENV-2 (70%)/DENV-3,High,DGHS/WHO/PMC anchored estimates (daily distribution),212.0,189.1,6.34,2.5,4.1,90.0,87.6,89.0
2024-07-29,2024,7,29,211,Monsoon,Dhaka,23.71,90.41,29.14,32.85,26.85,6.0,30.5,26.7,87.8,8.64,18.9,146.6,998.3,5.2,2.2,61,Moderate rain,29.14,32.85,26.85,8.64,87.78,18.9,146.6,998.3,NASA POWER MERRA-2 (primary) + ERA5-normals sim (solar/sunshine/weather-code),230,2,1154,1386,11610,62,0.534,DENV-2 (70%)/DENV-3,Critical,DGHS/WHO/PMC anchored estimates (daily distribution),231.6,192.4,4.55,1.85,3.37,90.7,89.0,88.5
2024-07-30,2024,7,30,212,Monsoon,Dhaka,23.71,90.41,28.98,31.57,26.93,4.6,30.5,27.0,90.0,8.86,16.78,175.2,1000.2,15.2,4.8,51,Light drizzle,28.98,31.57,26.93,8.86,89.98,16.78,175.2,1000.2,NASA POWER MERRA-2 (primary) + ERA5-normals sim (solar/sunshine/weather-code),190,0,1092,1282,11800,62,0.5254,DENV-2 (70%)/DENV-3,High,DGHS/WHO/PMC anchored estimates (daily distribution),240.7,192.3,3.17,3.94,3.15,88.8,90.1,89.1
2024-07-31,2024,7,31,213,Monsoon,Dhaka,23.71,90.41,28.85,31.38,27.08,4.3,30.4,26.9,90.3,7.3,11.52,162.7,1000.5,13.5,5.3,51,Light drizzle,28.85,31.38,27.08,7.3,90.29,11.52,162.7,1000.5,NASA POWER MERRA-2 (primary) + ERA5-normals sim (solar/sunshine/weather-code),159,1,851,1011,11959,63,0.5268,DENV-2 (70%)/DENV-3,High,DGHS/WHO/PMC anchored estimates (daily distribution),247.9,195.9,7.17,1.16,7.92,89.8,86.0,89.4
2024-08-01,2024,8,1,214,Monsoon,Dhaka,23.71,90.41,27.77,29.84,26.58,3.3,29.4,26.4,93.2,103.77,29.2,143.0,998.4,11.5,5.9,61,Moderate rain,27.77,29.84,26.58,103.77,93.17,29.2,143.0,998.4,NASA POWER MERRA-2 (primary) + ERA5-normals sim (solar/sunshine/weather-code),63,1,770,834,12022,64,0.5324,DENV-2 (70%)/DENV-3,Moderate,DGHS/WHO/PMC anchored estimates (daily distribution),214.9,195.8,6.78,1.47,21.69,88.2,85.6,89.4
2024-08-02,2024,8,2,215,Monsoon,Dhaka,23.71,90.41,27.51,28.76,26.46,2.3,29.2,26.2,93.5,73.93,23.33,162.3,1000.8,9.9,7.0,61,Moderate rain,27.51,28.76,26.46,73.93,93.54,23.33,162.3,1000.8,NASA POWER MERRA-2 (primary) + ERA5-normals sim (solar/sunshine/weather-code),33,0,642,675,12055,64,0.5309,DENV-2 (70%)/DENV-3,Moderate,DGHS/WHO/PMC anchored estimates (daily distribution),158.1,192.4,4.49,4.06,44.08,87.9,88.3,89.3
2024-08-03,2024,8,3,216,Monsoon,Dhaka,23.71,90.41,28.12,30.22,26.68,3.5,29.7,26.6,92.3,29.46,19.3,171.0,1003.6,9.2,4.5,2,Partly cloudy,28.12,30.22,26.68,29.46,92.34,19.3,171.0,1003.6,NASA POWER MERRA-2 (primary) + ERA5-normals sim (solar/sunshine/weather-code),51,1,444,496,12106,65,0.5369,DENV-2 (70%)/DENV-3,Moderate,DGHS/WHO/PMC anchored estimates (daily distribution),131.1,170.3,1.89,4.98,12.35,87.7,88.1,89.9
2024-08-04,2024,8,4,217,Monsoon,Dhaka,23.71,90.41,28.67,31.86,26.2,5.7,30.1,26.3,88.0,18.02,12.92,188.5,1004.7,3.1,1.6,80,Rain showers,28.67,31.86,26.2,18.02,87.98,12.92,188.5,1004.7,NASA POWER MERRA-2 (primary) + ERA5-normals sim (solar/sunshine/weather-code),98,0,306,404,12204,65,0.5326,DENV-2 (70%)/DENV-3,High,DGHS/WHO/PMC anchored estimates (daily distribution),117.7,164.9,2.07,6.34,2.5,87.3,90.0,87.6
2024-08-05,2024,8,5,218,Monsoon,Dhaka,23.71,90.41,28.12,30.69,25.93,4.8,29.6,26.2,90.4,9.27,13.72,175.3,1004.1,10.0,3.8,2,Partly cloudy,28.12,30.69,25.93,9.27,90.41,13.72,175.3,1004.1,NASA POWER MERRA-2 (primary) + ERA5-normals sim (solar/sunshine/weather-code),63,0,245,308,12267,65,0.5299,DENV-2 (70%)/DENV-3,Moderate,DGHS/WHO/PMC anchored estimates (daily distribution),93.9,162.7,8.64,4.55,1.85,87.8,90.7,89.0
2024-08-06,2024,8,6,219,Monsoon,Dhaka,23.71,90.41,28.26,30.84,26.47,4.4,29.8,26.3,90.2,4.47,14.9,158.9,1002.3,3.3,5.7,61,Moderate rain,28.26,30.84,26.47,4.47,90.22,14.9,158.9,1002.3,NASA POWER MERRA-2 (primary) + ERA5-normals sim (solar/sunshine/weather-code),149,1,244,394,12416,66,0.5316,DENV-2 (70%)/DENV-3,High,DGHS/WHO/PMC anchored estimates (daily distribution),88.0,164.4,8.86,3.17,3.94,90.0,88.8,90.1
2024-08-07,2024,8,7,220,Monsoon,Dhaka,23.71,90.41,28.07,30.65,26.18,4.5,29.6,26.3,91.3,5.57,17.39,148.8,1002.8,14.7,4.4,61,Moderate rain,28.07,30.65,26.18,5.57,91.27,17.39,148.8,1002.8,NASA POWER MERRA-2 (primary) + ERA5-normals sim (solar/sunshine/weather-code),169,2,359,530,12585,68,0.5403,DENV-2 (70%)/DENV-3,High,DGHS/WHO/PMC anchored estimates (daily distribution),89.4,168.6,7.3,7.17,1.16,90.3,89.8,86.0
2024-08-08,2024,8,8,221,Monsoon,Dhaka,23.71,90.41,27.59,29.58,26.19,3.4,29.2,26.1,92.6,13.82,15.26,165.2,1004.1,8.7,4.8,80,Rain showers,27.59,29.58,26.19,13.82,92.61,15.26,165.2,1004.1,NASA POWER MERRA-2 (primary) + ERA5-normals sim (solar/sunshine/weather-code),127,1,478,606,12712,69,0.5428,DENV-2 (70%)/DENV-3,High,DGHS/WHO/PMC anchored estimates (daily distribution),98.6,156.7,103.77,6.78,1.47,93.2,88.2,85.6
2024-08-09,2024,8,9,222,Monsoon,Dhaka,23.71,90.41,28.12,30.6,26.07,4.5,29.7,26.3,91.0,16.15,16.99,174.8,1004.7,16.9,4.4,80,Rain showers,28.12,30.6,26.07,16.15,91.0,16.99,174.8,1004.7,NASA POWER MERRA-2 (primary) + ERA5-normals sim (solar/sunshine/weather-code),130,2,506,638,12842,71,0.5529,DENV-2 (70%)/DENV-3,High,DGHS/WHO/PMC anchored estimates (daily distribution),112.4,135.3,73.93,4.49,4.06,93.5,87.9,88.3
2024-08-10,2024,8,10,223,Monsoon,Dhaka,23.71,90.41,28.74,31.83,26.28,5.5,30.2,26.7,89.9,16.09,17.03,177.6,1003.9,10.5,3.3,61,Moderate rain,28.74,31.83,26.28,16.09,89.86,17.03,177.6,1003.9,NASA POWER MERRA-2 (primary) + ERA5-normals sim (solar/sunshine/weather-code),74,1,574,649,12916,72,0.5574,DENV-2 (70%)/DENV-3,Moderate,DGHS/WHO/PMC anchored estimates (daily distribution),115.7,123.4,29.46,1.89,4.98,92.3,87.7,88.1
2024-08-11,2024,8,11,224,Monsoon,Dhaka,23.71,90.41,28.7,30.99,26.98,4.0,30.2,26.8,90.6,12.09,12.96,193.2,1003.1,8.2,6.3,3,Overcast,28.7,30.99,26.98,12.09,90.56,12.96,193.2,1003.1,NASA POWER MERRA-2 (primary) + ERA5-normals sim (solar/sunshine/weather-code),198,1,499,698,13114,73,0.5567,DENV-2 (70%)/DENV-3,High,DGHS/WHO/PMC anchored estimates (daily distribution),130.0,123.9,18.02,2.07,6.34,88.0,87.3,90.0
2024-08-12,2024,8,12,225,Monsoon,Dhaka,23.71,90.41,28.61,31.29,26.65,4.6,30.2,26.8,91.0,22.32,11.48,191.9,1003.3,5.6,5.0,51,Light drizzle,28.61,31.29,26.65,22.32,90.98,11.48,191.9,1003.3,NASA POWER MERRA-2 (primary) + ERA5-normals sim (solar/sunshine/weather-code),294,0,529,823,13408,73,0.5445,DENV-2 (70%)/DENV-3,Critical,DGHS/WHO/PMC anchored estimates (daily distribution),163.0,128.4,9.27,8.64,4.55,90.4,87.8,90.7
2024-08-13,2024,8,13,226,Monsoon,Dhaka,23.71,90.41,29.04,32.15,26.69,5.5,30.5,26.8,88.7,5.24,9.4,168.7,1003.4,14.1,5.8,3,Overcast,29.04,32.15,26.69,5.24,88.66,9.4,168.7,1003.4,NASA POWER MERRA-2 (primary) + ERA5-normals sim (solar/sunshine/weather-code),145,1,695,841,13553,74,0.546,DENV-2 (70%)/DENV-3,High,DGHS/WHO/PMC anchored estimates (daily distribution),162.4,125.2,4.47,8.86,3.17,90.2,90.0,88.8
2024-08-14,2024,8,14,227,Monsoon,Dhaka,23.71,90.41,28.92,31.7,26.97,4.7,30.4,27.0,90.2,7.75,9.36,159.1,1003.5,5.9,1.6,80,Rain showers,28.92,31.7,26.97,7.75,90.15,9.36,159.1,1003.5,NASA POWER MERRA-2 (primary) + ERA5-normals sim (solar/sunshine/weather-code),87,0,711,798,13640,74,0.5425,DENV-2 (70%)/DENV-3,High,DGHS/WHO/PMC anchored estimates (daily distribution),150.7,120.1,5.57,7.3,7.17,91.3,90.3,89.8
2024-08-15,2024,8,15,228,Monsoon,Dhaka,23.71,90.41,28.45,31.25,26.56,4.7,30.0,26.5,90.4,1.9,12.82,142.6,1002.8,8.2,1.6,80,Rain showers,28.45,31.25,26.56,1.9,90.37,12.82,142.6,1002.8,NASA POWER MERRA-2 (primary) + ERA5-normals sim (solar/sunshine/weather-code),73,1,723,797,13713,75,0.5469,DENV-2 (70%)/DENV-3,Moderate,DGHS/WHO/PMC anchored estimates (daily distribution),143.0,120.8,13.82,103.77,6.78,92.6,93.2,88.2
2024-08-16,2024,8,16,229,Monsoon,Dhaka,23.71,90.41,27.97,30.67,25.95,4.7,29.5,26.2,91.1,16.09,10.94,117.6,1001.5,6.7,0.7,80,Rain showers,27.97,30.67,25.95,16.09,91.07,10.94,117.6,1001.5,NASA POWER MERRA-2 (primary) + ERA5-normals sim (solar/sunshine/weather-code),194,1,598,793,13907,76,0.5465,DENV-2 (70%)/DENV-3,High,DGHS/WHO/PMC anchored estimates (daily distribution),152.1,132.3,16.15,73.93,4.49,91.0,93.5,87.9
2024-08-17,2024,8,17,230,Monsoon,Dhaka,23.71,90.41,27.71,30.19,25.87,4.3,29.2,25.7,90.1,19.26,11.16,101.1,1001.8,11.6,4.8,51,Light drizzle,27.71,30.19,25.87,19.26,90.14,11.16,101.1,1001.8,NASA POWER MERRA-2 (primary) + ERA5-normals sim (solar/sunshine/weather-code),216,2,497,715,14123,78,0.5523,DENV-2 (70%)/DENV-3,Critical,DGHS/WHO/PMC anchored estimates (daily distribution),172.4,144.1,16.09,29.46,1.89,89.9,92.3,87.7
2024-08-18,2024,8,18,231,Monsoon,Dhaka,23.71,90.41,27.3,28.81,25.93,2.9,29.0,26.3,94.9,40.66,21.2,94.1,1002.4,5.9,1.6,80,Rain showers,27.3,28.81,25.93,40.66,94.93,21.2,94.1,1002.4,NASA POWER MERRA-2 (primary) + ERA5-normals sim (solar/sunshine/weather-code),276,3,567,846,14399,81,0.5625,DENV-2 (70%)/DENV-3,Critical,DGHS/WHO/PMC anchored estimates (daily distribution),183.6,156.8,12.09,18.02,2.07,90.6,88.0,87.3
2024-08-19,2024,8,19,232,Monsoon,Dhaka,23.71,90.41,27.51,28.53,26.54,2.0,29.3,26.5,94.9,72.43,19.08,152.7,1001.1,10.9,4.7,51,Light drizzle,27.51,28.53,26.54,72.43,94.86,19.08,152.7,1001.1,NASA POWER MERRA-2 (primary) + ERA5-normals sim (solar/sunshine/weather-code),389,2,757,1148,14788,83,0.5613,DENV-2 (70%)/DENV-3,Critical,DGHS/WHO/PMC anchored estimates (daily distribution),197.1,180.1,22.32,9.27,8.64,91.0,90.4,87.8
2024-08-20,2024,8,20,233,Monsoon,Dhaka,23.71,90.41,28.31,30.88,26.38,4.5,29.9,26.8,92.3,34.13,19.44,183.7,1003.4,7.5,5.2,2,Partly cloudy,28.31,30.88,26.38,34.13,92.26,19.44,183.7,1003.4,NASA POWER MERRA-2 (primary) + ERA5-normals sim (solar/sunshine/weather-code),171,1,1074,1246,14959,84,0.5615,DENV-2 (70%)/DENV-3,High,DGHS/WHO/PMC anchored estimates (daily distribution),200.9,181.6,5.24,4.47,8.86,88.7,90.2,90.0
2024-08-21,2024,8,21,234,Monsoon,Dhaka,23.71,90.41,27.97,29.22,27.12,2.1,29.7,26.9,94.8,72.09,18.11,178.8,1004.3,9.4,4.4,3,Overcast,27.97,29.22,27.12,72.09,94.84,18.11,178.8,1004.3,NASA POWER MERRA-2 (primary) + ERA5-normals sim (solar/sunshine/weather-code),228,0,1052,1280,15187,84,0.5531,DENV-2 (70%)/DENV-3,Critical,DGHS/WHO/PMC anchored estimates (daily distribution),221.0,185.9,7.75,5.57,7.3,90.2,91.3,90.3
2024-08-22,2024,8,22,235,Monsoon,Dhaka,23.71,90.41,27.89,29.34,26.63,2.7,29.6,26.9,95.0,69.97,19.91,184.8,1003.2,9.5,6.8,80,Rain showers,27.89,29.34,26.63,69.97,94.99,19.91,184.8,1003.2,NASA POWER MERRA-2 (primary) + ERA5-normals sim (solar/sunshine/weather-code),342,1,1063,1406,15529,85,0.5474,DENV-2 (70%)/DENV-3,Critical,DGHS/WHO/PMC anchored estimates (daily distribution),259.4,201.2,1.9,13.82,103.77,90.4,92.6,93.2
2024-08-23,2024,8,23,236,Monsoon,Dhaka,23.71,90.41,27.24,28.56,26.16,2.4,29.0,26.1,94.3,9.62,16.2,147.1,1004.4,15.0,4.8,61,Moderate rain,27.24,28.56,26.16,9.62,94.34,16.2,147.1,1004.4,NASA POWER MERRA-2 (primary) + ERA5-normals sim (solar/sunshine/weather-code),211,2,1128,1341,15740,87,0.5527,DENV-2 (70%)/DENV-3,Critical,DGHS/WHO/PMC anchored estimates (daily distribution),261.9,207.0,16.09,16.15,73.93,91.1,91.0,93.5
2024-08-24,2024,8,24,237,Monsoon,Dhaka,23.71,90.41,27.39,29.31,25.91,3.4,29.0,25.8,91.9,7.42,12.53,158.2,1004.8,11.2,5.5,80,Rain showers,27.39,29.31,25.91,7.42,91.89,12.53,158.2,1004.8,NASA POWER MERRA-2 (primary) + ERA5-normals sim (solar/sunshine/weather-code),185,1,951,1137,15925,88,0.5526,DENV-2 (70%)/DENV-3,High,DGHS/WHO/PMC anchored estimates (daily distribution),257.4,214.9,19.26,16.09,29.46,90.1,89.9,92.3
2024-08-25,2024,8,25,238,Monsoon,Dhaka,23.71,90.41,26.92,28.72,25.37,3.3,28.5,25.4,92.5,44.37,12.35,144.7,1002.6,14.6,5.6,51,Light drizzle,26.92,28.72,25.37,44.37,92.54,12.35,144.7,1002.6,NASA POWER MERRA-2 (primary) + ERA5-normals sim (solar/sunshine/weather-code),137,1,965,1103,16062,89,0.5541,DENV-2 (70%)/DENV-3,High,DGHS/WHO/PMC anchored estimates (daily distribution),237.6,210.6,40.66,12.09,18.02,94.9,90.6,88.0
2024-08-26,2024,8,26,239,Monsoon,Dhaka,23.71,90.41,26.83,28.77,25.05,3.7,28.5,25.6,93.9,16.4,18.76,133.9,1002.9,11.7,6.1,61,Moderate rain,26.83,28.77,25.05,16.4,93.92,18.76,133.9,1002.9,NASA POWER MERRA-2 (primary) + ERA5-normals sim (solar/sunshine/weather-code),155,3,872,1030,16217,92,0.5673,DENV-2 (70%)/DENV-3,High,DGHS/WHO/PMC anchored estimates (daily distribution),204.1,200.6,72.43,22.32,9.27,94.9,91.0,90.4
2024-08-27,2024,8,27,240,Monsoon,Dhaka,23.71,90.41,27.78,30.99,25.23,5.8,29.3,25.9,90.6,2.03,11.52,160.4,1005.0,9.6,3.8,61,Moderate rain,27.78,30.99,25.23,2.03,90.56,11.52,160.4,1005.0,NASA POWER MERRA-2 (primary) + ERA5-normals sim (solar/sunshine/weather-code),265,4,684,953,16482,96,0.5825,DENV-2 (70%)/DENV-3,Critical,DGHS/WHO/PMC anchored estimates (daily distribution),217.6,209.2,34.13,5.24,4.47,92.3,88.7,90.2
2024-08-28,2024,8,28,241,Monsoon,Dhaka,23.71,90.41,28.38,31.5,25.85,5.6,29.7,25.5,85.7,6.59,5.47,158.0,1004.1,10.5,5.6,51,Light drizzle,28.38,31.5,25.85,6.59,85.73,5.47,158.0,1004.1,NASA POWER MERRA-2 (primary) + ERA5-normals sim (solar/sunshine/weather-code),481,1,741,1223,16963,97,0.5718,DENV-2 (70%)/DENV-3,Critical,DGHS/WHO/PMC anchored estimates (daily distribution),253.7,237.4,72.09,7.75,5.57,94.8,90.2,91.3
2024-08-29,2024,8,29,242,Monsoon,Dhaka,23.71,90.41,28.65,31.95,25.91,6.0,30.0,26.2,87.5,2.61,6.55,193.6,1003.1,9.7,2.9,80,Rain showers,28.65,31.95,25.91,2.61,87.48,6.55,193.6,1003.1,NASA POWER MERRA-2 (primary) + ERA5-normals sim (solar/sunshine/weather-code),490,2,1036,1528,17453,99,0.5672,DENV-2 (70%)/DENV-3,Critical,DGHS/WHO/PMC anchored estimates (daily distribution),274.9,267.1,69.97,1.9,13.82,95.0,90.4,92.6
2024-08-30,2024,8,30,243,Monsoon,Dhaka,23.71,90.41,28.28,31.93,26.01,5.9,29.7,26.0,88.6,3.75,8.93,183.7,1003.8,4.7,1.7,80,Rain showers,28.28,31.93,26.01,3.75,88.62,8.93,183.7,1003.8,NASA POWER MERRA-2 (primary) + ERA5-normals sim (solar/sunshine/weather-code),258,1,1390,1649,17711,100,0.5646,DENV-2 (70%)/DENV-3,Critical,DGHS/WHO/PMC anchored estimates (daily distribution),281.6,271.7,9.62,16.09,16.15,94.3,91.1,91.0
2024-08-31,2024,8,31,244,Monsoon,Dhaka,23.71,90.41,27.94,29.98,26.32,3.7,29.6,26.5,92.7,12.45,10.8,142.9,1004.5,6.7,4.6,3,Overcast,27.94,29.98,26.32,12.45,92.72,10.8,142.9,1004.5,NASA POWER MERRA-2 (primary) + ERA5-normals sim (solar/sunshine/weather-code),233,0,1494,1727,17944,100,0.5573,DENV-2 (70%)/DENV-3,Critical,DGHS/WHO/PMC anchored estimates (daily distribution),288.4,272.9,7.42,19.26,16.09,91.9,90.1,89.9
2024-09-01,2024,9,1,245,Monsoon,Dhaka,23.71,90.41,28.42,30.86,26.24,4.6,29.9,26.3,89.2,15.9,9.36,134.5,1005.5,13.1,3.9,3,Overcast,28.42,30.86,26.24,15.9,89.19,9.36,134.5,1005.5,NASA POWER MERRA-2 (primary) + ERA5-normals sim (solar/sunshine/weather-code),96,0,1462,1558,18040,100,0.5543,DENV-2 (70%)/DENV-3,High,DGHS/WHO/PMC anchored estimates (daily distribution),282.6,260.1,44.37,40.66,12.09,92.5,94.9,90.6
2024-09-02,2024,9,2,246,Monsoon,Dhaka,23.71,90.41,28.64,31.12,26.55,4.6,29.9,25.8,85.9,12.55,4.5,194.4,1005.1,7.1,4.0,3,Overcast,28.64,31.12,26.55,12.55,85.94,4.5,194.4,1005.1,NASA POWER MERRA-2 (primary) + ERA5-normals sim (solar/sunshine/weather-code),121,1,1076,1198,18161,101,0.5561,DENV-2 (70%)/DENV-3,High,DGHS/WHO/PMC anchored estimates (daily distribution),277.7,240.9,16.4,72.43,22.32,93.9,94.9,91.0
2024-09-03,2024,9,3,247,Monsoon,Dhaka,23.71,90.41,27.53,29.12,26.14,3.0,29.1,25.9,91.9,38.48,7.6,203.3,1005.6,5.8,2.2,80,Rain showers,27.53,29.12,26.14,38.48,91.87,7.6,203.3,1005.6,NASA POWER MERRA-2 (primary) + ERA5-normals sim (solar/sunshine/weather-code),194,1,707,902,18355,102,0.5557,DENV-2 (70%)/DENV-3,High,DGHS/WHO/PMC anchored estimates (daily distribution),267.6,242.6,2.03,34.13,5.24,90.6,92.3,88.7
2024-09-04,2024,9,4,248,Monsoon,Dhaka,23.71,90.41,28.36,31.1,25.97,5.1,29.8,26.1,88.8,2.97,8.68,185.1,1003.3,5.3,1.3,95,Thunderstorm,28.36,31.1,25.97,2.97,88.85,8.68,185.1,1003.3,NASA POWER MERRA-2 (primary) + ERA5-normals sim (solar/sunshine/weather-code),151,1,643,795,18506,103,0.5566,DENV-2 (70%)/DENV-3,High,DGHS/WHO/PMC anchored estimates (daily distribution),220.4,237.1,6.59,72.09,7.75,85.7,94.8,90.2
2024-09-05,2024,9,5,249,Monsoon,Dhaka,23.71,90.41,27.81,30.02,26.44,3.6,29.4,26.1,91.3,10.63,7.31,180.6,1002.4,12.5,6.0,61,Moderate rain,27.81,30.02,26.44,10.63,91.33,7.31,180.6,1002.4,NASA POWER MERRA-2 (primary) + ERA5-normals sim (solar/sunshine/weather-code),146,0,562,708,18652,103,0.5522,DENV-2 (70%)/DENV-3,High,DGHS/WHO/PMC anchored estimates (daily distribution),171.3,223.1,2.61,69.97,1.9,87.5,95.0,90.4
2024-09-06,2024,9,6,250,Monsoon,Dhaka,23.71,90.41,28.97,31.52,26.03,5.5,30.1,25.4,82.0,17.32,5.44,12.3,1002.3,6.3,1.8,95,Thunderstorm,28.97,31.52,26.03,17.32,82.04,5.44,12.3,1002.3,NASA POWER MERRA-2 (primary) + ERA5-normals sim (solar/sunshine/weather-code),251,0,612,863,18903,103,0.5449,DENV-2 (70%)/DENV-3,Critical,DGHS/WHO/PMC anchored estimates (daily distribution),170.3,225.9,3.75,9.62,16.09,88.6,94.3,91.1
2024-09-07,2024,9,7,251,Monsoon,Dhaka,23.71,90.41,28.77,31.63,26.3,5.3,30.1,26.0,86.1,14.34,6.88,131.0,1002.7,18.1,6.3,3,Overcast,28.77,31.63,26.3,14.34,86.14,6.88,131.0,1002.7,NASA POWER MERRA-2 (primary) + ERA5-normals sim (solar/sunshine/weather-code),339,1,741,1081,19242,104,0.5405,DENV-2 (70%)/DENV-3,Critical,DGHS/WHO/PMC anchored estimates (daily distribution),185.4,236.9,12.45,7.42,19.26,92.7,91.9,90.1
2024-09-08,2024,9,8,252,Monsoon,Dhaka,23.71,90.41,29.12,32.07,26.71,5.4,30.5,26.6,87.5,4.2,8.5,143.2,1002.7,17.4,2.7,80,Rain showers,29.12,32.07,26.71,4.2,87.53,8.5,143.2,1002.7,NASA POWER MERRA-2 (primary) + ERA5-normals sim (solar/sunshine/weather-code),314,1,886,1201,19556,105,0.5369,DENV-2 (70%)/DENV-3,Critical,DGHS/WHO/PMC anchored estimates (daily distribution),216.6,249.6,15.9,44.37,40.66,89.2,92.5,94.9
2024-09-09,2024,9,9,253,Monsoon,Dhaka,23.71,90.41,28.57,31.22,26.28,4.9,30.1,26.8,91.3,4.09,13.07,131.7,1001.4,10.4,5.3,3,Overcast,28.57,31.22,26.28,4.09,91.34,13.07,131.7,1001.4,NASA POWER MERRA-2 (primary) + ERA5-normals sim (solar/sunshine/weather-code),383,2,1048,1433,19939,107,0.5366,DENV-2 (70%)/DENV-3,Critical,DGHS/WHO/PMC anchored estimates (daily distribution),254.0,265.9,12.55,16.4,72.43,85.9,93.9,94.9
2024-09-10,2024,9,10,254,Monsoon,Dhaka,23.71,90.41,28.58,30.82,26.9,3.9,30.2,27.0,92.3,4.83,13.64,145.1,1001.3,8.8,6.2,80,Rain showers,28.58,30.82,26.9,4.83,92.33,13.64,145.1,1001.3,NASA POWER MERRA-2 (primary) + ERA5-normals sim (solar/sunshine/weather-code),190,0,1287,1477,20129,107,0.5316,DENV-2 (70%)/DENV-3,High,DGHS/WHO/PMC anchored estimates (daily distribution),253.4,260.5,38.48,2.03,34.13,91.9,90.6,92.3
2024-09-11,2024,9,11,255,Monsoon,Dhaka,23.71,90.41,28.79,31.09,26.63,4.5,30.3,26.8,90.0,13.48,8.53,141.2,1001.8,16.0,4.6,2,Partly cloudy,28.79,31.09,26.63,13.48,90.02,8.53,141.2,1001.8,NASA POWER MERRA-2 (primary) + ERA5-normals sim (solar/sunshine/weather-code),145,1,1225,1371,20274,108,0.5327,DENV-2 (70%)/DENV-3,High,DGHS/WHO/PMC anchored estimates (daily distribution),252.6,236.5,2.97,6.59,72.09,88.8,85.7,94.8
2024-09-12,2024,9,12,256,Monsoon,Dhaka,23.71,90.41,29.64,32.62,26.87,5.7,31.0,27.1,87.3,18.2,8.53,346.5,1000.2,15.0,3.8,61,Moderate rain,29.64,32.62,26.87,18.2,87.31,8.53,346.5,1000.2,NASA POWER MERRA-2 (primary) + ERA5-normals sim (solar/sunshine/weather-code),219,0,1032,1251,20493,108,0.527,DENV-2 (70%)/DENV-3,Critical,DGHS/WHO/PMC anchored estimates (daily distribution),263.0,217.1,10.63,2.61,69.97,91.3,87.5,95.0
2024-09-13,2024,9,13,257,Monsoon,Dhaka,23.71,90.41,28.84,31.49,27.18,4.3,30.4,27.1,91.5,38.92,12.02,350.3,997.1,12.6,6.6,61,Moderate rain,28.84,31.49,27.18,38.92,91.54,12.02,350.3,997.1,NASA POWER MERRA-2 (primary) + ERA5-normals sim (solar/sunshine/weather-code),454,5,932,1391,20947,113,0.5395,DENV-2 (70%)/DENV-3,Critical,DGHS/WHO/PMC anchored estimates (daily distribution),292.0,231.1,17.32,3.75,9.62,82.0,88.6,94.3
2024-09-14,2024,9,14,258,Monsoon,Dhaka,23.71,90.41,27.45,28.77,26.59,2.2,29.2,26.5,95.3,35.53,23.44,119.1,996.3,14.8,5.0,61,Moderate rain,27.45,28.77,26.59,35.53,95.26,23.44,119.1,996.3,NASA POWER MERRA-2 (primary) + ERA5-normals sim (solar/sunshine/weather-code),985,9,999,1993,21932,122,0.5563,DENV-2 (70%)/DENV-3,Critical,DGHS/WHO/PMC anchored estimates (daily distribution),384.3,284.9,14.34,12.45,7.42,86.1,92.7,91.9
2024-09-15,2024,9,15,259,Monsoon,Dhaka,23.71,90.41,26.18,28.02,24.33,3.7,27.9,25.0,94.3,75.46,29.23,122.7,998.8,19.7,4.5,61,Moderate rain,26.18,28.02,24.33,75.46,94.31,29.23,122.7,998.8,NASA POWER MERRA-2 (primary) + ERA5-normals sim (solar/sunshine/weather-code),508,2,1801,2311,22440,124,0.5526,DENV-2 (70%)/DENV-3,Critical,DGHS/WHO/PMC anchored estimates (daily distribution),412.0,314.3,4.2,15.9,44.37,87.5,89.2,92.5
2024-09-16,2024,9,16,260,Monsoon,Dhaka,23.71,90.41,27.75,30.7,25.61,5.1,29.3,26.0,91.1,14.33,18.86,136.9,1002.7,9.0,5.4,61,Moderate rain,27.75,30.7,25.61,14.33,91.07,18.86,136.9,1002.7,NASA POWER MERRA-2 (primary) + ERA5-normals sim (solar/sunshine/weather-code),523,2,2164,2689,22963,126,0.5487,DENV-2 (70%)/DENV-3,Critical,DGHS/WHO/PMC anchored estimates (daily distribution),432.0,343.0,4.09,12.55,16.4,91.3,85.9,93.9
2024-09-17,2024,9,17,261,Monsoon,Dhaka,23.71,90.41,28.88,32.23,25.6,6.6,30.2,26.0,85.5,6.59,5.9,150.1,1004.4,16.6,4.9,2,Partly cloudy,28.88,32.23,25.6,6.59,85.46,5.9,150.1,1004.4,NASA POWER MERRA-2 (primary) + ERA5-normals sim (solar/sunshine/weather-code),240,3,2467,2710,23203,129,0.556,DENV-2 (70%)/DENV-3,Critical,DGHS/WHO/PMC anchored estimates (daily distribution),439.1,346.3,4.83,38.48,2.03,92.3,91.9,90.6
2024-09-18,2024,9,18,262,Monsoon,Dhaka,23.71,90.41,29.01,31.78,26.12,5.7,30.4,26.4,87.0,1.3,6.55,304.6,1003.2,14.6,5.5,3,Overcast,29.01,31.78,26.12,1.3,86.99,6.55,304.6,1003.2,NASA POWER MERRA-2 (primary) + ERA5-normals sim (solar/sunshine/weather-code),374,2,2254,2630,23577,131,0.5556,DENV-2 (70%)/DENV-3,Critical,DGHS/WHO/PMC anchored estimates (daily distribution),471.9,362.2,13.48,2.97,6.59,90.0,88.8,85.7
2024-09-19,2024,9,19,263,Monsoon,Dhaka,23.71,90.41,29.17,31.8,26.54,5.3,30.6,27.1,89.6,5.52,8.82,324.4,1002.3,8.6,6.4,3,Overcast,29.17,31.8,26.54,5.52,89.59,8.82,324.4,1002.3,NASA POWER MERRA-2 (primary) + ERA5-normals sim (solar/sunshine/weather-code),219,0,1645,1864,23796,131,0.5505,DENV-2 (70%)/DENV-3,Critical,DGHS/WHO/PMC anchored estimates (daily distribution),471.9,367.4,18.2,10.63,2.61,87.3,91.3,87.5
2024-09-20,2024,9,20,264,Monsoon,Dhaka,23.71,90.41,30.18,33.92,27.06,6.9,31.5,27.4,86.3,6.87,7.67,329.0,1002.2,15.9,5.3,51,Light drizzle,30.18,33.92,27.06,6.87,86.33,7.67,329.0,1002.2,NASA POWER MERRA-2 (primary) + ERA5-normals sim (solar/sunshine/weather-code),176,0,1356,1532,23972,131,0.5465,DENV-2 (70%)/DENV-3,High,DGHS/WHO/PMC anchored estimates (daily distribution),432.1,362.1,38.92,17.32,3.75,91.5,82.0,88.6
2024-09-21,2024,9,21,265,Monsoon,Dhaka,23.71,90.41,29.08,31.63,27.15,4.5,30.6,27.1,90.1,18.52,8.93,358.0,1003.3,13.8,6.2,51,Light drizzle,29.08,31.63,27.15,18.52,90.12,8.93,358.0,1003.3,NASA POWER MERRA-2 (primary) + ERA5-normals sim (solar/sunshine/weather-code),385,4,1005,1394,24357,135,0.5543,DENV-2 (70%)/DENV-3,Critical,DGHS/WHO/PMC anchored estimates (daily distribution),346.4,365.4,35.53,14.34,12.45,95.3,86.1,92.7
2024-09-22,2024,9,22,266,Monsoon,Dhaka,23.71,90.41,29.57,32.91,25.61,7.3,30.9,26.8,86.0,3.48,8.03,359.4,1002.1,15.8,5.4,2,Partly cloudy,29.57,32.91,25.61,3.48,85.96,8.03,359.4,1002.1,NASA POWER MERRA-2 (primary) + ERA5-normals sim (solar/sunshine/weather-code),266,2,1152,1420,24623,137,0.5564,DENV-2 (70%)/DENV-3,Critical,DGHS/WHO/PMC anchored estimates (daily distribution),311.9,361.9,75.46,4.2,15.9,94.3,87.5,89.2
2024-09-23,2024,9,23,267,Monsoon,Dhaka,23.71,90.41,29.28,32.05,27.6,4.4,30.8,27.3,90.0,1.52,6.91,182.2,1002.7,15.0,4.2,2,Partly cloudy,29.28,32.05,27.6,1.52,89.97,6.91,182.2,1002.7,NASA POWER MERRA-2 (primary) + ERA5-normals sim (solar/sunshine/weather-code),136,1,1045,1182,24759,138,0.5574,DENV-2 (70%)/DENV-3,High,DGHS/WHO/PMC anchored estimates (daily distribution),256.6,344.3,14.33,4.09,12.55,91.1,91.3,85.9
2024-09-24,2024,9,24,268,Monsoon,Dhaka,23.71,90.41,28.16,30.24,26.85,3.4,29.7,26.4,91.1,8.72,11.59,145.1,1004.0,15.8,3.9,3,Overcast,28.16,30.24,26.85,8.72,91.14,11.59,145.1,1004.0,NASA POWER MERRA-2 (primary) + ERA5-normals sim (solar/sunshine/weather-code),149,1,962,1112,24908,139,0.5581,DENV-2 (70%)/DENV-3,High,DGHS/WHO/PMC anchored estimates (daily distribution),243.6,341.4,6.59,4.83,38.48,85.5,92.3,91.9
2024-09-25,2024,9,25,269,Monsoon,Dhaka,23.71,90.41,26.95,28.79,25.57,3.2,28.7,25.9,94.6,48.66,17.39,143.6,1006.1,12.1,6.2,3,Overcast,26.95,28.79,25.57,48.66,94.56,17.39,143.6,1006.1,NASA POWER MERRA-2 (primary) + ERA5-normals sim (solar/sunshine/weather-code),529,2,934,1465,25437,141,0.5543,DENV-2 (70%)/DENV-3,Critical,DGHS/WHO/PMC anchored estimates (daily distribution),265.7,368.8,1.3,13.48,2.97,87.0,90.0,88.8
2024-09-26,2024,9,26,270,Monsoon,Dhaka,23.71,90.41,26.89,29.11,25.48,3.6,28.6,25.6,93.8,29.73,12.24,131.9,1008.3,6.8,2.1,80,Rain showers,26.89,29.11,25.48,29.73,93.79,12.24,131.9,1008.3,NASA POWER MERRA-2 (primary) + ERA5-normals sim (solar/sunshine/weather-code),330,2,1078,1410,25767,143,0.555,DENV-2 (70%)/DENV-3,Critical,DGHS/WHO/PMC anchored estimates (daily distribution),281.6,376.7,5.52,18.2,10.63,89.6,87.3,91.3
2024-09-27,2024,9,27,271,Monsoon,Dhaka,23.71,90.41,27.32,30.69,24.31,6.4,28.8,25.2,89.3,11.23,9.9,144.6,1009.3,11.1,5.7,61,Moderate rain,27.32,30.69,24.31,11.23,89.32,9.9,144.6,1009.3,NASA POWER MERRA-2 (primary) + ERA5-normals sim (solar/sunshine/weather-code),250,2,1142,1394,26017,145,0.5573,DENV-2 (70%)/DENV-3,Critical,DGHS/WHO/PMC anchored estimates (daily distribution),292.1,362.1,6.87,38.92,17.32,86.3,91.5,82.0
2024-09-28,2024,9,28,272,Monsoon,Dhaka,23.71,90.41,28.13,31.49,25.1,6.4,29.6,25.9,88.9,1.84,9.94,191.4,1008.5,15.8,4.2,3,Overcast,28.13,31.49,25.1,1.84,88.86,9.94,191.4,1008.5,NASA POWER MERRA-2 (primary) + ERA5-normals sim (solar/sunshine/weather-code),399,0,1258,1657,26416,145,0.5489,DENV-2 (70%)/DENV-3,Critical,DGHS/WHO/PMC anchored estimates (daily distribution),294.1,320.3,18.52,35.53,14.34,90.1,95.3,86.1
2024-09-29,2024,9,29,273,Monsoon,Dhaka,23.71,90.41,28.73,31.86,25.9,6.0,30.2,26.6,89.3,6.89,10.33,222.1,1007.5,6.4,2.0,80,Rain showers,28.73,31.86,25.9,6.89,89.32,10.33,222.1,1007.5,NASA POWER MERRA-2 (primary) + ERA5-normals sim (solar/sunshine/weather-code),314,3,1505,1822,26730,148,0.5537,DENV-2 (70%)/DENV-3,Critical,DGHS/WHO/PMC anchored estimates (daily distribution),301.0,306.4,3.48,75.46,4.2,86.0,94.3,87.5
2024-09-30,2024,9,30,274,Monsoon,Dhaka,23.71,90.41,28.91,31.57,26.78,4.8,30.4,26.9,89.9,5.58,9.72,244.9,1006.0,11.5,6.8,3,Overcast,28.91,31.57,26.78,5.58,89.87,9.72,244.9,1006.0,NASA POWER MERRA-2 (primary) + ERA5-normals sim (solar/sunshine/weather-code),260,0,1293,1553,26990,148,0.5484,DENV-2 (70%)/DENV-3,Critical,DGHS/WHO/PMC anchored estimates (daily distribution),318.7,287.6,1.52,14.33,4.09,90.0,91.1,91.3
2024-10-01,2024,10,1,275,Post-Monsoon,Dhaka,23.71,90.41,29.36,32.36,26.64,5.7,30.8,27.0,88.0,9.52,6.05,243.7,1003.8,20.5,8.8,80,Rain showers,29.36,32.36,26.64,9.52,88.03,6.05,243.7,1003.8,NASA POWER MERRA-2 (primary) + ERA5-normals sim (solar/sunshine/weather-code),132,1,1222,1355,27122,149,0.5494,DENV-2 (70%)/DENV-3,High,DGHS/WHO/PMC anchored estimates (daily distribution),316.3,279.9,8.72,6.59,4.83,91.1,85.5,92.3
2024-10-02,2024,10,2,276,Post-Monsoon,Dhaka,23.71,90.41,29.04,31.11,27.27,3.8,30.4,26.3,86.3,23.06,4.36,25.9,1002.7,17.2,6.8,3,Overcast,29.04,31.11,27.27,23.06,86.3,4.36,25.9,1002.7,NASA POWER MERRA-2 (primary) + ERA5-normals sim (solar/sunshine/weather-code),1090,6,1099,2195,28212,155,0.5494,DENV-2 (70%)/DENV-3,Critical,DGHS/WHO/PMC anchored estimates (daily distribution),396.4,331.1,48.66,1.3,13.48,94.6,87.0,90.0
2024-10-03,2024,10,3,277,Post-Monsoon,Dhaka,23.71,90.41,27.77,29.53,26.48,3.1,29.4,26.2,92.2,45.96,9.5,191.7,1002.5,16.4,7.2,51,Light drizzle,27.77,29.53,26.48,45.96,92.16,9.5,191.7,1002.5,NASA POWER MERRA-2 (primary) + ERA5-normals sim (solar/sunshine/weather-code),830,2,1794,2626,29042,157,0.5406,DENV-2 (70%)/DENV-3,Critical,DGHS/WHO/PMC anchored estimates (daily distribution),467.9,374.7,29.73,5.52,18.2,93.8,89.6,87.3
2024-10-04,2024,10,4,278,Post-Monsoon,Dhaka,23.71,90.41,27.59,29.45,26.22,3.2,29.2,26.0,92.0,51.23,17.53,169.5,1004.8,8.2,3.0,61,Moderate rain,27.59,29.45,26.22,51.23,91.96,17.53,169.5,1004.8,NASA POWER MERRA-2 (primary) + ERA5-normals sim (solar/sunshine/weather-code),558,4,2308,2870,29600,161,0.5439,DENV-2 (70%)/DENV-3,Critical,DGHS/WHO/PMC anchored estimates (daily distribution),511.9,402.0,11.23,6.87,38.92,89.3,86.3,91.5
2024-10-05,2024,10,5,279,Post-Monsoon,Dhaka,23.71,90.41,27.6,30.09,26.13,4.0,29.2,26.1,92.6,66.41,13.32,171.2,1007.0,18.2,7.7,3,Overcast,27.6,30.09,26.13,66.41,92.61,13.32,171.2,1007.0,NASA POWER MERRA-2 (primary) + ERA5-normals sim (solar/sunshine/weather-code),461,3,2607,3071,30061,164,0.5456,DENV-2 (70%)/DENV-3,Critical,DGHS/WHO/PMC anchored estimates (daily distribution),520.7,407.4,1.84,18.52,35.53,88.9,90.1,95.3
2024-10-06,2024,10,6,280,Post-Monsoon,Dhaka,23.71,90.41,27.72,30.14,25.89,4.2,29.1,25.3,87.7,17.9,8.93,159.6,1009.6,15.8,4.9,61,Moderate rain,27.72,30.14,25.89,17.9,87.68,8.93,159.6,1009.6,NASA POWER MERRA-2 (primary) + ERA5-normals sim (solar/sunshine/weather-code),269,2,2937,3208,30330,166,0.5473,DENV-2 (70%)/DENV-3,Critical,DGHS/WHO/PMC anchored estimates (daily distribution),514.3,407.6,6.89,3.48,75.46,89.3,86.0,94.3
2024-10-07,2024,10,7,281,Post-Monsoon,Dhaka,23.71,90.41,27.99,30.76,26.04,4.7,29.2,25.0,84.9,8.63,4.03,181.3,1011.7,17.4,7.0,51,Light drizzle,27.99,30.76,26.04,8.63,84.86,4.03,181.3,1011.7,NASA POWER MERRA-2 (primary) + ERA5-normals sim (solar/sunshine/weather-code),325,0,2118,2443,30655,166,0.5415,DENV-2 (70%)/DENV-3,Critical,DGHS/WHO/PMC anchored estimates (daily distribution),523.6,421.1,5.58,1.52,14.33,89.9,90.0,91.1
2024-10-08,2024,10,8,282,Post-Monsoon,Dhaka,23.71,90.41,27.84,30.63,25.09,5.5,29.1,25.0,85.7,3.33,5.26,230.9,1011.4,14.7,7.0,2,Partly cloudy,27.84,30.63,25.09,3.33,85.71,5.26,230.9,1011.4,NASA POWER MERRA-2 (primary) + ERA5-normals sim (solar/sunshine/weather-code),249,0,1613,1862,30904,166,0.5371,DENV-2 (70%)/DENV-3,Critical,DGHS/WHO/PMC anchored estimates (daily distribution),540.3,428.3,9.52,8.72,6.59,88.0,91.1,85.5
2024-10-09,2024,10,9,283,Post-Monsoon,Dhaka,23.71,90.41,27.87,30.66,25.59,5.1,29.2,25.0,85.6,5.5,4.43,212.6,1009.4,17.7,9.3,2,Partly cloudy,27.87,30.66,25.59,5.5,85.55,4.43,212.6,1009.4,NASA POWER MERRA-2 (primary) + ERA5-normals sim (solar/sunshine/weather-code),159,1,1303,1463,31063,167,0.5376,DENV-2 (70%)/DENV-3,High,DGHS/WHO/PMC anchored estimates (daily distribution),407.3,401.9,23.06,48.66,1.3,86.3,94.6,87.0
2024-10-10,2024,10,10,284,Post-Monsoon,Dhaka,23.71,90.41,27.3,29.72,25.28,4.4,28.7,25.0,88.7,9.72,6.88,208.5,1008.5,20.8,7.9,3,Overcast,27.3,29.72,25.28,9.72,88.68,6.88,208.5,1008.5,NASA POWER MERRA-2 (primary) + ERA5-normals sim (solar/sunshine/weather-code),269,1,1001,1271,31332,168,0.5362,DENV-2 (70%)/DENV-3,Critical,DGHS/WHO/PMC anchored estimates (daily distribution),327.1,397.5,45.96,29.73,5.52,92.2,93.8,89.6
2024-10-11,2024,10,11,285,Post-Monsoon,Dhaka,23.71,90.41,27.73,30.62,25.45,5.2,29.2,25.5,89.0,7.63,9.61,208.5,1007.9,20.0,8.3,3,Overcast,27.73,30.62,25.45,7.63,88.99,9.61,208.5,1007.9,NASA POWER MERRA-2 (primary) + ERA5-normals sim (solar/sunshine/weather-code),217,2,1000,1219,31549,170,0.5388,DENV-2 (70%)/DENV-3,Critical,DGHS/WHO/PMC anchored estimates (daily distribution),278.4,395.1,51.23,11.23,6.87,92.0,89.3,86.3
2024-10-12,2024,10,12,286,Post-Monsoon,Dhaka,23.71,90.41,28.18,31.04,25.35,5.7,29.5,25.4,85.9,20.71,6.12,209.1,1009.3,14.8,9.1,3,Overcast,28.18,31.04,25.35,20.71,85.89,6.12,209.1,1009.3,NASA POWER MERRA-2 (primary) + ERA5-normals sim (solar/sunshine/weather-code),301,0,894,1195,31850,170,0.5338,DENV-2 (70%)/DENV-3,Critical,DGHS/WHO/PMC anchored estimates (daily distribution),255.6,388.1,66.41,1.84,18.52,92.6,88.9,90.1
2024-10-13,2024,10,13,287,Post-Monsoon,Dhaka,23.71,90.41,27.85,31.24,25.25,6.0,29.0,24.7,84.0,1.57,5.36,34.1,1010.1,13.3,7.3,2,Partly cloudy,27.85,31.24,25.25,1.57,83.99,5.36,34.1,1010.1,NASA POWER MERRA-2 (primary) + ERA5-normals sim (solar/sunshine/weather-code),314,2,944,1260,32164,172,0.5348,DENV-2 (70%)/DENV-3,Critical,DGHS/WHO/PMC anchored estimates (daily distribution),262.0,388.1,17.9,6.89,3.48,87.7,89.3,86.0
2024-10-14,2024,10,14,288,Post-Monsoon,Dhaka,23.71,90.41,26.8,30.12,23.41,6.7,28.0,23.8,85.0,0.1,7.38,12.1,1009.9,6.5,2.5,61,Moderate rain,26.8,30.12,23.41,0.1,84.95,7.38,12.1,1009.9,NASA POWER MERRA-2 (primary) + ERA5-normals sim (solar/sunshine/weather-code),372,2,1099,1473,32536,174,0.5348,DENV-2 (70%)/DENV-3,Critical,DGHS/WHO/PMC anchored estimates (daily distribution),268.7,396.1,8.63,5.58,1.52,84.9,89.9,90.0
2024-10-15,2024,10,15,289,Post-Monsoon,Dhaka,23.71,90.41,27.2,30.34,24.13,6.2,28.3,23.5,81.3,0.05,4.97,350.8,1009.4,17.3,7.7,61,Moderate rain,27.2,30.34,24.13,0.05,81.32,4.97,350.8,1009.4,NASA POWER MERRA-2 (primary) + ERA5-normals sim (solar/sunshine/weather-code),203,2,1202,1407,32739,176,0.5376,DENV-2 (70%)/DENV-3,Critical,DGHS/WHO/PMC anchored estimates (daily distribution),262.1,401.2,3.33,9.52,8.72,85.7,88.0,91.1
2024-10-16,2024,10,16,290,Post-Monsoon,Dhaka,23.71,90.41,27.57,31.07,23.78,7.3,28.6,23.6,80.1,0.24,4.36,28.3,1009.6,21.7,5.6,2,Partly cloudy,27.57,31.07,23.78,0.24,80.14,4.36,28.3,1009.6,NASA POWER MERRA-2 (primary) + ERA5-normals sim (solar/sunshine/weather-code),180,0,1190,1370,32919,176,0.5346,DENV-2 (70%)/DENV-3,High,DGHS/WHO/PMC anchored estimates (daily distribution),265.1,336.2,5.5,23.06,48.66,85.6,86.3,94.6
2024-10-17,2024,10,17,291,Post-Monsoon,Dhaka,23.71,90.41,27.56,31.1,24.85,6.2,28.7,24.3,83.5,4.05,5.33,90.4,1009.8,6.5,3.1,80,Rain showers,27.56,31.1,24.85,4.05,83.48,5.33,90.4,1009.8,NASA POWER MERRA-2 (primary) + ERA5-normals sim (solar/sunshine/weather-code),184,2,1067,1253,33103,178,0.5377,DENV-2 (70%)/DENV-3,High,DGHS/WHO/PMC anchored estimates (daily distribution),253.0,290.1,9.72,45.96,29.73,88.7,92.2,93.8
2024-10-18,2024,10,18,292,Post-Monsoon,Dhaka,23.71,90.41,27.32,30.6,24.03,6.6,28.6,24.2,84.6,3.77,5.69,191.0,1009.3,19.5,8.6,3,Overcast,27.32,30.6,24.03,3.77,84.55,5.69,191.0,1009.3,NASA POWER MERRA-2 (primary) + ERA5-normals sim (solar/sunshine/weather-code),401,3,936,1340,33504,181,0.5402,DENV-2 (70%)/DENV-3,Critical,DGHS/WHO/PMC anchored estimates (daily distribution),279.3,278.9,7.63,51.23,11.23,89.0,92.0,89.3
2024-10-19,2024,10,19,293,Post-Monsoon,Dhaka,23.71,90.41,27.8,30.49,24.62,5.9,28.9,24.0,81.1,6.52,2.95,359.1,1010.1,16.4,8.8,2,Partly cloudy,27.8,30.49,24.62,6.52,81.12,2.95,359.1,1010.1,NASA POWER MERRA-2 (primary) + ERA5-normals sim (solar/sunshine/weather-code),475,2,966,1443,33979,183,0.5386,DENV-2 (70%)/DENV-3,Critical,DGHS/WHO/PMC anchored estimates (daily distribution),304.1,279.9,20.71,66.41,1.84,85.9,92.6,88.9
2024-10-20,2024,10,20,294,Post-Monsoon,Dhaka,23.71,90.41,26.6,29.76,24.03,5.7,27.9,23.6,85.2,0.7,7.78,2.1,1011.2,16.9,6.1,3,Overcast,26.6,29.76,24.03,0.7,85.16,7.78,2.1,1011.2,NASA POWER MERRA-2 (primary) + ERA5-normals sim (solar/sunshine/weather-code),222,1,1239,1462,34201,184,0.538,DENV-2 (70%)/DENV-3,Critical,DGHS/WHO/PMC anchored estimates (daily distribution),291.0,276.5,1.57,17.9,6.89,84.0,87.7,89.3
2024-10-21,2024,10,21,295,Post-Monsoon,Dhaka,23.71,90.41,26.22,30.25,22.31,7.9,27.3,22.7,82.5,0.01,7.02,347.1,1010.1,17.2,7.6,3,Overcast,26.22,30.25,22.31,0.01,82.51,7.02,347.1,1010.1,NASA POWER MERRA-2 (primary) + ERA5-normals sim (solar/sunshine/weather-code),138,1,1281,1420,34339,185,0.5387,DENV-2 (70%)/DENV-3,High,DGHS/WHO/PMC anchored estimates (daily distribution),257.6,263.1,0.1,8.63,5.58,85.0,84.9,89.9
2024-10-22,2024,10,22,296,Post-Monsoon,Dhaka,23.71,90.41,27.15,30.88,23.08,7.8,28.4,24.3,85.9,15.24,7.78,4.7,1009.5,17.9,7.1,61,Moderate rain,27.15,30.88,23.08,15.24,85.92,7.78,4.7,1009.5,NASA POWER MERRA-2 (primary) + ERA5-normals sim (solar/sunshine/weather-code),851,7,1229,2087,35190,192,0.5456,DENV-2 (70%)/DENV-3,Critical,DGHS/WHO/PMC anchored estimates (daily distribution),350.1,306.1,0.05,3.33,9.52,81.3,85.7,88.0
2024-10-23,2024,10,23,297,Post-Monsoon,Dhaka,23.71,90.41,26.84,29.76,24.44,5.3,28.4,25.0,90.9,102.39,9.9,64.6,1009.0,17.0,4.3,51,Light drizzle,26.84,29.76,24.44,102.39,90.88,9.9,64.6,1009.0,NASA POWER MERRA-2 (primary) + ERA5-normals sim (solar/sunshine/weather-code),557,2,1684,2243,35747,194,0.5427,DENV-2 (70%)/DENV-3,Critical,DGHS/WHO/PMC anchored estimates (daily distribution),404.0,334.6,0.24,5.5,23.06,80.1,85.6,86.3
2024-10-24,2024,10,24,298,Post-Monsoon,Dhaka,23.71,90.41,25.89,29.09,23.72,5.4,27.5,24.2,91.4,20.03,16.27,73.2,1008.5,20.4,6.5,3,Overcast,25.89,29.09,23.72,20.03,91.43,16.27,73.2,1008.5,NASA POWER MERRA-2 (primary) + ERA5-normals sim (solar/sunshine/weather-code),251,2,1766,2019,35998,196,0.5445,DENV-2 (70%)/DENV-3,Critical,DGHS/WHO/PMC anchored estimates (daily distribution),413.6,333.3,4.05,9.72,45.96,83.5,88.7,92.2
2024-10-25,2024,10,25,299,Post-Monsoon,Dhaka,23.71,90.41,26.61,30.0,23.82,6.2,28.2,24.9,91.5,6.25,15.77,115.9,1008.4,7.3,7.4,61,Moderate rain,26.61,30.0,23.82,6.25,91.51,15.77,115.9,1008.4,NASA POWER MERRA-2 (primary) + ERA5-normals sim (solar/sunshine/weather-code),184,0,1797,1981,36182,196,0.5417,DENV-2 (70%)/DENV-3,High,DGHS/WHO/PMC anchored estimates (daily distribution),382.6,330.9,3.77,7.63,51.23,84.6,89.0,92.0
2024-10-26,2024,10,26,300,Post-Monsoon,Dhaka,23.71,90.41,27.09,30.34,24.71,5.6,28.5,24.8,88.4,5.1,9.5,129.5,1008.8,19.4,6.8,3,Overcast,27.09,30.34,24.71,5.1,88.45,9.5,129.5,1008.8,NASA POWER MERRA-2 (primary) + ERA5-normals sim (solar/sunshine/weather-code),412,2,1841,2255,36594,198,0.5411,DENV-2 (70%)/DENV-3,Critical,DGHS/WHO/PMC anchored estimates (daily distribution),373.6,338.9,6.52,20.71,66.41,81.1,85.9,92.6
2024-10-27,2024,10,27,301,Post-Monsoon,Dhaka,23.71,90.41,27.58,31.09,23.96,7.1,28.5,23.3,78.7,0.54,2.41,219.5,1007.9,17.7,4.3,3,Overcast,27.58,31.09,23.96,0.54,78.73,2.41,219.5,1007.9,NASA POWER MERRA-2 (primary) + ERA5-normals sim (solar/sunshine/weather-code),702,6,1398,2106,37296,204,0.547,DENV-2 (70%)/DENV-3,Critical,DGHS/WHO/PMC anchored estimates (daily distribution),442.1,366.6,0.7,1.57,17.9,85.2,84.0,87.7
2024-10-28,2024,10,28,302,Post-Monsoon,Dhaka,23.71,90.41,26.73,30.28,23.29,7.0,28.0,23.7,84.9,0.0,6.98,356.3,1007.1,15.6,7.2,3,Overcast,26.73,30.28,23.29,0.0,84.9,6.98,356.3,1007.1,NASA POWER MERRA-2 (primary) + ERA5-normals sim (solar/sunshine/weather-code),914,7,1542,2463,38210,211,0.5522,DENV-2 (70%)/DENV-3,Critical,DGHS/WHO/PMC anchored estimates (daily distribution),553.0,405.3,0.01,0.1,8.63,82.5,85.0,84.9
2024-10-29,2024,10,29,303,Post-Monsoon,Dhaka,23.71,90.41,27.41,31.28,22.95,8.3,28.4,23.4,80.0,0.0,3.42,2.3,1007.9,16.6,7.4,80,Rain showers,27.41,31.28,22.95,0.0,79.99,3.42,2.3,1007.9,NASA POWER MERRA-2 (primary) + ERA5-normals sim (solar/sunshine/weather-code),575,2,2210,2787,38785,213,0.5492,DENV-2 (70%)/DENV-3,Critical,DGHS/WHO/PMC anchored estimates (daily distribution),513.6,431.9,15.24,0.05,3.33,85.9,81.3,85.7
2024-10-30,2024,10,30,304,Post-Monsoon,Dhaka,23.71,90.41,27.58,30.91,23.56,7.4,28.6,23.7,80.6,0.33,4.21,197.2,1009.2,18.3,7.8,51,Light drizzle,27.58,30.91,23.56,0.33,80.63,4.21,197.2,1009.2,NASA POWER MERRA-2 (primary) + ERA5-normals sim (solar/sunshine/weather-code),379,1,2602,2982,39164,214,0.5464,DENV-2 (70%)/DENV-3,Critical,DGHS/WHO/PMC anchored estimates (daily distribution),488.1,446.1,102.39,0.24,5.5,90.9,80.1,85.6
2024-10-31,2024,10,31,305,Post-Monsoon,Dhaka,23.71,90.41,27.75,30.71,24.86,5.9,29.0,24.6,84.3,1.01,5.62,233.0,1009.7,21.2,6.3,61,Moderate rain,27.75,30.71,24.86,1.01,84.31,5.62,233.0,1009.7,NASA POWER MERRA-2 (primary) + ERA5-normals sim (solar/sunshine/weather-code),200,0,2570,2770,39364,214,0.5436,DENV-2 (70%)/DENV-3,Critical,DGHS/WHO/PMC anchored estimates (daily distribution),480.9,447.2,20.03,4.05,9.72,91.4,83.5,88.7
2024-11-01,2024,11,1,306,Post-Monsoon,Dhaka,23.71,90.41,27.2,30.13,24.54,5.6,28.5,24.5,86.3,3.46,6.05,278.5,1010.8,20.7,6.5,2,Partly cloudy,27.2,30.13,24.54,3.46,86.32,6.05,278.5,1010.8,NASA POWER MERRA-2 (primary) + ERA5-normals sim (solar/sunshine/weather-code),388,2,2066,2456,39752,216,0.5434,DENV-2 (70%)/DENV-3,Critical,DGHS/WHO/PMC anchored estimates (daily distribution),510.0,446.3,6.25,3.77,7.63,91.5,84.6,89.0
2024-11-02,2024,11,2,307,Post-Monsoon,Dhaka,23.71,90.41,25.48,29.34,22.5,6.8,26.7,22.4,84.5,0.05,9.58,9.6,1012.1,15.4,10.7,51,Light drizzle,25.48,29.34,22.5,0.05,84.48,9.58,9.6,1012.1,NASA POWER MERRA-2 (primary) + ERA5-normals sim (solar/sunshine/weather-code),237,3,1539,1779,39989,219,0.5477,DENV-2 (70%)/DENV-3,Critical,DGHS/WHO/PMC anchored estimates (daily distribution),485.0,429.3,5.1,6.52,20.71,88.4,81.1,85.9
2024-11-03,2024,11,3,308,Post-Monsoon,Dhaka,23.71,90.41,24.96,29.13,20.6,8.5,26.0,21.2,81.1,0.0,8.03,2.8,1012.1,20.3,6.2,80,Rain showers,24.96,29.13,20.6,0.0,81.09,8.03,2.8,1012.1,NASA POWER MERRA-2 (primary) + ERA5-normals sim (solar/sunshine/weather-code),203,1,1203,1407,40192,220,0.5474,DENV-2 (70%)/DENV-3,Critical,DGHS/WHO/PMC anchored estimates (daily distribution),413.7,427.9,0.54,0.7,1.57,78.7,85.2,84.0
2024-11-04,2024,11,4,309,Post-Monsoon,Dhaka,23.71,90.41,25.17,29.14,20.86,8.3,26.4,22.0,84.2,0.08,7.31,17.3,1011.6,17.1,7.8,2,Partly cloudy,25.17,29.14,20.86,0.08,84.18,7.31,17.3,1011.6,NASA POWER MERRA-2 (primary) + ERA5-normals sim (solar/sunshine/weather-code),531,1,1027,1559,40723,221,0.5427,DENV-2 (70%)/DENV-3,Critical,DGHS/WHO/PMC anchored estimates (daily distribution),359.0,456.0,0.0,0.01,0.1,84.9,82.5,85.0
2024-11-05,2024,11,5,310,Post-Monsoon,Dhaka,23.71,90.41,26.02,29.26,22.12,7.1,27.2,22.6,83.1,5.34,6.88,23.5,1012.4,19.6,5.3,2,Partly cloudy,26.02,29.26,22.12,5.34,83.14,6.88,23.5,1012.4,NASA POWER MERRA-2 (primary) + ERA5-normals sim (solar/sunshine/weather-code),384,2,1357,1743,41107,223,0.5425,DENV-2 (70%)/DENV-3,Critical,DGHS/WHO/PMC anchored estimates (daily distribution),331.7,422.6,0.0,15.24,0.05,80.0,85.9,81.3
2024-11-06,2024,11,6,311,Post-Monsoon,Dhaka,23.71,90.41,25.21,28.73,22.53,6.2,26.5,22.2,85.2,5.86,7.45,34.2,1013.0,17.4,6.5,2,Partly cloudy,25.21,28.73,22.53,5.86,85.16,7.45,34.2,1013.0,NASA POWER MERRA-2 (primary) + ERA5-normals sim (solar/sunshine/weather-code),315,0,1355,1670,41422,223,0.5384,DENV-2 (70%)/DENV-3,Critical,DGHS/WHO/PMC anchored estimates (daily distribution),322.6,405.4,0.33,102.39,0.24,80.6,90.9,80.1
2024-11-07,2024,11,7,312,Post-Monsoon,Dhaka,23.71,90.41,24.27,28.17,21.07,7.1,25.6,21.7,86.9,6.15,9.07,22.0,1013.0,16.2,6.2,3,Overcast,24.27,28.17,21.07,6.15,86.93,9.07,22.0,1013.0,NASA POWER MERRA-2 (primary) + ERA5-normals sim (solar/sunshine/weather-code),331,2,1431,1764,41753,225,0.5389,DENV-2 (70%)/DENV-3,Critical,DGHS/WHO/PMC anchored estimates (daily distribution),341.3,411.1,1.01,20.03,4.05,84.3,91.4,83.5
2024-11-08,2024,11,8,313,Post-Monsoon,Dhaka,23.71,90.41,23.68,28.26,19.62,8.6,24.9,20.5,84.0,0.0,9.72,25.8,1012.7,24.3,7.1,2,Partly cloudy,23.68,28.26,19.62,0.0,84.05,9.72,25.8,1012.7,NASA POWER MERRA-2 (primary) + ERA5-normals sim (solar/sunshine/weather-code),1406,7,1554,2967,43159,232,0.5375,DENV-2 (70%)/DENV-3,Critical,DGHS/WHO/PMC anchored estimates (daily distribution),486.7,498.4,3.46,6.25,3.77,86.3,91.5,84.6
2024-11-09,2024,11,9,314,Post-Monsoon,Dhaka,23.71,90.41,24.01,28.62,19.64,9.0,25.2,20.8,83.9,0.0,9.14,20.7,1012.6,17.9,8.1,3,Overcast,24.01,28.62,19.64,0.0,83.86,9.14,20.7,1012.6,NASA POWER MERRA-2 (primary) + ERA5-normals sim (solar/sunshine/weather-code),624,3,2433,3060,43783,235,0.5367,DENV-2 (70%)/DENV-3,Critical,DGHS/WHO/PMC anchored estimates (daily distribution),542.0,513.5,0.05,5.1,6.52,84.5,88.4,81.1
2024-11-10,2024,11,10,315,Post-Monsoon,Dhaka,23.71,90.41,24.09,28.99,19.56,9.4,25.2,20.4,81.4,0.0,6.88,21.9,1013.0,19.4,6.7,2,Partly cloudy,24.09,28.99,19.56,0.0,81.43,6.88,21.9,1013.0,NASA POWER MERRA-2 (primary) + ERA5-normals sim (solar/sunshine/weather-code),447,4,2672,3123,44230,239,0.5404,DENV-2 (70%)/DENV-3,Critical,DGHS/WHO/PMC anchored estimates (daily distribution),576.9,495.3,0.0,0.54,0.7,81.1,78.7,85.2
2024-11-11,2024,11,11,316,Post-Monsoon,Dhaka,23.71,90.41,24.11,28.74,19.68,9.1,25.3,20.9,84.1,0.0,8.21,6.3,1012.4,14.9,7.1,3,Overcast,24.11,28.74,19.68,0.0,84.12,8.21,6.3,1012.4,NASA POWER MERRA-2 (primary) + ERA5-normals sim (solar/sunshine/weather-code),1001,8,2800,3809,45231,247,0.5461,DENV-2 (70%)/DENV-3,Critical,DGHS/WHO/PMC anchored estimates (daily distribution),644.0,501.5,0.08,0.0,0.01,84.2,84.9,82.5
2024-11-12,2024,11,12,317,Post-Monsoon,Dhaka,23.71,90.41,24.14,28.68,20.32,8.4,25.3,20.7,82.9,0.0,9.0,353.1,1011.7,18.7,6.8,2,Partly cloudy,24.14,28.68,20.32,0.0,82.87,9.0,353.1,1011.7,NASA POWER MERRA-2 (primary) + ERA5-normals sim (solar/sunshine/weather-code),605,6,3472,4083,45836,253,0.552,DENV-2 (70%)/DENV-3,Critical,DGHS/WHO/PMC anchored estimates (daily distribution),675.6,503.6,5.34,0.0,15.24,83.1,80.0,85.9
2024-11-13,2024,11,13,318,Post-Monsoon,Dhaka,23.71,90.41,22.32,27.11,18.22,8.9,23.4,18.5,80.9,0.0,10.51,350.4,1011.1,20.7,6.9,3,Overcast,22.32,27.11,18.22,0.0,80.87,10.51,350.4,1011.1,NASA POWER MERRA-2 (primary) + ERA5-normals sim (solar/sunshine/weather-code),805,5,2672,3482,46641,258,0.5532,DENV-2 (70%)/DENV-3,Critical,DGHS/WHO/PMC anchored estimates (daily distribution),745.6,534.1,5.86,0.33,102.39,85.2,80.6,90.9
2024-11-14,2024,11,14,319,Post-Monsoon,Dhaka,23.71,90.41,22.23,27.27,17.82,9.4,23.6,19.5,86.4,0.0,10.87,348.8,1012.1,17.3,7.3,2,Partly cloudy,22.23,27.27,17.82,0.0,86.41,10.87,348.8,1012.1,NASA POWER MERRA-2 (primary) + ERA5-normals sim (solar/sunshine/weather-code),367,1,2857,3225,47008,259,0.551,DENV-2 (70%)/DENV-3,Critical,DGHS/WHO/PMC anchored estimates (daily distribution),750.7,546.0,6.15,1.01,20.03,86.9,84.3,91.4
2024-11-15,2024,11,15,320,Post-Monsoon,Dhaka,23.71,90.41,22.16,27.07,17.93,9.1,23.4,19.3,85.5,0.0,9.76,342.1,1011.7,26.8,7.9,61,Moderate rain,22.16,27.07,17.93,0.0,85.47,9.76,342.1,1011.7,NASA POWER MERRA-2 (primary) + ERA5-normals sim (solar/sunshine/weather-code),324,2,2776,3102,47332,261,0.5514,DENV-2 (70%)/DENV-3,Critical,DGHS/WHO/PMC anchored estimates (daily distribution),596.1,541.4,0.0,3.46,6.25,84.0,86.3,91.5
2024-11-16,2024,11,16,321,Post-Monsoon,Dhaka,23.71,90.41,21.96,27.14,17.29,9.9,23.1,18.7,83.5,0.0,8.89,349.8,1011.0,19.9,5.8,2,Partly cloudy,21.96,27.14,17.29,0.0,83.54,8.89,349.8,1011.0,NASA POWER MERRA-2 (primary) + ERA5-normals sim (solar/sunshine/weather-code),222,2,2099,2323,47554,263,0.5531,DENV-2 (70%)/DENV-3,Critical,DGHS/WHO/PMC anchored estimates (daily distribution),538.7,540.4,0.0,0.05,5.1,83.9,84.5,88.4
2024-11-17,2024,11,17,322,Post-Monsoon,Dhaka,23.71,90.41,21.44,26.41,16.42,10.0,22.3,16.7,76.3,0.0,7.2,332.0,1011.5,19.8,6.1,2,Partly cloudy,21.44,26.41,16.42,0.0,76.3,7.2,332.0,1011.5,NASA POWER MERRA-2 (primary) + ERA5-normals sim (solar/sunshine/weather-code),248,0,1718,1966,47802,263,0.5502,DENV-2 (70%)/DENV-3,Critical,DGHS/WHO/PMC anchored estimates (daily distribution),510.3,543.6,0.0,0.0,0.54,81.4,81.1,78.7
2024-11-18,2024,11,18,323,Post-Monsoon,Dhaka,23.71,90.41,21.25,26.19,15.73,10.5,21.9,15.9,73.4,0.0,5.87,352.7,1012.7,20.5,7.2,2,Partly cloudy,21.25,26.19,15.73,0.0,73.43,5.87,352.7,1012.7,NASA POWER MERRA-2 (primary) + ERA5-normals sim (solar/sunshine/weather-code),323,1,1160,1484,48125,264,0.5486,DENV-2 (70%)/DENV-3,Critical,DGHS/WHO/PMC anchored estimates (daily distribution),413.4,528.7,0.0,0.08,0.0,84.1,84.2,84.9
2024-11-19,2024,11,19,324,Post-Monsoon,Dhaka,23.71,90.41,21.64,27.04,15.81,11.2,22.4,16.5,74.4,0.0,6.62,348.3,1013.0,18.6,7.9,61,Moderate rain,21.64,27.04,15.81,0.0,74.42,6.62,348.3,1013.0,NASA POWER MERRA-2 (primary) + ERA5-normals sim (solar/sunshine/weather-code),356,3,1114,1473,48481,267,0.5507,DENV-2 (70%)/DENV-3,Critical,DGHS/WHO/PMC anchored estimates (daily distribution),377.9,526.7,0.0,5.34,0.0,82.9,83.1,80.0
2024-11-20,2024,11,20,325,Post-Monsoon,Dhaka,23.71,90.41,21.17,26.5,16.08,10.4,21.8,15.6,71.9,0.0,6.34,317.8,1012.3,20.8,7.2,2,Partly cloudy,21.17,26.5,16.08,0.0,71.9,6.34,317.8,1012.3,NASA POWER MERRA-2 (primary) + ERA5-normals sim (solar/sunshine/weather-code),575,3,1146,1724,49056,270,0.5504,DENV-2 (70%)/DENV-3,Critical,DGHS/WHO/PMC anchored estimates (daily distribution),345.0,545.3,0.0,5.86,0.33,80.9,85.2,80.6
2024-11-21,2024,11,21,326,Post-Monsoon,Dhaka,23.71,90.41,21.14,26.06,16.3,9.8,21.7,15.4,71.5,0.0,6.3,299.4,1012.1,17.4,7.0,3,Overcast,21.14,26.06,16.3,0.0,71.5,6.3,299.4,1012.1,NASA POWER MERRA-2 (primary) + ERA5-normals sim (solar/sunshine/weather-code),236,1,1501,1738,49292,271,0.5498,DENV-2 (70%)/DENV-3,Critical,DGHS/WHO/PMC anchored estimates (daily distribution),326.3,538.5,0.0,6.15,1.01,86.4,86.9,84.3
2024-11-22,2024,11,22,327,Post-Monsoon,Dhaka,23.71,90.41,21.6,25.56,17.3,8.3,21.9,15.0,66.9,0.0,4.57,306.1,1012.2,21.6,5.8,3,Overcast,21.6,25.56,17.3,0.0,66.9,4.57,306.1,1012.2,NASA POWER MERRA-2 (primary) + ERA5-normals sim (solar/sunshine/weather-code),210,0,1490,1700,49502,271,0.5475,DENV-2 (70%)/DENV-3,Critical,DGHS/WHO/PMC anchored estimates (daily distribution),310.0,453.1,0.0,0.0,3.46,85.5,84.0,86.3
2024-11-23,2024,11,23,328,Post-Monsoon,Dhaka,23.71,90.41,22.19,26.71,17.43,9.3,22.7,16.4,70.9,0.0,4.68,13.2,1013.3,19.1,6.3,3,Overcast,22.19,26.71,17.43,0.0,70.87,4.68,13.2,1013.3,NASA POWER MERRA-2 (primary) + ERA5-normals sim (solar/sunshine/weather-code),344,2,1375,1721,49846,273,0.5477,DENV-2 (70%)/DENV-3,Critical,DGHS/WHO/PMC anchored estimates (daily distribution),327.4,433.1,0.0,0.0,0.05,83.5,83.9,84.5
2024-11-24,2024,11,24,329,Post-Monsoon,Dhaka,23.71,90.41,20.45,24.68,16.09,8.6,21.5,16.8,81.6,0.0,7.92,9.9,1014.0,15.5,7.3,3,Overcast,20.45,24.68,16.09,0.0,81.63,7.92,9.9,1014.0,NASA POWER MERRA-2 (primary) + ERA5-normals sim (solar/sunshine/weather-code),131,2,1363,1496,49977,275,0.5503,DENV-2 (70%)/DENV-3,High,DGHS/WHO/PMC anchored estimates (daily distribution),310.7,410.5,0.0,0.0,0.0,76.3,81.4,81.1
2024-11-25,2024,11,25,330,Post-Monsoon,Dhaka,23.71,90.41,20.02,25.29,15.41,9.9,21.2,16.6,82.7,0.0,9.36,350.7,1014.0,15.4,5.1,3,Overcast,20.02,25.29,15.41,0.0,82.69,9.36,350.7,1014.0,NASA POWER MERRA-2 (primary) + ERA5-normals sim (solar/sunshine/weather-code),425,2,919,1346,50402,277,0.5496,DENV-2 (70%)/DENV-3,Critical,DGHS/WHO/PMC anchored estimates (daily distribution),325.3,369.4,0.0,0.0,0.08,73.4,84.1,84.2
2024-11-26,2024,11,26,331,Post-Monsoon,Dhaka,23.71,90.41,20.37,25.2,15.17,10.0,21.3,16.2,79.2,0.0,7.24,350.3,1013.1,20.2,8.7,61,Moderate rain,20.37,25.2,15.17,0.0,79.22,7.24,350.3,1013.1,NASA POWER MERRA-2 (primary) + ERA5-normals sim (solar/sunshine/weather-code),283,2,1108,1393,50685,279,0.5505,DENV-2 (70%)/DENV-3,Critical,DGHS/WHO/PMC anchored estimates (daily distribution),314.9,346.4,0.0,0.0,5.34,74.4,82.9,83.1
2024-11-27,2024,11,27,332,Post-Monsoon,Dhaka,23.71,90.41,20.54,25.49,15.34,10.1,21.4,16.0,77.4,0.0,6.55,33.4,1012.4,24.0,6.5,3,Overcast,20.54,25.49,15.34,0.0,77.42,6.55,33.4,1012.4,NASA POWER MERRA-2 (primary) + ERA5-normals sim (solar/sunshine/weather-code),294,1,1182,1477,50979,280,0.5492,DENV-2 (70%)/DENV-3,Critical,DGHS/WHO/PMC anchored estimates (daily distribution),274.7,309.9,0.0,0.0,5.86,71.9,80.9,85.2
2024-11-28,2024,11,28,333,Post-Monsoon,Dhaka,23.71,90.41,20.92,25.49,14.97,10.5,22.0,17.2,81.3,0.0,6.95,20.7,1013.4,20.7,7.5,3,Overcast,20.92,25.49,14.97,0.0,81.26,6.95,20.7,1013.4,NASA POWER MERRA-2 (primary) + ERA5-normals sim (solar/sunshine/weather-code),566,1,1132,1699,51545,281,0.5452,DENV-2 (70%)/DENV-3,Critical,DGHS/WHO/PMC anchored estimates (daily distribution),321.9,324.1,0.0,0.0,6.15,71.5,86.4,86.9
2024-11-29,2024,11,29,334,Post-Monsoon,Dhaka,23.71,90.41,22.35,26.88,18.15,8.7,23.4,18.7,81.9,0.0,8.1,3.7,1013.1,16.2,8.1,2,Partly cloudy,22.35,26.88,18.15,0.0,81.93,8.1,3.7,1013.1,NASA POWER MERRA-2 (primary) + ERA5-normals sim (solar/sunshine/weather-code),809,6,1562,2377,52354,287,0.5482,DENV-2 (70%)/DENV-3,Critical,DGHS/WHO/PMC anchored estimates (daily distribution),407.4,358.7,0.0,0.0,0.0,66.9,85.5,84.0
2024-11-30,2024,11,30,335,Post-Monsoon,Dhaka,23.71,90.41,22.2,27.47,17.98,9.5,23.3,18.7,82.6,0.14,8.32,343.9,1012.2,15.9,9.2,3,Overcast,22.2,27.47,17.98,0.14,82.65,8.32,343.9,1012.2,NASA POWER MERRA-2 (primary) + ERA5-normals sim (solar/sunshine/weather-code),696,5,1947,2648,53050,292,0.5504,DENV-2 (70%)/DENV-3,Critical,DGHS/WHO/PMC anchored estimates (daily distribution),457.7,392.6,0.0,0.0,0.0,70.9,83.5,83.9
2024-12-01,2024,12,1,336,Dry Winter,Dhaka,23.71,90.41,20.52,24.16,17.98,6.2,21.6,16.9,81.7,2.85,8.03,325.0,1010.8,16.8,7.8,1,Mainly clear,20.52,24.16,17.98,2.85,81.72,8.03,325.0,1010.8,NASA POWER MERRA-2 (primary) + ERA5-normals sim (solar/sunshine/weather-code),25,1,2364,2390,53075,293,0.552,DENV-2 (70%)/DENV-3,Moderate,DGHS/WHO/PMC anchored estimates (daily distribution),442.6,376.6,0.0,0.0,0.0,81.6,76.3,81.4
2024-12-02,2024,12,2,337,Dry Winter,Dhaka,23.71,90.41,20.22,24.3,16.62,7.7,21.3,16.6,82.1,0.0,8.28,339.7,1011.4,20.8,6.7,0,Clear sky,20.22,24.3,16.62,0.0,82.1,8.28,339.7,1011.4,NASA POWER MERRA-2 (primary) + ERA5-normals sim (solar/sunshine/weather-code),120,0,2096,2216,53195,293,0.5508,DENV-2 (70%)/DENV-3,High,DGHS/WHO/PMC anchored estimates (daily distribution),399.0,362.1,0.0,0.0,0.0,82.7,73.4,84.1
2024-12-03,2024,12,3,338,Dry Winter,Dhaka,23.71,90.41,20.12,25.56,16.38,9.2,21.2,16.5,81.9,0.0,9.76,339.7,1012.1,13.3,5.9,0,Clear sky,20.12,25.56,16.38,0.0,81.88,9.76,339.7,1012.1,NASA POWER MERRA-2 (primary) + ERA5-normals sim (solar/sunshine/weather-code),163,2,1648,1813,53358,295,0.5529,DENV-2 (70%)/DENV-3,High,DGHS/WHO/PMC anchored estimates (daily distribution),381.9,348.4,0.0,0.0,0.0,79.2,74.4,82.9
2024-12-04,2024,12,4,339,Dry Winter,Dhaka,23.71,90.41,19.08,24.33,13.95,10.4,20.2,15.7,83.2,0.0,10.04,347.9,1012.4,17.9,9.3,0,Clear sky,19.08,24.33,13.95,0.0,83.19,10.04,347.9,1012.4,NASA POWER MERRA-2 (primary) + ERA5-normals sim (solar/sunshine/weather-code),162,1,1003,1166,53520,296,0.5531,DENV-2 (70%)/DENV-3,High,DGHS/WHO/PMC anchored estimates (daily distribution),363.0,318.9,0.0,0.0,0.0,77.4,71.9,80.9
2024-12-05,2024,12,5,340,Dry Winter,Dhaka,23.71,90.41,19.61,25.08,14.92,10.2,20.4,14.8,76.2,0.0,6.91,338.8,1012.3,12.8,7.8,0,Clear sky,19.61,25.08,14.92,0.0,76.15,6.91,338.8,1012.3,NASA POWER MERRA-2 (primary) + ERA5-normals sim (solar/sunshine/weather-code),263,3,467,733,53783,299,0.5559,DENV-2 (70%)/DENV-3,Critical,DGHS/WHO/PMC anchored estimates (daily distribution),319.7,320.8,0.0,0.0,0.0,81.3,71.5,86.4
2024-12-06,2024,12,6,341,Dry Winter,Dhaka,23.71,90.41,18.23,24.07,13.66,10.4,19.2,14.1,79.2,0.0,9.86,337.4,1011.9,18.8,8.0,1,Mainly clear,18.23,24.07,13.66,0.0,79.2,9.86,337.4,1011.9,NASA POWER MERRA-2 (primary) + ERA5-normals sim (solar/sunshine/weather-code),176,0,708,884,53959,299,0.5541,DENV-2 (70%)/DENV-3,High,DGHS/WHO/PMC anchored estimates (daily distribution),229.3,318.4,0.0,0.0,0.0,81.9,66.9,85.5
2024-12-07,2024,12,7,342,Dry Winter,Dhaka,23.71,90.41,17.83,24.18,12.37,11.8,18.5,12.4,72.7,0.0,9.22,13.3,1012.8,14.8,6.9,0,Clear sky,17.83,24.18,12.37,0.0,72.72,9.22,13.3,1012.8,NASA POWER MERRA-2 (primary) + ERA5-normals sim (solar/sunshine/weather-code),263,2,762,1027,54222,301,0.5551,DENV-2 (70%)/DENV-3,Critical,DGHS/WHO/PMC anchored estimates (daily distribution),167.4,312.6,0.14,0.0,0.0,82.6,70.9,83.5
2024-12-08,2024,12,8,343,Dry Winter,Dhaka,23.71,90.41,17.94,23.2,12.29,10.9,18.5,12.2,71.5,0.0,6.52,23.5,1012.9,24.9,8.0,0,Clear sky,17.94,23.2,12.29,0.0,71.52,6.52,23.5,1012.9,NASA POWER MERRA-2 (primary) + ERA5-normals sim (solar/sunshine/weather-code),253,5,859,1117,54475,306,0.5617,DENV-2 (70%)/DENV-3,Critical,DGHS/WHO/PMC anchored estimates (daily distribution),200.0,321.3,2.85,0.0,0.0,81.7,81.6,76.3
2024-12-09,2024,12,9,344,Dry Winter,Dhaka,23.71,90.41,17.25,21.63,11.52,10.1,18.3,13.4,81.0,0.0,6.59,22.9,1012.6,12.0,6.0,0,Clear sky,17.25,21.63,11.52,0.0,81.05,6.59,22.9,1012.6,NASA POWER MERRA-2 (primary) + ERA5-normals sim (solar/sunshine/weather-code),236,1,954,1191,54711,307,0.5611,DENV-2 (70%)/DENV-3,Critical,DGHS/WHO/PMC anchored estimates (daily distribution),216.6,307.8,0.0,0.0,0.0,82.1,82.7,73.4
2024-12-10,2024,12,10,345,Dry Winter,Dhaka,23.71,90.41,18.14,23.22,14.85,8.4,19.4,15.0,84.4,0.0,9.18,3.8,1013.1,16.1,6.4,0,Clear sky,18.14,23.22,14.85,0.0,84.39,9.18,3.8,1013.1,NASA POWER MERRA-2 (primary) + ERA5-normals sim (solar/sunshine/weather-code),179,1,927,1107,54890,308,0.5611,DENV-2 (70%)/DENV-3,High,DGHS/WHO/PMC anchored estimates (daily distribution),218.9,300.4,0.0,0.0,0.0,81.9,79.2,74.4
2024-12-11,2024,12,11,346,Dry Winter,Dhaka,23.71,90.41,16.46,22.22,11.91,10.3,17.7,13.4,84.6,0.0,12.74,345.5,1014.2,18.7,8.4,0,Clear sky,16.46,22.22,11.91,0.0,84.58,12.74,345.5,1014.2,NASA POWER MERRA-2 (primary) + ERA5-normals sim (solar/sunshine/weather-code),169,1,930,1100,55059,309,0.5612,DENV-2 (70%)/DENV-3,High,DGHS/WHO/PMC anchored estimates (daily distribution),219.9,291.4,0.0,0.0,0.0,83.2,77.4,71.9
2024-12-12,2024,12,12,347,Dry Winter,Dhaka,23.71,90.41,15.9,22.13,10.63,11.5,17.2,13.1,86.1,0.0,10.73,337.9,1012.8,17.5,7.6,0,Clear sky,15.9,22.13,10.63,0.0,86.09,10.73,337.9,1012.8,NASA POWER MERRA-2 (primary) + ERA5-normals sim (solar/sunshine/weather-code),299,2,835,1136,55358,311,0.5618,DENV-2 (70%)/DENV-3,Critical,DGHS/WHO/PMC anchored estimates (daily distribution),225.0,272.4,0.0,0.0,0.0,76.2,81.3,71.5
2024-12-13,2024,12,13,348,Dry Winter,Dhaka,23.71,90.41,16.4,22.72,10.93,11.8,17.6,13.3,84.6,0.0,9.11,344.3,1013.5,14.5,6.0,0,Clear sky,16.4,22.72,10.93,0.0,84.58,9.11,344.3,1013.5,NASA POWER MERRA-2 (primary) + ERA5-normals sim (solar/sunshine/weather-code),273,1,882,1156,55631,312,0.5608,DENV-2 (70%)/DENV-3,Critical,DGHS/WHO/PMC anchored estimates (daily distribution),238.9,234.1,0.0,0.0,0.0,79.2,81.9,66.9
2024-12-14,2024,12,14,349,Dry Winter,Dhaka,23.71,90.41,16.54,23.13,11.24,11.9,17.7,13.1,82.8,0.0,10.58,347.4,1015.1,17.6,9.9,0,Clear sky,16.54,23.13,11.24,0.0,82.83,10.58,347.4,1015.1,NASA POWER MERRA-2 (primary) + ERA5-normals sim (solar/sunshine/weather-code),130,0,920,1050,55761,312,0.5595,DENV-2 (70%)/DENV-3,High,DGHS/WHO/PMC anchored estimates (daily distribution),219.9,193.6,0.0,0.14,0.0,72.7,82.6,70.9
2024-12-15,2024,12,15,350,Dry Winter,Dhaka,23.71,90.41,16.07,22.6,10.44,12.2,17.0,11.9,79.1,0.0,9.14,2.9,1015.7,15.4,7.0,61,Moderate rain,16.07,22.6,10.44,0.0,79.1,9.14,2.9,1015.7,NASA POWER MERRA-2 (primary) + ERA5-normals sim (solar/sunshine/weather-code),123,0,871,994,55884,312,0.5583,DENV-2 (70%)/DENV-3,High,DGHS/WHO/PMC anchored estimates (daily distribution),201.3,200.6,0.0,2.85,0.0,71.5,81.7,81.6
2024-12-16,2024,12,16,351,Dry Winter,Dhaka,23.71,90.41,17.31,24.2,10.11,14.1,17.9,11.8,72.6,0.0,6.37,349.3,1014.9,15.7,7.9,0,Clear sky,17.31,24.2,10.11,0.0,72.56,6.37,349.3,1014.9,NASA POWER MERRA-2 (primary) + ERA5-normals sim (solar/sunshine/weather-code),84,0,825,909,55968,312,0.5575,DENV-2 (70%)/DENV-3,High,DGHS/WHO/PMC anchored estimates (daily distribution),179.6,198.1,0.0,0.0,0.0,81.0,82.1,82.7
2024-12-17,2024,12,17,352,Dry Winter,Dhaka,23.71,90.41,18.83,24.87,14.03,10.8,19.6,13.8,74.7,0.0,5.18,296.2,1013.4,23.8,7.2,1,Mainly clear,18.83,24.87,14.03,0.0,74.67,5.18,296.2,1013.4,NASA POWER MERRA-2 (primary) + ERA5-normals sim (solar/sunshine/weather-code),67,0,610,677,56035,312,0.5568,DENV-2 (70%)/DENV-3,Moderate,DGHS/WHO/PMC anchored estimates (daily distribution),163.6,191.2,0.0,0.0,0.0,84.4,81.9,79.2
2024-12-18,2024,12,18,353,Dry Winter,Dhaka,23.71,90.41,18.33,24.16,14.03,10.1,19.2,13.6,76.5,0.01,7.85,314.6,1013.1,13.7,7.0,0,Clear sky,18.33,24.16,14.03,0.01,76.47,7.85,314.6,1013.1,NASA POWER MERRA-2 (primary) + ERA5-normals sim (solar/sunshine/weather-code),72,1,403,476,56107,313,0.5579,DENV-2 (70%)/DENV-3,Moderate,DGHS/WHO/PMC anchored estimates (daily distribution),149.7,184.8,0.0,0.0,0.0,84.6,83.2,77.4
2024-12-19,2024,12,19,354,Dry Winter,Dhaka,23.71,90.41,18.07,24.31,12.42,11.9,18.8,13.2,75.6,0.0,6.84,341.0,1013.7,13.6,8.1,0,Clear sky,18.07,24.31,12.42,0.0,75.63,6.84,341.0,1013.7,NASA POWER MERRA-2 (primary) + ERA5-normals sim (solar/sunshine/weather-code),41,0,346,387,56148,313,0.5575,DENV-2 (70%)/DENV-3,Moderate,DGHS/WHO/PMC anchored estimates (daily distribution),112.9,168.9,0.0,0.0,0.0,86.1,76.2,81.3
2024-12-20,2024,12,20,355,Dry Winter,Dhaka,23.71,90.41,17.76,23.46,11.9,11.6,18.6,13.1,76.7,0.0,7.24,340.5,1013.0,16.9,7.4,1,Mainly clear,17.76,23.46,11.9,0.0,76.66,7.24,340.5,1013.0,NASA POWER MERRA-2 (primary) + ERA5-normals sim (solar/sunshine/weather-code),41,0,264,305,56189,313,0.557,DENV-2 (70%)/DENV-3,Moderate,DGHS/WHO/PMC anchored estimates (daily distribution),79.7,159.3,0.0,0.0,0.0,84.6,79.2,81.9
2024-12-21,2024,12,21,356,Dry Winter,Dhaka,23.71,90.41,17.32,23.42,13.12,10.3,18.4,13.6,81.5,0.74,8.42,343.4,1013.6,15.5,6.8,1,Mainly clear,17.32,23.42,13.12,0.74,81.52,8.42,343.4,1013.6,NASA POWER MERRA-2 (primary) + ERA5-normals sim (solar/sunshine/weather-code),223,1,220,444,56412,314,0.5566,DENV-2 (70%)/DENV-3,Critical,DGHS/WHO/PMC anchored estimates (daily distribution),93.0,156.4,0.0,0.0,0.14,82.8,72.7,82.6
2024-12-22,2024,12,22,357,Dry Winter,Dhaka,23.71,90.41,16.92,23.32,12.02,11.3,18.1,13.8,84.5,0.2,10.98,14.5,1014.3,17.2,6.9,1,Mainly clear,16.92,23.32,12.02,0.2,84.47,10.98,14.5,1014.3,NASA POWER MERRA-2 (primary) + ERA5-normals sim (solar/sunshine/weather-code),104,0,377,481,56516,314,0.5556,DENV-2 (70%)/DENV-3,High,DGHS/WHO/PMC anchored estimates (daily distribution),90.3,145.8,0.0,0.0,2.85,79.1,71.5,81.7
2024-12-23,2024,12,23,358,Dry Winter,Dhaka,23.71,90.41,17.49,23.91,12.04,11.9,18.2,12.4,74.6,0.07,7.7,12.5,1014.1,13.6,5.7,1,Mainly clear,17.49,23.91,12.04,0.07,74.57,7.7,12.5,1014.1,NASA POWER MERRA-2 (primary) + ERA5-normals sim (solar/sunshine/weather-code),181,0,409,590,56697,314,0.5538,DENV-2 (70%)/DENV-3,High,DGHS/WHO/PMC anchored estimates (daily distribution),104.1,141.9,0.0,0.0,0.0,72.6,81.0,82.1
2024-12-24,2024,12,24,359,Dry Winter,Dhaka,23.71,90.41,17.78,23.67,11.57,12.1,18.5,12.7,74.5,0.0,7.49,354.3,1014.1,13.9,7.3,0,Clear sky,17.78,23.67,11.57,0.0,74.52,7.49,354.3,1014.1,NASA POWER MERRA-2 (primary) + ERA5-normals sim (solar/sunshine/weather-code),148,1,548,697,56845,315,0.5541,DENV-2 (70%)/DENV-3,High,DGHS/WHO/PMC anchored estimates (daily distribution),115.7,139.6,0.0,0.0,0.0,74.7,84.4,81.9
2024-12-25,2024,12,25,360,Dry Winter,Dhaka,23.71,90.41,17.58,23.2,12.5,10.7,18.2,12.1,72.6,0.0,7.63,359.5,1016.0,17.5,8.7,0,Clear sky,17.58,23.2,12.5,0.0,72.65,7.63,359.5,1016.0,NASA POWER MERRA-2 (primary) + ERA5-normals sim (solar/sunshine/weather-code),164,0,656,820,57009,315,0.5525,DENV-2 (70%)/DENV-3,High,DGHS/WHO/PMC anchored estimates (daily distribution),128.9,139.3,0.01,0.0,0.0,76.5,84.6,83.2
2024-12-26,2024,12,26,361,Dry Winter,Dhaka,23.71,90.41,18.26,24.53,13.04,11.5,19.2,14.0,78.8,0.0,10.66,4.2,1017.7,11.8,6.8,0,Clear sky,18.26,24.53,13.04,0.0,78.8,10.66,4.2,1017.7,NASA POWER MERRA-2 (primary) + ERA5-normals sim (solar/sunshine/weather-code),174,0,597,771,57183,315,0.5509,DENV-2 (70%)/DENV-3,High,DGHS/WHO/PMC anchored estimates (daily distribution),147.9,130.4,0.0,0.0,0.0,75.6,86.1,76.2
2024-12-27,2024,12,27,362,Dry Winter,Dhaka,23.71,90.41,18.25,24.34,12.31,12.0,19.2,14.0,78.6,0.0,9.18,339.8,1017.4,17.5,7.9,0,Clear sky,18.25,24.34,12.31,0.0,78.64,9.18,339.8,1017.4,NASA POWER MERRA-2 (primary) + ERA5-normals sim (solar/sunshine/weather-code),93,2,665,760,57276,317,0.5535,DENV-2 (70%)/DENV-3,High,DGHS/WHO/PMC anchored estimates (daily distribution),155.3,117.5,0.0,0.0,0.0,76.7,84.6,79.2
2024-12-28,2024,12,28,363,Dry Winter,Dhaka,23.71,90.41,19.31,25.18,13.62,11.6,19.8,13.5,70.8,0.0,5.36,339.2,1015.9,13.0,8.0,0,Clear sky,19.31,25.18,13.62,0.0,70.85,5.36,339.2,1015.9,NASA POWER MERRA-2 (primary) + ERA5-normals sim (solar/sunshine/weather-code),168,1,578,747,57444,318,0.5536,DENV-2 (70%)/DENV-3,High,DGHS/WHO/PMC anchored estimates (daily distribution),147.4,120.2,0.74,0.0,0.0,81.5,82.8,72.7
2024-12-29,2024,12,29,364,Dry Winter,Dhaka,23.71,90.41,19.21,25.2,14.37,10.8,19.9,14.1,74.4,0.0,7.06,325.0,1015.2,16.3,7.3,0,Clear sky,19.21,25.2,14.37,0.0,74.38,7.06,325.0,1015.2,NASA POWER MERRA-2 (primary) + ERA5-normals sim (solar/sunshine/weather-code),70,2,597,669,57514,320,0.5564,DENV-2 (70%)/DENV-3,Moderate,DGHS/WHO/PMC anchored estimates (daily distribution),142.6,116.4,0.2,0.0,0.0,84.5,79.1,71.5
2024-12-30,2024,12,30,365,Dry Winter,Dhaka,23.71,90.41,19.09,24.71,13.88,10.8,20.0,14.7,78.2,0.0,8.5,357.6,1016.0,13.8,5.5,1,Mainly clear,19.09,24.71,13.88,0.0,78.24,8.5,357.6,1016.0,NASA POWER MERRA-2 (primary) + ERA5-normals sim (solar/sunshine/weather-code),65,1,504,570,57579,321,0.5575,DENV-2 (70%)/DENV-3,Moderate,DGHS/WHO/PMC anchored estimates (daily distribution),126.0,115.1,0.07,0.0,0.0,74.6,72.6,81.0
2024-12-31,2024,12,31,366,Dry Winter,Dhaka,23.71,90.41,17.44,22.85,13.24,9.6,18.6,13.9,82.4,0.0,11.12,333.2,1016.0,17.2,7.8,1,Mainly clear,17.44,22.85,13.24,0.0,82.44,11.12,333.2,1016.0,NASA POWER MERRA-2 (primary) + ERA5-normals sim (solar/sunshine/weather-code),133,0,396,529,57712,321,0.5562,DENV-2 (70%)/DENV-3,High,DGHS/WHO/PMC anchored estimates (daily distribution),123.9,119.8,0.0,0.0,0.0,74.5,74.7,84.4
2025-01-01,2025,1,1,1,Dry Winter,Dhaka,23.71,90.41,16.44,22.85,11.25,11.6,17.7,13.6,85.8,0.0,11.41,337.8,1014.2,14.0,8.5,1,Mainly clear,16.44,22.85,11.25,0.0,85.78,11.41,337.8,1014.2,NASA POWER MERRA-2 (primary) + ERA5-normals sim (solar/sunshine/weather-code),5,0,436,441,5,0,0.0,DENV-2/DENV-3,Watch,DGHS/WHO/PMC anchored estimates (daily distribution),101.1,115.0,0.0,0.01,0.0,72.6,76.5,84.6
2025-01-02,2025,1,2,2,Dry Winter,Dhaka,23.71,90.41,16.76,23.05,11.58,11.5,18.0,13.6,84.4,0.0,10.37,338.0,1014.3,16.1,6.8,0,Clear sky,16.76,23.05,11.58,0.0,84.37,10.37,338.0,1014.3,NASA POWER MERRA-2 (primary) + ERA5-normals sim (solar/sunshine/weather-code),2,0,273,275,7,0,0.0,DENV-2/DENV-3,Watch,DGHS/WHO/PMC anchored estimates (daily distribution),76.6,112.2,0.0,0.0,0.0,78.8,75.6,86.1
2025-01-03,2025,1,3,3,Dry Winter,Dhaka,23.71,90.41,16.86,22.63,11.53,11.1,18.0,13.4,82.7,0.0,7.24,354.2,1014.9,18.8,6.5,1,Mainly clear,16.86,22.63,11.53,0.0,82.71,7.24,354.2,1014.9,NASA POWER MERRA-2 (primary) + ERA5-normals sim (solar/sunshine/weather-code),13,0,205,218,20,0,0.0,DENV-2/DENV-3,Watch,DGHS/WHO/PMC anchored estimates (daily distribution),65.1,110.2,0.0,0.0,0.0,78.6,76.7,84.6
2025-01-04,2025,1,4,4,Dry Winter,Dhaka,23.71,90.41,18.01,23.65,12.29,11.4,19.2,14.6,83.1,0.0,5.62,32.4,1013.6,16.7,8.0,51,Light drizzle,18.01,23.65,12.29,0.0,83.13,5.62,32.4,1013.6,NASA POWER MERRA-2 (primary) + ERA5-normals sim (solar/sunshine/weather-code),6,0,153,159,26,0,0.0,DENV-2/DENV-3,Watch,DGHS/WHO/PMC anchored estimates (daily distribution),42.0,94.7,0.0,0.74,0.0,70.8,81.5,82.8
2025-01-05,2025,1,5,5,Dry Winter,Dhaka,23.71,90.41,19.77,25.26,14.67,10.6,20.8,16.1,81.6,0.0,4.28,79.6,1014.4,17.5,7.2,0,Clear sky,19.77,25.26,14.67,0.0,81.6,4.28,79.6,1014.4,NASA POWER MERRA-2 (primary) + ERA5-normals sim (solar/sunshine/weather-code),15,0,26,41,41,0,0.0,DENV-2/DENV-3,Watch,DGHS/WHO/PMC anchored estimates (daily distribution),34.1,88.4,0.0,0.2,0.0,74.4,84.5,79.1
2025-01-06,2025,1,6,6,Dry Winter,Dhaka,23.71,90.41,20.7,26.03,15.91,10.1,21.6,16.3,78.2,0.0,4.61,184.0,1013.2,16.3,6.4,1,Mainly clear,20.7,26.03,15.91,0.0,78.22,4.61,184.0,1013.2,NASA POWER MERRA-2 (primary) + ERA5-normals sim (solar/sunshine/weather-code),14,0,36,50,55,0,0.0,DENV-2/DENV-3,Watch,DGHS/WHO/PMC anchored estimates (daily distribution),26.9,76.4,0.0,0.07,0.0,78.2,74.6,72.6
2025-01-07,2025,1,7,7,Dry Winter,Dhaka,23.71,90.41,19.64,24.67,15.09,9.6,20.7,15.8,81.0,0.0,9.14,229.4,1012.2,13.8,8.9,0,Clear sky,19.64,24.67,15.09,0.0,81.03,9.14,229.4,1012.2,NASA POWER MERRA-2 (primary) + ERA5-normals sim (solar/sunshine/weather-code),17,0,48,65,72,0,0.0,DENV-2/DENV-3,Watch,DGHS/WHO/PMC anchored estimates (daily distribution),10.3,67.1,0.0,0.0,0.0,82.4,74.5,74.7
2025-01-08,2025,1,8,8,Dry Winter,Dhaka,23.71,90.41,18.0,23.27,13.49,9.8,19.0,14.1,80.4,0.0,10.4,332.9,1013.8,20.7,9.2,1,Mainly clear,18.0,23.27,13.49,0.0,80.35,10.4,332.9,1013.8,NASA POWER MERRA-2 (primary) + ERA5-normals sim (solar/sunshine/weather-code),18,0,52,70,90,0,0.0,DENV-2/DENV-3,Watch,DGHS/WHO/PMC anchored estimates (daily distribution),12.1,56.6,0.0,0.0,0.01,85.8,72.6,76.5
2025-01-09,2025,1,9,9,Dry Winter,Dhaka,23.71,90.41,15.65,22.1,10.3,11.8,16.4,10.8,75.6,0.0,10.12,345.2,1016.2,22.6,7.8,1,Mainly clear,15.65,22.1,10.3,0.0,75.64,10.12,345.2,1016.2,NASA POWER MERRA-2 (primary) + ERA5-normals sim (solar/sunshine/weather-code),24,0,64,88,114,0,0.0,DENV-2/DENV-3,Moderate,DGHS/WHO/PMC anchored estimates (daily distribution),15.3,45.9,0.0,0.0,0.0,84.4,78.8,75.6
2025-01-10,2025,1,10,10,Dry Winter,Dhaka,23.71,90.41,15.81,22.41,9.59,12.8,16.6,10.9,75.5,0.0,8.46,339.4,1017.7,20.8,8.3,0,Clear sky,15.81,22.41,9.59,0.0,75.51,8.46,339.4,1017.7,NASA POWER MERRA-2 (primary) + ERA5-normals sim (solar/sunshine/weather-code),24,0,73,97,138,0,0.0,DENV-2/DENV-3,Moderate,DGHS/WHO/PMC anchored estimates (daily distribution),16.9,41.0,0.0,0.0,0.0,82.7,78.6,76.7
2025-01-11,2025,1,11,11,Dry Winter,Dhaka,23.71,90.41,17.55,24.27,10.91,13.4,18.1,11.7,70.7,0.0,7.13,11.4,1017.7,18.3,5.7,0,Clear sky,17.55,24.27,10.91,0.0,70.7,7.13,11.4,1017.7,NASA POWER MERRA-2 (primary) + ERA5-normals sim (solar/sunshine/weather-code),13,0,83,96,151,0,0.0,DENV-2/DENV-3,Watch,DGHS/WHO/PMC anchored estimates (daily distribution),17.9,29.9,0.0,0.0,0.74,83.1,70.8,81.5
2025-01-12,2025,1,12,12,Dry Winter,Dhaka,23.71,90.41,19.58,25.62,13.06,12.6,19.6,11.7,60.4,0.0,4.9,96.3,1016.4,24.0,6.0,0,Clear sky,19.58,25.62,13.06,0.0,60.37,4.9,96.3,1016.4,NASA POWER MERRA-2 (primary) + ERA5-normals sim (solar/sunshine/weather-code),10,1,78,89,161,1,0.6211,DENV-2/DENV-3,Watch,DGHS/WHO/PMC anchored estimates (daily distribution),17.1,25.6,0.0,0.0,0.2,81.6,74.4,84.5
2025-01-13,2025,1,13,13,Dry Winter,Dhaka,23.71,90.41,19.35,24.77,14.68,10.1,19.6,12.2,64.2,0.0,5.58,268.2,1014.6,15.4,8.2,0,Clear sky,19.35,24.77,14.68,0.0,64.22,5.58,268.2,1014.6,NASA POWER MERRA-2 (primary) + ERA5-normals sim (solar/sunshine/weather-code),17,0,71,88,178,1,0.5618,DENV-2/DENV-3,Watch,DGHS/WHO/PMC anchored estimates (daily distribution),17.6,22.2,0.0,0.0,0.07,78.2,78.2,74.6
2025-01-14,2025,1,14,14,Dry Winter,Dhaka,23.71,90.41,17.89,24.57,12.67,11.9,18.6,12.9,74.9,0.0,11.99,356.3,1016.4,14.1,6.5,0,Clear sky,17.89,24.57,12.67,0.0,74.86,11.99,356.3,1016.4,NASA POWER MERRA-2 (primary) + ERA5-normals sim (solar/sunshine/weather-code),33,0,64,97,211,1,0.4739,DENV-2/DENV-3,Moderate,DGHS/WHO/PMC anchored estimates (daily distribution),19.9,15.1,0.0,0.0,0.0,81.0,82.4,74.5
2025-01-15,2025,1,15,15,Dry Winter,Dhaka,23.71,90.41,17.42,24.03,11.26,12.8,18.2,12.5,75.5,0.0,9.36,342.4,1017.1,13.6,9.3,1,Mainly clear,17.42,24.03,11.26,0.0,75.49,9.36,342.4,1017.1,NASA POWER MERRA-2 (primary) + ERA5-normals sim (solar/sunshine/weather-code),28,0,73,101,239,1,0.4184,DENV-2/DENV-3,Moderate,DGHS/WHO/PMC anchored estimates (daily distribution),21.3,16.7,0.0,0.0,0.0,80.4,85.8,72.6
2025-01-16,2025,1,16,16,Dry Winter,Dhaka,23.71,90.41,19.15,25.8,12.96,12.8,19.6,12.8,68.1,0.0,5.0,3.4,1016.4,17.0,7.6,0,Clear sky,19.15,25.8,12.96,0.0,68.13,5.0,3.4,1016.4,NASA POWER MERRA-2 (primary) + ERA5-normals sim (solar/sunshine/weather-code),36,1,87,124,275,2,0.7273,DENV-2/DENV-3,Moderate,DGHS/WHO/PMC anchored estimates (daily distribution),23.0,19.1,0.0,0.0,0.0,75.6,84.4,78.8
2025-01-17,2025,1,17,17,Dry Winter,Dhaka,23.71,90.41,18.75,25.45,12.92,12.5,19.3,12.9,70.7,0.0,8.46,347.4,1015.0,16.7,6.7,61,Moderate rain,18.75,25.45,12.92,0.0,70.74,8.46,347.4,1015.0,NASA POWER MERRA-2 (primary) + ERA5-normals sim (solar/sunshine/weather-code),27,0,114,141,302,2,0.6623,DENV-2/DENV-3,Moderate,DGHS/WHO/PMC anchored estimates (daily distribution),23.4,20.1,0.0,0.0,0.0,75.5,82.7,78.6
2025-01-18,2025,1,18,18,Dry Winter,Dhaka,23.71,90.41,18.09,25.0,12.63,12.4,19.0,13.5,77.2,0.0,11.41,337.9,1014.4,16.6,8.1,0,Clear sky,18.09,25.0,12.63,0.0,77.22,11.41,337.9,1014.4,NASA POWER MERRA-2 (primary) + ERA5-normals sim (solar/sunshine/weather-code),32,0,124,156,334,2,0.5988,DENV-2/DENV-3,Moderate,DGHS/WHO/PMC anchored estimates (daily distribution),26.1,22.0,0.0,0.0,0.0,70.7,83.1,70.8
2025-01-19,2025,1,19,19,Dry Winter,Dhaka,23.71,90.41,17.24,24.08,11.44,12.6,18.0,12.2,74.8,0.0,11.92,330.3,1013.2,20.1,6.7,0,Clear sky,17.24,24.08,11.44,0.0,74.82,11.92,330.3,1013.2,NASA POWER MERRA-2 (primary) + ERA5-normals sim (solar/sunshine/weather-code),20,0,123,143,354,2,0.565,DENV-2/DENV-3,Moderate,DGHS/WHO/PMC anchored estimates (daily distribution),27.6,22.4,0.0,0.0,0.0,60.4,81.6,74.4
2025-01-20,2025,1,20,20,Dry Winter,Dhaka,23.71,90.41,17.3,23.86,11.16,12.7,17.9,11.5,71.1,0.0,7.99,317.5,1011.9,17.5,7.8,0,Clear sky,17.3,23.86,11.16,0.0,71.08,7.99,317.5,1011.9,NASA POWER MERRA-2 (primary) + ERA5-normals sim (solar/sunshine/weather-code),30,0,115,145,384,2,0.5208,DENV-2/DENV-3,Moderate,DGHS/WHO/PMC anchored estimates (daily distribution),29.4,23.5,0.0,0.0,0.0,64.2,78.2,78.2
2025-01-21,2025,1,21,21,Dry Winter,Dhaka,23.71,90.41,17.97,24.01,11.76,12.3,18.4,11.9,69.6,0.0,5.65,329.6,1011.6,14.7,8.3,0,Clear sky,17.97,24.01,11.76,0.0,69.57,5.65,329.6,1011.6,NASA POWER MERRA-2 (primary) + ERA5-normals sim (solar/sunshine/weather-code),18,0,109,127,402,2,0.4975,DENV-2/DENV-3,Watch,DGHS/WHO/PMC anchored estimates (daily distribution),27.3,23.6,0.0,0.0,0.0,74.9,81.0,82.4
2025-01-22,2025,1,22,22,Dry Winter,Dhaka,23.71,90.41,18.33,24.26,13.31,11.0,19.0,13.1,73.9,0.0,5.36,351.5,1012.3,17.2,5.1,0,Clear sky,18.33,24.26,13.31,0.0,73.91,5.36,351.5,1012.3,NASA POWER MERRA-2 (primary) + ERA5-normals sim (solar/sunshine/weather-code),36,1,99,136,438,3,0.6849,DENV-2/DENV-3,Moderate,DGHS/WHO/PMC anchored estimates (daily distribution),28.4,24.9,0.0,0.0,0.0,75.5,80.4,85.8
2025-01-23,2025,1,23,23,Dry Winter,Dhaka,23.71,90.41,18.37,24.75,13.65,11.1,19.0,12.8,72.4,0.0,6.34,330.8,1012.9,15.4,7.6,0,Clear sky,18.37,24.75,13.65,0.0,72.42,6.34,330.8,1012.9,NASA POWER MERRA-2 (primary) + ERA5-normals sim (solar/sunshine/weather-code),28,0,104,132,466,3,0.6438,DENV-2/DENV-3,Moderate,DGHS/WHO/PMC anchored estimates (daily distribution),27.3,25.1,0.0,0.0,0.0,68.1,75.6,84.4
2025-01-24,2025,1,24,24,Dry Winter,Dhaka,23.71,90.41,18.34,24.8,13.03,11.8,18.8,12.3,69.6,0.0,6.19,359.7,1012.4,15.0,9.8,51,Light drizzle,18.34,24.8,13.03,0.0,69.58,6.19,359.7,1012.4,NASA POWER MERRA-2 (primary) + ERA5-normals sim (solar/sunshine/weather-code),13,0,112,125,479,3,0.6263,DENV-2/DENV-3,Watch,DGHS/WHO/PMC anchored estimates (daily distribution),25.3,24.4,0.0,0.0,0.0,70.7,75.5,82.7
2025-01-25,2025,1,25,25,Dry Winter,Dhaka,23.71,90.41,18.31,24.33,14.02,10.3,18.9,12.5,70.9,0.0,7.78,3.8,1013.5,17.8,6.6,80,Rain showers,18.31,24.33,14.02,0.0,70.88,7.78,3.8,1013.5,NASA POWER MERRA-2 (primary) + ERA5-normals sim (solar/sunshine/weather-code),17,0,95,112,496,3,0.6048,DENV-2/DENV-3,Watch,DGHS/WHO/PMC anchored estimates (daily distribution),23.1,24.6,0.0,0.0,0.0,77.2,70.7,83.1
2025-01-26,2025,1,26,26,Dry Winter,Dhaka,23.71,90.41,17.14,23.75,12.08,11.7,17.6,10.9,68.6,0.0,10.3,348.2,1013.0,18.2,6.6,0,Clear sky,17.14,23.75,12.08,0.0,68.58,10.3,348.2,1013.0,NASA POWER MERRA-2 (primary) + ERA5-normals sim (solar/sunshine/weather-code),18,0,94,112,514,3,0.5837,DENV-2/DENV-3,Watch,DGHS/WHO/PMC anchored estimates (daily distribution),22.9,25.2,0.0,0.0,0.0,74.8,60.4,81.6
2025-01-27,2025,1,27,27,Dry Winter,Dhaka,23.71,90.41,17.88,24.28,12.23,12.0,18.5,12.3,72.2,0.0,6.95,321.2,1011.0,21.4,8.2,0,Clear sky,17.88,24.28,12.23,0.0,72.21,6.95,321.2,1011.0,NASA POWER MERRA-2 (primary) + ERA5-normals sim (solar/sunshine/weather-code),27,0,76,103,541,3,0.5545,DENV-2/DENV-3,Moderate,DGHS/WHO/PMC anchored estimates (daily distribution),22.4,25.9,0.0,0.0,0.0,71.1,64.2,78.2
2025-01-28,2025,1,28,28,Dry Winter,Dhaka,23.71,90.41,18.75,24.5,12.5,12.0,19.2,12.4,68.2,0.0,5.44,338.1,1012.5,13.7,5.7,51,Light drizzle,18.75,24.5,12.5,0.0,68.16,5.44,338.1,1012.5,NASA POWER MERRA-2 (primary) + ERA5-normals sim (solar/sunshine/weather-code),47,1,74,122,588,4,0.6803,DENV-2/DENV-3,Moderate,DGHS/WHO/PMC anchored estimates (daily distribution),26.6,26.9,0.0,0.0,0.0,69.6,74.9,81.0
2025-01-29,2025,1,29,29,Dry Winter,Dhaka,23.71,90.41,18.88,25.12,13.0,12.1,18.8,10.4,57.6,0.0,5.58,355.8,1014.7,11.3,7.8,1,Mainly clear,18.88,25.12,13.0,0.0,57.59,5.58,355.8,1014.7,NASA POWER MERRA-2 (primary) + ERA5-normals sim (solar/sunshine/weather-code),24,0,109,133,612,4,0.6536,DENV-2/DENV-3,Moderate,DGHS/WHO/PMC anchored estimates (daily distribution),24.9,26.6,0.0,0.0,0.0,73.9,75.5,80.4
2025-01-30,2025,1,30,30,Dry Winter,Dhaka,23.71,90.41,19.84,25.72,13.6,12.1,20.3,13.8,69.9,1.01,8.86,179.1,1011.5,16.7,5.4,51,Light drizzle,19.84,25.72,13.6,1.01,69.91,8.86,179.1,1011.5,NASA POWER MERRA-2 (primary) + ERA5-normals sim (solar/sunshine/weather-code),46,2,114,162,658,6,0.9119,DENV-2/DENV-3,Moderate,DGHS/WHO/PMC anchored estimates (daily distribution),27.4,27.4,0.0,0.0,0.0,72.4,68.1,75.6
2025-01-31,2025,1,31,31,Dry Winter,Dhaka,23.71,90.41,21.91,27.8,17.66,10.1,23.1,18.8,84.3,0.55,12.06,198.7,1011.0,14.2,7.8,0,Clear sky,21.91,27.8,17.66,0.55,84.26,12.06,198.7,1011.0,NASA POWER MERRA-2 (primary) + ERA5-normals sim (solar/sunshine/weather-code),27,0,144,171,685,6,0.8759,DENV-2/DENV-3,Moderate,DGHS/WHO/PMC anchored estimates (daily distribution),29.4,27.4,0.0,0.0,0.0,69.6,70.7,75.5
2025-02-01,2025,2,1,32,Dry Winter,Dhaka,23.71,90.41,22.06,27.77,18.2,9.6,22.8,16.9,74.0,0.21,5.83,271.9,1011.6,18.1,7.1,0,Clear sky,22.06,27.77,18.2,0.21,73.95,5.83,271.9,1011.6,NASA POWER MERRA-2 (primary) + ERA5-normals sim (solar/sunshine/weather-code),3,0,144,147,688,6,0.8721,DENV-2/DENV-3,Watch,DGHS/WHO/PMC anchored estimates (daily distribution),27.4,25.3,0.0,0.0,0.0,70.9,77.2,70.7
2025-02-02,2025,2,2,33,Dry Winter,Dhaka,23.71,90.41,20.65,27.32,15.7,11.6,21.2,15.0,71.5,0.0,7.56,3.8,1011.7,21.7,7.4,1,Mainly clear,20.65,27.32,15.7,0.0,71.49,7.56,3.8,1011.7,NASA POWER MERRA-2 (primary) + ERA5-normals sim (solar/sunshine/weather-code),3,0,100,103,691,6,0.8683,DENV-2/DENV-3,Watch,DGHS/WHO/PMC anchored estimates (daily distribution),25.3,24.1,0.0,0.0,0.0,68.6,74.8,60.4
2025-02-03,2025,2,3,34,Dry Winter,Dhaka,23.71,90.41,20.42,27.43,15.09,12.3,20.8,13.9,67.6,0.0,8.89,14.2,1012.3,26.1,7.5,51,Light drizzle,20.42,27.43,15.09,0.0,67.58,8.89,14.2,1012.3,NASA POWER MERRA-2 (primary) + ERA5-normals sim (solar/sunshine/weather-code),8,0,79,87,699,6,0.8584,DENV-2/DENV-3,Watch,DGHS/WHO/PMC anchored estimates (daily distribution),22.6,22.5,0.0,0.0,0.0,72.2,71.1,64.2
2025-02-04,2025,2,4,35,Dry Winter,Dhaka,23.71,90.41,19.77,26.91,13.81,13.1,19.9,12.2,62.4,0.0,9.14,338.9,1012.5,24.1,6.7,1,Mainly clear,19.77,26.91,13.81,0.0,62.38,9.14,338.9,1012.5,NASA POWER MERRA-2 (primary) + ERA5-normals sim (solar/sunshine/weather-code),5,0,41,46,704,6,0.8523,DENV-2/DENV-3,Watch,DGHS/WHO/PMC anchored estimates (daily distribution),16.6,21.6,0.0,0.0,0.0,68.2,69.6,74.9
2025-02-05,2025,2,5,36,Dry Winter,Dhaka,23.71,90.41,20.64,27.41,14.99,12.4,20.7,12.9,61.2,0.0,6.8,0.1,1010.7,21.2,7.5,0,Clear sky,20.64,27.41,14.99,0.0,61.23,6.8,0.1,1010.7,NASA POWER MERRA-2 (primary) + ERA5-normals sim (solar/sunshine/weather-code),5,0,19,24,709,6,0.8463,DENV-2/DENV-3,Watch,DGHS/WHO/PMC anchored estimates (daily distribution),13.9,19.4,0.0,0.0,0.0,57.6,73.9,75.5
2025-02-06,2025,2,6,37,Dry Winter,Dhaka,23.71,90.41,21.65,28.91,15.86,13.0,22.2,15.7,70.3,0.0,8.71,263.2,1011.2,19.1,7.4,0,Clear sky,21.65,28.91,15.86,0.0,70.29,8.71,263.2,1011.2,NASA POWER MERRA-2 (primary) + ERA5-normals sim (solar/sunshine/weather-code),7,0,21,28,716,6,0.838,DENV-2/DENV-3,Watch,DGHS/WHO/PMC anchored estimates (daily distribution),8.3,17.9,1.01,0.0,0.0,69.9,72.4,68.1
2025-02-07,2025,2,7,38,Dry Winter,Dhaka,23.71,90.41,20.32,27.51,14.17,13.3,20.0,11.1,53.7,0.0,6.95,330.4,1012.9,18.7,8.2,0,Clear sky,20.32,27.51,14.17,0.0,53.72,6.95,330.4,1012.9,NASA POWER MERRA-2 (primary) + ERA5-normals sim (solar/sunshine/weather-code),16,0,25,41,732,6,0.8197,DENV-2/DENV-3,Watch,DGHS/WHO/PMC anchored estimates (daily distribution),6.7,18.1,0.55,0.0,0.0,84.3,69.6,70.7
2025-02-08,2025,2,8,39,Dry Winter,Dhaka,23.71,90.41,18.6,26.4,12.0,14.4,18.0,8.2,48.2,0.0,8.82,349.2,1013.4,15.0,7.0,61,Moderate rain,18.6,26.4,12.0,0.0,48.17,8.82,349.2,1013.4,NASA POWER MERRA-2 (primary) + ERA5-normals sim (solar/sunshine/weather-code),15,0,33,48,747,6,0.8032,DENV-2/DENV-3,Watch,DGHS/WHO/PMC anchored estimates (daily distribution),8.4,17.9,0.21,0.0,0.0,74.0,70.9,77.2
2025-02-09,2025,2,9,40,Dry Winter,Dhaka,23.71,90.41,18.6,26.26,11.51,14.8,18.1,8.8,50.8,0.0,7.52,334.6,1012.6,20.4,6.0,0,Clear sky,18.6,26.26,11.51,0.0,50.77,7.52,334.6,1012.6,NASA POWER MERRA-2 (primary) + ERA5-normals sim (solar/sunshine/weather-code),9,0,43,52,756,6,0.7937,DENV-2/DENV-3,Watch,DGHS/WHO/PMC anchored estimates (daily distribution),9.3,17.3,0.0,0.0,0.0,71.5,68.6,74.8
2025-02-10,2025,2,10,41,Dry Winter,Dhaka,23.71,90.41,20.33,27.03,13.91,13.1,19.8,10.1,49.0,0.01,5.29,332.8,1013.1,18.4,8.8,1,Mainly clear,20.33,27.03,13.91,0.01,49.04,5.29,332.8,1013.1,NASA POWER MERRA-2 (primary) + ERA5-normals sim (solar/sunshine/weather-code),11,0,47,58,767,6,0.7823,DENV-2/DENV-3,Watch,DGHS/WHO/PMC anchored estimates (daily distribution),9.7,16.1,0.0,0.0,0.0,67.6,72.2,71.1
2025-02-11,2025,2,11,42,Dry Winter,Dhaka,23.71,90.41,20.78,28.94,13.53,15.4,21.4,15.1,71.6,0.0,8.78,198.3,1011.8,21.3,7.4,61,Moderate rain,20.78,28.94,13.53,0.0,71.55,8.78,198.3,1011.8,NASA POWER MERRA-2 (primary) + ERA5-normals sim (solar/sunshine/weather-code),9,0,51,60,776,6,0.7732,DENV-2/DENV-3,Watch,DGHS/WHO/PMC anchored estimates (daily distribution),10.3,13.4,0.0,0.0,0.0,62.4,68.2,69.6
2025-02-12,2025,2,12,43,Dry Winter,Dhaka,23.71,90.41,22.51,30.18,16.24,13.9,23.2,17.1,73.0,0.0,9.58,188.7,1011.9,25.5,7.0,51,Light drizzle,22.51,30.18,16.24,0.0,72.97,9.58,188.7,1011.9,NASA POWER MERRA-2 (primary) + ERA5-normals sim (solar/sunshine/weather-code),5,0,44,49,781,6,0.7682,DENV-2/DENV-3,Watch,DGHS/WHO/PMC anchored estimates (daily distribution),10.3,12.1,0.0,0.0,0.0,61.2,57.6,73.9
2025-02-13,2025,2,13,44,Dry Winter,Dhaka,23.71,90.41,23.41,29.92,18.12,11.8,24.2,18.6,75.9,0.02,9.07,191.5,1010.9,17.5,7.0,1,Mainly clear,23.41,29.92,18.12,0.02,75.94,9.07,191.5,1010.9,NASA POWER MERRA-2 (primary) + ERA5-normals sim (solar/sunshine/weather-code),17,0,34,51,798,6,0.7519,DENV-2/DENV-3,Watch,DGHS/WHO/PMC anchored estimates (daily distribution),11.7,10.0,0.0,1.01,0.0,70.3,69.9,72.4
2025-02-14,2025,2,14,45,Dry Winter,Dhaka,23.71,90.41,21.32,28.28,14.08,14.2,20.8,11.2,49.3,0.02,8.21,303.7,1011.2,18.3,7.3,0,Clear sky,21.32,28.28,14.08,0.02,49.26,8.21,303.7,1011.2,NASA POWER MERRA-2 (primary) + ERA5-normals sim (solar/sunshine/weather-code),20,0,42,62,818,6,0.7335,DENV-2/DENV-3,Moderate,DGHS/WHO/PMC anchored estimates (daily distribution),12.3,9.5,0.0,0.55,0.0,53.7,84.3,69.6
2025-02-15,2025,2,15,46,Dry Winter,Dhaka,23.71,90.41,20.93,28.29,13.65,14.6,20.1,9.6,43.3,0.0,7.27,7.0,1011.2,17.2,7.9,51,Light drizzle,20.93,28.29,13.65,0.0,43.27,7.27,7.0,1011.2,NASA POWER MERRA-2 (primary) + ERA5-normals sim (solar/sunshine/weather-code),12,0,51,63,830,6,0.7229,DENV-2/DENV-3,Watch,DGHS/WHO/PMC anchored estimates (daily distribution),11.9,10.1,0.0,0.21,0.0,48.2,74.0,70.9
2025-02-16,2025,2,16,47,Dry Winter,Dhaka,23.71,90.41,22.3,29.21,15.29,13.9,21.6,11.5,45.9,0.0,5.87,144.7,1011.8,20.8,6.5,0,Clear sky,22.3,29.21,15.29,0.0,45.86,5.87,144.7,1011.8,NASA POWER MERRA-2 (primary) + ERA5-normals sim (solar/sunshine/weather-code),6,0,54,60,836,6,0.7177,DENV-2/DENV-3,Watch,DGHS/WHO/PMC anchored estimates (daily distribution),11.4,10.4,0.0,0.0,0.0,50.8,71.5,68.6
2025-02-17,2025,2,17,48,Dry Winter,Dhaka,23.71,90.41,23.32,30.28,17.09,13.2,23.6,16.3,65.1,0.0,7.42,170.7,1013.3,20.4,8.5,0,Clear sky,23.32,30.28,17.09,0.0,65.13,7.42,170.7,1013.3,NASA POWER MERRA-2 (primary) + ERA5-normals sim (solar/sunshine/weather-code),4,0,55,59,840,6,0.7143,DENV-2/DENV-3,Watch,DGHS/WHO/PMC anchored estimates (daily distribution),10.4,10.1,0.01,0.0,0.0,49.0,67.6,72.2
2025-02-18,2025,2,18,49,Dry Winter,Dhaka,23.71,90.41,24.53,31.36,18.37,13.0,24.5,16.5,59.7,0.0,7.31,250.1,1012.3,22.3,9.0,0,Clear sky,24.53,31.36,18.37,0.0,59.74,7.31,250.1,1012.3,NASA POWER MERRA-2 (primary) + ERA5-normals sim (solar/sunshine/weather-code),9,0,42,51,849,6,0.7067,DENV-2/DENV-3,Watch,DGHS/WHO/PMC anchored estimates (daily distribution),10.4,10.4,0.0,0.0,0.0,71.6,62.4,68.2
2025-02-19,2025,2,19,50,Dry Winter,Dhaka,23.71,90.41,24.17,30.43,18.84,11.6,24.4,17.0,64.0,0.01,4.86,103.8,1011.9,21.9,8.0,61,Moderate rain,24.17,30.43,18.84,0.01,64.03,4.86,103.8,1011.9,NASA POWER MERRA-2 (primary) + ERA5-normals sim (solar/sunshine/weather-code),10,0,31,41,859,6,0.6985,DENV-2/DENV-3,Watch,DGHS/WHO/PMC anchored estimates (daily distribution),11.1,10.7,0.0,0.0,0.0,73.0,61.2,57.6
2025-02-20,2025,2,20,51,Dry Winter,Dhaka,23.71,90.41,24.68,30.95,18.86,12.1,24.9,17.6,64.7,0.18,4.61,27.0,1013.4,21.5,8.1,1,Mainly clear,24.68,30.95,18.86,0.18,64.73,4.61,27.0,1013.4,NASA POWER MERRA-2 (primary) + ERA5-normals sim (solar/sunshine/weather-code),6,0,29,35,865,6,0.6936,DENV-2/DENV-3,Watch,DGHS/WHO/PMC anchored estimates (daily distribution),9.6,10.6,0.02,0.0,1.01,75.9,70.3,69.9
2025-02-21,2025,2,21,52,Dry Winter,Dhaka,23.71,90.41,24.56,30.98,18.21,12.8,24.3,15.6,55.1,0.0,5.9,335.5,1013.4,17.6,7.4,0,Clear sky,24.56,30.98,18.21,0.0,55.12,5.9,335.5,1013.4,NASA POWER MERRA-2 (primary) + ERA5-normals sim (solar/sunshine/weather-code),7,0,29,36,872,6,0.6881,DENV-2/DENV-3,Watch,DGHS/WHO/PMC anchored estimates (daily distribution),7.7,10.0,0.02,0.0,0.55,49.3,53.7,84.3
2025-02-22,2025,2,22,53,Dry Winter,Dhaka,23.71,90.41,25.43,31.9,18.96,12.9,25.1,16.1,53.2,0.04,4.72,67.3,1013.8,14.0,7.1,0,Clear sky,25.43,31.9,18.96,0.04,53.18,4.72,67.3,1013.8,NASA POWER MERRA-2 (primary) + ERA5-normals sim (solar/sunshine/weather-code),11,0,32,43,883,6,0.6795,DENV-2/DENV-3,Watch,DGHS/WHO/PMC anchored estimates (daily distribution),7.6,9.7,0.0,0.0,0.21,43.3,48.2,74.0
2025-02-23,2025,2,23,54,Dry Winter,Dhaka,23.71,90.41,24.29,29.43,19.49,9.9,24.3,16.4,60.7,2.41,6.19,33.6,1014.9,19.3,8.3,0,Clear sky,24.29,29.43,19.49,2.41,60.66,6.19,33.6,1014.9,NASA POWER MERRA-2 (primary) + ERA5-normals sim (solar/sunshine/weather-code),6,0,34,40,889,6,0.6749,DENV-2/DENV-3,Watch,DGHS/WHO/PMC anchored estimates (daily distribution),7.6,9.5,0.0,0.0,0.0,45.9,50.8,71.5
2025-02-24,2025,2,24,55,Dry Winter,Dhaka,23.71,90.41,23.67,30.82,17.63,13.2,23.7,15.7,60.1,0.0,9.32,8.9,1015.8,19.6,8.6,0,Clear sky,23.67,30.82,17.63,0.0,60.13,9.32,8.9,1015.8,NASA POWER MERRA-2 (primary) + ERA5-normals sim (solar/sunshine/weather-code),6,0,30,36,895,6,0.6704,DENV-2/DENV-3,Watch,DGHS/WHO/PMC anchored estimates (daily distribution),7.9,9.1,0.0,0.01,0.0,65.1,49.0,67.6
2025-02-25,2025,2,25,56,Dry Winter,Dhaka,23.71,90.41,23.28,31.13,16.93,14.2,22.9,13.6,51.5,0.0,10.15,3.9,1016.9,24.7,6.6,1,Mainly clear,23.28,31.13,16.93,0.0,51.51,10.15,3.9,1016.9,NASA POWER MERRA-2 (primary) + ERA5-normals sim (solar/sunshine/weather-code),6,0,30,36,901,6,0.6659,DENV-2/DENV-3,Watch,DGHS/WHO/PMC anchored estimates (daily distribution),7.4,8.9,0.0,0.0,0.0,59.7,71.6,62.4
2025-02-26,2025,2,26,57,Dry Winter,Dhaka,23.71,90.41,22.85,30.58,16.53,14.0,22.3,12.7,49.2,0.0,11.09,359.9,1016.7,19.2,8.0,0,Clear sky,22.85,30.58,16.53,0.0,49.18,11.09,359.9,1016.7,NASA POWER MERRA-2 (primary) + ERA5-normals sim (solar/sunshine/weather-code),4,0,29,33,905,6,0.663,DENV-2/DENV-3,Watch,DGHS/WHO/PMC anchored estimates (daily distribution),6.6,8.9,0.01,0.0,0.0,64.0,73.0,61.2
2025-02-27,2025,2,27,58,Dry Winter,Dhaka,23.71,90.41,23.05,30.56,17.22,13.3,22.7,13.7,53.2,0.0,10.58,339.6,1014.4,16.8,7.8,0,Clear sky,23.05,30.56,17.22,0.0,53.2,10.58,339.6,1014.4,NASA POWER MERRA-2 (primary) + ERA5-normals sim (solar/sunshine/weather-code),5,0,22,27,910,6,0.6593,DENV-2/DENV-3,Watch,DGHS/WHO/PMC anchored estimates (daily distribution),6.4,8.0,0.18,0.02,0.0,64.7,75.9,70.3
2025-02-28,2025,2,28,59,Dry Winter,Dhaka,23.71,90.41,24.56,31.33,18.22,13.1,24.0,14.4,49.3,0.0,5.65,346.7,1013.2,14.8,9.0,1,Mainly clear,24.56,31.33,18.22,0.0,49.28,5.65,346.7,1013.2,NASA POWER MERRA-2 (primary) + ERA5-normals sim (solar/sunshine/weather-code),3,0,21,24,913,6,0.6572,DENV-2/DENV-3,Watch,DGHS/WHO/PMC anchored estimates (daily distribution),5.9,6.8,0.0,0.02,0.0,55.1,49.3,53.7
2025-03-01,2025,3,1,60,Pre-Monsoon,Dhaka,23.71,90.41,25.49,32.77,18.73,14.0,25.2,16.4,54.6,0.01,8.28,188.5,1010.9,15.8,4.9,1,Mainly clear,25.49,32.77,18.73,0.01,54.58,8.28,188.5,1010.9,NASA POWER MERRA-2 (primary) + ERA5-normals sim (solar/sunshine/weather-code),5,0,18,23,918,6,0.6536,DENV-2/DENV-3,Watch,DGHS/WHO/PMC anchored estimates (daily distribution),5.0,6.3,0.04,0.0,0.0,53.2,43.3,48.2
2025-03-02,2025,3,2,61,Pre-Monsoon,Dhaka,23.71,90.41,26.82,34.75,20.1,14.6,27.0,19.7,64.4,0.0,11.41,229.3,1007.9,20.9,8.5,51,Light drizzle,26.82,34.75,20.1,0.0,64.39,11.41,229.3,1007.9,NASA POWER MERRA-2 (primary) + ERA5-normals sim (solar/sunshine/weather-code),4,0,17,21,922,6,0.6508,DENV-2/DENV-3,Watch,DGHS/WHO/PMC anchored estimates (daily distribution),4.7,6.1,2.41,0.0,0.0,60.7,45.9,50.8
2025-03-03,2025,3,3,62,Pre-Monsoon,Dhaka,23.71,90.41,26.86,33.74,21.36,12.4,26.9,19.2,61.5,0.0,7.09,247.7,1009.1,16.3,8.7,3,Overcast,26.86,33.74,21.36,0.0,61.53,7.09,247.7,1009.1,NASA POWER MERRA-2 (primary) + ERA5-normals sim (solar/sunshine/weather-code),6,0,17,23,928,6,0.6466,DENV-2/DENV-3,Watch,DGHS/WHO/PMC anchored estimates (daily distribution),4.7,6.3,0.0,0.0,0.01,60.1,65.1,49.0
2025-03-04,2025,3,4,63,Pre-Monsoon,Dhaka,23.71,90.41,25.84,32.62,19.46,13.2,25.1,14.7,44.3,0.0,7.42,288.0,1009.6,21.0,5.9,1,Mainly clear,25.84,32.62,19.46,0.0,44.26,7.42,288.0,1009.6,NASA POWER MERRA-2 (primary) + ERA5-normals sim (solar/sunshine/weather-code),8,0,18,26,936,6,0.641,DENV-2/DENV-3,Watch,DGHS/WHO/PMC anchored estimates (daily distribution),5.0,6.2,0.0,0.0,0.0,51.5,59.7,71.6
2025-03-05,2025,3,5,64,Pre-Monsoon,Dhaka,23.71,90.41,24.67,32.8,17.56,15.2,24.0,14.1,47.3,0.0,10.84,255.1,1008.4,21.3,8.0,1,Mainly clear,24.67,32.8,17.56,0.0,47.29,10.84,255.1,1008.4,NASA POWER MERRA-2 (primary) + ERA5-normals sim (solar/sunshine/weather-code),4,0,23,27,940,6,0.6383,DENV-2/DENV-3,Watch,DGHS/WHO/PMC anchored estimates (daily distribution),5.0,5.8,0.0,0.01,0.0,49.2,64.0,73.0
2025-03-06,2025,3,6,65,Pre-Monsoon,Dhaka,23.71,90.41,23.95,31.87,17.72,14.2,22.9,11.7,38.8,0.0,7.74,348.8,1010.4,19.2,6.9,3,Overcast,23.95,31.87,17.72,0.0,38.83,7.74,348.8,1010.4,NASA POWER MERRA-2 (primary) + ERA5-normals sim (solar/sunshine/weather-code),3,0,22,25,943,6,0.6363,DENV-2/DENV-3,Watch,DGHS/WHO/PMC anchored estimates (daily distribution),4.7,5.6,0.0,0.18,0.02,53.2,64.7,75.9
2025-03-07,2025,3,7,66,Pre-Monsoon,Dhaka,23.71,90.41,22.85,31.12,15.2,15.9,21.8,10.6,38.9,0.0,10.22,309.2,1009.0,19.3,7.1,1,Mainly clear,22.85,31.12,15.2,0.0,38.92,10.22,309.2,1009.0,NASA POWER MERRA-2 (primary) + ERA5-normals sim (solar/sunshine/weather-code),3,0,21,24,946,6,0.6342,DENV-2/DENV-3,Watch,DGHS/WHO/PMC anchored estimates (daily distribution),4.7,5.3,0.0,0.0,0.02,49.3,55.1,49.3
2025-03-08,2025,3,8,67,Pre-Monsoon,Dhaka,23.71,90.41,24.29,32.07,17.52,14.6,23.4,12.8,42.7,0.0,8.68,201.9,1008.4,19.8,8.8,1,Mainly clear,24.29,32.07,17.52,0.0,42.73,8.68,201.9,1008.4,NASA POWER MERRA-2 (primary) + ERA5-normals sim (solar/sunshine/weather-code),2,0,18,20,948,6,0.6329,DENV-2/DENV-3,Watch,DGHS/WHO/PMC anchored estimates (daily distribution),4.3,4.6,0.01,0.04,0.0,54.6,53.2,43.3
2025-03-09,2025,3,9,68,Pre-Monsoon,Dhaka,23.71,90.41,24.95,32.44,18.61,13.8,24.8,16.5,57.6,0.08,7.88,309.7,1012.2,19.6,6.8,1,Mainly clear,24.95,32.44,18.61,0.08,57.62,7.88,309.7,1012.2,NASA POWER MERRA-2 (primary) + ERA5-normals sim (solar/sunshine/weather-code),6,0,12,18,954,6,0.6289,DENV-2/DENV-3,Watch,DGHS/WHO/PMC anchored estimates (daily distribution),4.6,4.6,0.0,2.41,0.0,64.4,60.7,45.9
2025-03-10,2025,3,10,69,Pre-Monsoon,Dhaka,23.71,90.41,25.58,33.34,18.68,14.7,24.9,14.9,46.7,0.17,9.0,19.7,1014.2,21.9,8.7,3,Overcast,25.58,33.34,18.68,0.17,46.7,9.0,19.7,1014.2,NASA POWER MERRA-2 (primary) + ERA5-normals sim (solar/sunshine/weather-code),5,0,14,19,959,6,0.6257,DENV-2/DENV-3,Watch,DGHS/WHO/PMC anchored estimates (daily distribution),4.4,4.6,0.0,0.0,0.0,61.5,60.1,65.1
2025-03-11,2025,3,11,70,Pre-Monsoon,Dhaka,23.71,90.41,26.97,34.45,20.4,14.1,26.3,16.4,47.1,0.0,7.45,230.4,1011.8,19.5,7.4,1,Mainly clear,26.97,34.45,20.4,0.0,47.09,7.45,230.4,1011.8,NASA POWER MERRA-2 (primary) + ERA5-normals sim (solar/sunshine/weather-code),6,0,16,22,965,6,0.6218,DENV-2/DENV-3,Watch,DGHS/WHO/PMC anchored estimates (daily distribution),4.1,4.6,0.0,0.0,0.0,44.3,51.5,59.7
2025-03-12,2025,3,12,71,Pre-Monsoon,Dhaka,23.71,90.41,27.1,34.63,20.0,14.6,26.6,17.0,49.5,0.0,11.77,255.9,1008.0,24.5,6.2,2,Partly cloudy,27.1,34.63,20.0,0.0,49.49,11.77,255.9,1008.0,NASA POWER MERRA-2 (primary) + ERA5-normals sim (solar/sunshine/weather-code),4,0,19,23,969,6,0.6192,DENV-2/DENV-3,Watch,DGHS/WHO/PMC anchored estimates (daily distribution),4.1,4.6,0.0,0.0,0.01,47.3,49.2,64.0
2025-03-13,2025,3,13,72,Pre-Monsoon,Dhaka,23.71,90.41,28.25,36.58,21.34,15.2,28.5,21.4,65.7,0.01,12.71,204.1,1006.1,20.5,8.1,51,Light drizzle,28.25,36.58,21.34,0.01,65.7,12.71,204.1,1006.1,NASA POWER MERRA-2 (primary) + ERA5-normals sim (solar/sunshine/weather-code),4,0,21,25,973,6,0.6166,DENV-2/DENV-3,Watch,DGHS/WHO/PMC anchored estimates (daily distribution),4.3,4.5,0.0,0.0,0.18,38.8,53.2,64.7
2025-03-14,2025,3,14,73,Pre-Monsoon,Dhaka,23.71,90.41,29.02,37.2,22.71,14.5,29.3,22.2,66.1,0.06,11.66,190.6,1007.5,23.2,9.1,61,Moderate rain,29.02,37.2,22.71,0.06,66.07,11.66,190.6,1007.5,NASA POWER MERRA-2 (primary) + ERA5-normals sim (solar/sunshine/weather-code),7,0,19,26,980,6,0.6122,DENV-2/DENV-3,Watch,DGHS/WHO/PMC anchored estimates (daily distribution),4.9,4.8,0.0,0.0,0.0,38.9,49.3,55.1
2025-03-15,2025,3,15,74,Pre-Monsoon,Dhaka,23.71,90.41,29.05,36.29,22.97,13.3,29.5,22.8,68.6,0.04,11.77,174.6,1009.3,21.8,6.7,1,Mainly clear,29.05,36.29,22.97,0.04,68.6,11.77,174.6,1009.3,NASA POWER MERRA-2 (primary) + ERA5-normals sim (solar/sunshine/weather-code),8,0,21,29,988,6,0.6073,DENV-2/DENV-3,Watch,DGHS/WHO/PMC anchored estimates (daily distribution),5.7,5.0,0.0,0.01,0.04,42.7,54.6,53.2
2025-03-16,2025,3,16,75,Pre-Monsoon,Dhaka,23.71,90.41,29.88,38.51,23.26,15.2,30.0,22.4,62.8,0.07,12.1,196.8,1008.5,21.4,8.2,3,Overcast,29.88,38.51,23.26,0.07,62.76,12.1,196.8,1008.5,NASA POWER MERRA-2 (primary) + ERA5-normals sim (solar/sunshine/weather-code),4,0,23,27,992,6,0.6048,DENV-2/DENV-3,Watch,DGHS/WHO/PMC anchored estimates (daily distribution),5.4,5.0,0.08,0.0,2.41,57.6,64.4,60.7
2025-03-17,2025,3,17,76,Pre-Monsoon,Dhaka,23.71,90.41,29.68,37.55,23.4,14.2,29.8,22.0,61.6,0.14,13.86,192.0,1007.6,19.4,8.0,61,Moderate rain,29.68,37.55,23.4,0.14,61.6,13.86,192.0,1007.6,NASA POWER MERRA-2 (primary) + ERA5-normals sim (solar/sunshine/weather-code),5,0,23,28,997,6,0.6018,DENV-2/DENV-3,Watch,DGHS/WHO/PMC anchored estimates (daily distribution),5.4,4.9,0.17,0.0,0.0,46.7,61.5,60.1
2025-03-18,2025,3,18,77,Pre-Monsoon,Dhaka,23.71,90.41,29.2,36.25,23.87,12.4,29.3,21.5,61.7,1.07,8.75,209.3,1008.7,15.5,7.6,51,Light drizzle,29.2,36.25,23.87,1.07,61.69,8.75,209.3,1008.7,NASA POWER MERRA-2 (primary) + ERA5-normals sim (solar/sunshine/weather-code),4,0,24,28,1001,6,0.5994,DENV-2/DENV-3,Watch,DGHS/WHO/PMC anchored estimates (daily distribution),5.1,4.6,0.0,0.0,0.0,47.1,44.3,51.5
2025-03-19,2025,3,19,78,Pre-Monsoon,Dhaka,23.71,90.41,29.08,36.32,23.05,13.3,29.0,20.7,58.2,0.27,8.28,195.3,1011.9,21.0,6.5,3,Overcast,29.08,36.32,23.05,0.27,58.22,8.28,195.3,1011.9,NASA POWER MERRA-2 (primary) + ERA5-normals sim (solar/sunshine/weather-code),5,0,21,26,1006,6,0.5964,DENV-2/DENV-3,Watch,DGHS/WHO/PMC anchored estimates (daily distribution),5.3,4.7,0.0,0.0,0.0,49.5,47.3,49.2
2025-03-20,2025,3,20,79,Pre-Monsoon,Dhaka,23.71,90.41,29.34,36.33,22.66,13.7,29.2,21.0,58.2,0.18,9.68,240.0,1012.9,20.3,7.8,1,Mainly clear,29.34,36.33,22.66,0.18,58.21,9.68,240.0,1012.9,NASA POWER MERRA-2 (primary) + ERA5-normals sim (solar/sunshine/weather-code),4,0,18,22,1010,6,0.5941,DENV-2/DENV-3,Watch,DGHS/WHO/PMC anchored estimates (daily distribution),5.3,4.8,0.01,0.0,0.0,65.7,38.8,53.2
2025-03-21,2025,3,21,80,Pre-Monsoon,Dhaka,23.71,90.41,26.65,32.34,22.05,10.3,26.6,18.2,58.0,0.09,14.11,338.5,1014.6,19.7,9.1,51,Light drizzle,26.65,32.34,22.05,0.09,58.03,14.11,338.5,1014.6,NASA POWER MERRA-2 (primary) + ERA5-normals sim (solar/sunshine/weather-code),17,0,18,35,1027,6,0.5842,DENV-2/DENV-3,Watch,DGHS/WHO/PMC anchored estimates (daily distribution),6.7,5.8,0.06,0.0,0.0,66.1,38.9,49.3
2025-03-22,2025,3,22,81,Pre-Monsoon,Dhaka,23.71,90.41,24.52,28.87,20.9,8.0,24.6,16.8,61.4,0.07,10.58,348.2,1014.5,22.5,7.8,1,Mainly clear,24.52,28.87,20.9,0.07,61.4,10.58,348.2,1014.5,NASA POWER MERRA-2 (primary) + ERA5-normals sim (solar/sunshine/weather-code),14,0,30,44,1041,6,0.5764,DENV-2/DENV-3,Watch,DGHS/WHO/PMC anchored estimates (daily distribution),7.6,6.6,0.04,0.0,0.01,68.6,42.7,54.6
2025-03-23,2025,3,23,82,Pre-Monsoon,Dhaka,23.71,90.41,26.14,33.21,19.33,13.9,25.8,16.7,52.6,0.07,9.86,9.6,1013.8,23.6,6.7,1,Mainly clear,26.14,33.21,19.33,0.07,52.64,9.86,9.6,1013.8,NASA POWER MERRA-2 (primary) + ERA5-normals sim (solar/sunshine/weather-code),9,0,40,49,1050,6,0.5714,DENV-2/DENV-3,Watch,DGHS/WHO/PMC anchored estimates (daily distribution),8.3,6.9,0.07,0.08,0.0,62.8,57.6,64.4
2025-03-24,2025,3,24,83,Pre-Monsoon,Dhaka,23.71,90.41,26.11,33.79,19.27,14.5,25.6,16.1,49.8,0.1,10.87,345.5,1012.4,23.5,9.8,1,Mainly clear,26.11,33.79,19.27,0.1,49.85,10.87,345.5,1012.4,NASA POWER MERRA-2 (primary) + ERA5-normals sim (solar/sunshine/weather-code),7,0,44,51,1057,6,0.5676,DENV-2/DENV-3,Watch,DGHS/WHO/PMC anchored estimates (daily distribution),8.6,7.0,0.14,0.17,0.0,61.6,46.7,61.5
2025-03-25,2025,3,25,84,Pre-Monsoon,Dhaka,23.71,90.41,26.68,34.54,19.17,15.4,25.9,15.6,44.8,0.0,9.72,330.5,1008.2,22.0,7.8,61,Moderate rain,26.68,34.54,19.17,0.0,44.79,9.72,330.5,1008.2,NASA POWER MERRA-2 (primary) + ERA5-normals sim (solar/sunshine/weather-code),11,0,47,58,1068,6,0.5618,DENV-2/DENV-3,Watch,DGHS/WHO/PMC anchored estimates (daily distribution),9.6,7.4,1.07,0.0,0.0,61.7,47.1,44.3
2025-03-26,2025,3,26,85,Pre-Monsoon,Dhaka,23.71,90.41,28.12,35.37,20.87,14.5,27.2,16.3,40.9,0.0,5.98,314.0,1006.1,22.5,8.9,61,Moderate rain,28.12,35.37,20.87,0.0,40.88,5.98,314.0,1006.1,NASA POWER MERRA-2 (primary) + ERA5-normals sim (solar/sunshine/weather-code),8,0,41,49,1076,6,0.5576,DENV-2/DENV-3,Watch,DGHS/WHO/PMC anchored estimates (daily distribution),10.0,7.6,0.27,0.0,0.0,58.2,49.5,47.3
2025-03-27,2025,3,27,86,Pre-Monsoon,Dhaka,23.71,90.41,28.77,36.08,21.95,14.1,28.6,20.2,57.4,0.0,8.93,198.0,1004.3,22.1,7.9,3,Overcast,28.77,36.08,21.95,0.0,57.42,8.93,198.0,1004.3,NASA POWER MERRA-2 (primary) + ERA5-normals sim (solar/sunshine/weather-code),17,0,35,52,1093,6,0.5489,DENV-2/DENV-3,Watch,DGHS/WHO/PMC anchored estimates (daily distribution),11.9,8.6,0.18,0.01,0.0,58.2,65.7,38.8
2025-03-28,2025,3,28,87,Pre-Monsoon,Dhaka,23.71,90.41,30.12,39.1,23.11,16.0,30.0,21.8,58.4,0.0,13.32,197.1,1003.4,19.8,7.3,3,Overcast,30.12,39.1,23.11,0.0,58.41,13.32,197.1,1003.4,NASA POWER MERRA-2 (primary) + ERA5-normals sim (solar/sunshine/weather-code),15,0,43,58,1108,6,0.5415,DENV-2/DENV-3,Watch,DGHS/WHO/PMC anchored estimates (daily distribution),11.6,9.1,0.09,0.06,0.0,58.0,66.1,38.9
2025-03-29,2025,3,29,88,Pre-Monsoon,Dhaka,23.71,90.41,30.38,39.23,23.51,15.7,30.4,22.5,60.8,0.0,13.32,194.2,1004.9,22.2,8.4,2,Partly cloudy,30.38,39.23,23.51,0.0,60.76,13.32,194.2,1004.9,NASA POWER MERRA-2 (primary) + ERA5-normals sim (solar/sunshine/weather-code),9,0,51,60,1117,6,0.5372,DENV-2/DENV-3,Watch,DGHS/WHO/PMC anchored estimates (daily distribution),10.9,9.2,0.07,0.04,0.0,61.4,68.6,42.7
2025-03-30,2025,3,30,89,Pre-Monsoon,Dhaka,23.71,90.41,29.9,37.68,23.12,14.6,30.0,22.5,62.9,0.0,10.69,177.8,1008.2,25.4,9.5,2,Partly cloudy,29.9,37.68,23.12,0.0,62.93,10.69,177.8,1008.2,NASA POWER MERRA-2 (primary) + ERA5-normals sim (solar/sunshine/weather-code),14,0,49,63,1131,6,0.5305,DENV-2/DENV-3,Watch,DGHS/WHO/PMC anchored estimates (daily distribution),11.6,9.9,0.07,0.07,0.08,52.6,62.8,57.6
2025-03-31,2025,3,31,90,Pre-Monsoon,Dhaka,23.71,90.41,30.03,36.86,23.83,13.0,30.0,21.9,59.4,0.01,10.55,203.2,1007.9,23.7,10.2,2,Partly cloudy,30.03,36.86,23.83,0.01,59.45,10.55,203.2,1007.9,NASA POWER MERRA-2 (primary) + ERA5-normals sim (solar/sunshine/weather-code),9,0,55,64,1140,6,0.5263,DENV-2/DENV-3,Watch,DGHS/WHO/PMC anchored estimates (daily distribution),11.9,10.2,0.1,0.14,0.17,49.8,61.6,46.7
2025-04-01,2025,4,1,91,Pre-Monsoon,Dhaka,23.71,90.41,29.85,36.16,24.05,12.1,29.9,22.2,61.9,0.07,13.39,188.2,1008.0,23.3,7.5,61,Moderate rain,29.85,36.16,24.05,0.07,61.87,13.39,188.2,1008.0,NASA POWER MERRA-2 (primary) + ERA5-normals sim (solar/sunshine/weather-code),39,0,47,86,1179,6,0.5089,DENV-2/DENV-3,Moderate,DGHS/WHO/PMC anchored estimates (daily distribution),15.9,12.7,0.0,1.07,0.0,44.8,61.7,47.1
2025-04-02,2025,4,2,92,Pre-Monsoon,Dhaka,23.71,90.41,29.88,37.34,23.43,13.9,29.7,21.0,55.6,0.05,7.2,190.0,1009.4,25.3,7.9,61,Moderate rain,29.88,37.34,23.43,0.05,55.65,7.2,190.0,1009.4,NASA POWER MERRA-2 (primary) + ERA5-normals sim (solar/sunshine/weather-code),36,0,71,107,1215,6,0.4938,DENV-2/DENV-3,Moderate,DGHS/WHO/PMC anchored estimates (daily distribution),19.9,14.9,0.0,0.27,0.0,40.9,58.2,49.5
2025-04-03,2025,4,3,93,Pre-Monsoon,Dhaka,23.71,90.41,29.81,36.66,23.72,12.9,29.6,21.2,56.8,1.85,8.93,232.1,1010.2,20.2,8.0,3,Overcast,29.81,36.66,23.72,1.85,56.8,8.93,232.1,1010.2,NASA POWER MERRA-2 (primary) + ERA5-normals sim (solar/sunshine/weather-code),22,0,98,120,1237,6,0.485,DENV-2/DENV-3,Moderate,DGHS/WHO/PMC anchored estimates (daily distribution),20.6,16.2,0.0,0.18,0.01,57.4,58.2,65.7
2025-04-04,2025,4,4,94,Pre-Monsoon,Dhaka,23.71,90.41,30.92,38.17,24.28,13.9,30.4,20.6,48.6,0.0,9.4,233.0,1008.7,18.7,7.4,2,Partly cloudy,30.92,38.17,24.28,0.0,48.65,9.4,233.0,1008.7,NASA POWER MERRA-2 (primary) + ERA5-normals sim (solar/sunshine/weather-code),10,0,106,116,1247,6,0.4812,DENV-2/DENV-3,Watch,DGHS/WHO/PMC anchored estimates (daily distribution),19.9,15.7,0.0,0.09,0.06,58.4,58.0,66.1
2025-04-05,2025,4,5,95,Pre-Monsoon,Dhaka,23.71,90.41,30.67,37.99,23.76,14.2,30.3,21.3,53.0,0.02,11.05,195.4,1007.4,17.1,6.2,3,Overcast,30.67,37.99,23.76,0.02,52.98,11.05,195.4,1007.4,NASA POWER MERRA-2 (primary) + ERA5-normals sim (solar/sunshine/weather-code),11,0,107,118,1258,6,0.4769,DENV-2/DENV-3,Watch,DGHS/WHO/PMC anchored estimates (daily distribution),20.1,15.5,0.0,0.07,0.04,60.8,61.4,68.6
2025-04-06,2025,4,6,96,Pre-Monsoon,Dhaka,23.71,90.41,30.83,38.09,24.62,13.5,30.6,22.1,56.3,0.45,13.0,177.1,1007.5,20.4,7.3,80,Rain showers,30.83,38.09,24.62,0.45,56.33,13.0,177.1,1007.5,NASA POWER MERRA-2 (primary) + ERA5-normals sim (solar/sunshine/weather-code),5,0,79,84,1263,6,0.4751,DENV-2/DENV-3,Watch,DGHS/WHO/PMC anchored estimates (daily distribution),18.9,15.2,0.0,0.07,0.07,62.9,52.6,62.8
2025-04-07,2025,4,7,97,Pre-Monsoon,Dhaka,23.71,90.41,30.01,36.88,24.93,12.0,30.0,21.9,59.4,2.44,10.12,155.8,1010.1,18.9,7.5,2,Partly cloudy,30.01,36.88,24.93,2.44,59.35,10.12,155.8,1010.1,NASA POWER MERRA-2 (primary) + ERA5-normals sim (solar/sunshine/weather-code),6,0,48,54,1269,6,0.4728,DENV-2/DENV-3,Watch,DGHS/WHO/PMC anchored estimates (daily distribution),18.4,15.1,0.01,0.1,0.14,59.4,49.8,61.6
2025-04-08,2025,4,8,98,Pre-Monsoon,Dhaka,23.71,90.41,28.23,32.43,24.26,8.2,28.7,22.0,68.9,3.22,6.48,189.4,1012.8,16.1,7.2,61,Moderate rain,28.23,32.43,24.26,3.22,68.88,6.48,189.4,1012.8,NASA POWER MERRA-2 (primary) + ERA5-normals sim (solar/sunshine/weather-code),6,0,32,38,1275,6,0.4706,DENV-2/DENV-3,Watch,DGHS/WHO/PMC anchored estimates (daily distribution),13.7,14.8,0.07,0.0,1.07,61.9,44.8,61.7
2025-04-09,2025,4,9,99,Pre-Monsoon,Dhaka,23.71,90.41,30.15,36.76,24.04,12.7,30.0,21.4,56.3,0.28,7.56,192.4,1010.1,15.2,6.9,80,Rain showers,30.15,36.76,24.04,0.28,56.34,7.56,192.4,1010.1,NASA POWER MERRA-2 (primary) + ERA5-normals sim (solar/sunshine/weather-code),4,0,28,32,1279,6,0.4691,DENV-2/DENV-3,Watch,DGHS/WHO/PMC anchored estimates (daily distribution),9.1,14.5,0.05,0.0,0.27,55.6,40.9,58.2
2025-04-10,2025,4,10,100,Pre-Monsoon,Dhaka,23.71,90.41,30.37,36.67,23.93,12.7,29.9,20.4,50.1,0.01,5.98,222.4,1006.4,17.5,6.9,61,Moderate rain,30.37,36.67,23.93,0.01,50.11,5.98,222.4,1006.4,NASA POWER MERRA-2 (primary) + ERA5-normals sim (solar/sunshine/weather-code),9,0,21,30,1288,6,0.4658,DENV-2/DENV-3,Watch,DGHS/WHO/PMC anchored estimates (daily distribution),7.3,13.9,1.85,0.0,0.18,56.8,57.4,58.2
2025-04-11,2025,4,11,101,Pre-Monsoon,Dhaka,23.71,90.41,29.3,34.57,24.59,10.0,29.2,20.7,57.0,2.25,12.31,188.3,1005.2,18.5,7.1,51,Light drizzle,29.3,34.57,24.59,2.25,57.03,12.31,188.3,1005.2,NASA POWER MERRA-2 (primary) + ERA5-normals sim (solar/sunshine/weather-code),6,0,25,31,1294,6,0.4637,DENV-2/DENV-3,Watch,DGHS/WHO/PMC anchored estimates (daily distribution),6.7,13.3,0.0,0.0,0.09,48.6,58.4,58.0
2025-04-12,2025,4,12,102,Pre-Monsoon,Dhaka,23.71,90.41,30.02,35.39,25.18,10.2,30.0,21.9,59.5,0.84,6.08,223.2,1006.4,21.8,6.5,2,Partly cloudy,30.02,35.39,25.18,0.84,59.53,6.08,223.2,1006.4,NASA POWER MERRA-2 (primary) + ERA5-normals sim (solar/sunshine/weather-code),7,0,25,32,1301,6,0.4612,DENV-2/DENV-3,Watch,DGHS/WHO/PMC anchored estimates (daily distribution),6.1,13.1,0.02,0.0,0.07,53.0,60.8,61.4
2025-04-13,2025,4,13,103,Pre-Monsoon,Dhaka,23.71,90.41,28.77,32.16,26.25,5.9,28.9,21.2,62.3,1.07,5.4,42.8,1008.5,18.8,7.7,1,Mainly clear,28.77,32.16,26.25,1.07,62.34,5.4,42.8,1008.5,NASA POWER MERRA-2 (primary) + ERA5-normals sim (solar/sunshine/weather-code),5,0,26,31,1306,6,0.4594,DENV-2/DENV-3,Watch,DGHS/WHO/PMC anchored estimates (daily distribution),6.1,12.5,0.45,0.0,0.07,56.3,62.9,52.6
2025-04-14,2025,4,14,104,Pre-Monsoon,Dhaka,23.71,90.41,28.12,31.29,24.97,6.3,28.3,20.8,63.5,0.97,6.8,31.0,1008.9,16.3,5.8,3,Overcast,28.12,31.29,24.97,0.97,63.53,6.8,31.0,1008.9,NASA POWER MERRA-2 (primary) + ERA5-normals sim (solar/sunshine/weather-code),12,0,27,39,1318,6,0.4552,DENV-2/DENV-3,Watch,DGHS/WHO/PMC anchored estimates (daily distribution),7.0,12.7,2.44,0.01,0.1,59.4,59.4,49.8
2025-04-15,2025,4,15,105,Pre-Monsoon,Dhaka,23.71,90.41,28.55,32.87,23.98,8.9,28.6,20.9,61.7,5.49,6.62,199.1,1009.2,19.5,4.5,1,Mainly clear,28.55,32.87,23.98,5.49,61.73,6.62,199.1,1009.2,NASA POWER MERRA-2 (primary) + ERA5-normals sim (solar/sunshine/weather-code),13,0,30,43,1331,6,0.4508,DENV-2/DENV-3,Watch,DGHS/WHO/PMC anchored estimates (daily distribution),8.0,10.9,3.22,0.07,0.0,68.9,61.9,44.8
2025-04-16,2025,4,16,106,Pre-Monsoon,Dhaka,23.71,90.41,28.87,34.72,23.77,11.0,29.1,22.0,65.5,8.6,7.24,199.6,1008.3,14.1,6.7,51,Light drizzle,28.87,34.72,23.77,8.6,65.54,7.24,199.6,1008.3,NASA POWER MERRA-2 (primary) + ERA5-normals sim (solar/sunshine/weather-code),10,0,37,47,1341,6,0.4474,DENV-2/DENV-3,Watch,DGHS/WHO/PMC anchored estimates (daily distribution),8.9,9.0,0.28,0.05,0.0,56.3,55.6,40.9
2025-04-17,2025,4,17,107,Pre-Monsoon,Dhaka,23.71,90.41,27.53,32.05,23.71,8.3,28.2,22.4,74.2,16.57,8.5,162.0,1007.8,9.8,2.4,61,Moderate rain,27.53,32.05,23.71,16.57,74.24,8.5,162.0,1007.8,NASA POWER MERRA-2 (primary) + ERA5-normals sim (solar/sunshine/weather-code),13,0,40,53,1354,6,0.4431,DENV-2/DENV-3,Watch,DGHS/WHO/PMC anchored estimates (daily distribution),9.4,8.4,0.01,1.85,0.0,50.1,56.8,57.4
2025-04-18,2025,4,18,108,Pre-Monsoon,Dhaka,23.71,90.41,27.81,32.61,23.59,9.0,28.6,22.8,75.0,15.73,8.6,169.2,1006.8,8.8,2.9,61,Moderate rain,27.81,32.61,23.59,15.73,74.98,8.6,169.2,1006.8,NASA POWER MERRA-2 (primary) + ERA5-normals sim (solar/sunshine/weather-code),21,0,48,69,1375,6,0.4364,DENV-2/DENV-3,Moderate,DGHS/WHO/PMC anchored estimates (daily distribution),11.6,9.1,2.25,0.0,0.0,57.0,48.6,58.4
2025-04-19,2025,4,19,109,Pre-Monsoon,Dhaka,23.71,90.41,28.09,33.05,24.76,8.3,29.0,23.5,77.3,13.67,10.08,157.8,1006.0,21.9,7.4,1,Mainly clear,28.09,33.05,24.76,13.67,77.32,10.08,157.8,1006.0,NASA POWER MERRA-2 (primary) + ERA5-normals sim (solar/sunshine/weather-code),9,0,57,66,1384,6,0.4335,DENV-2/DENV-3,Watch,DGHS/WHO/PMC anchored estimates (daily distribution),11.9,9.0,0.84,0.02,0.0,59.5,53.0,60.8
2025-04-20,2025,4,20,110,Pre-Monsoon,Dhaka,23.71,90.41,28.79,33.77,24.32,9.5,29.7,24.4,78.0,16.94,11.3,170.8,1006.0,25.2,7.0,51,Light drizzle,28.79,33.77,24.32,16.94,78.05,11.3,170.8,1006.0,NASA POWER MERRA-2 (primary) + ERA5-normals sim (solar/sunshine/weather-code),6,0,53,59,1390,6,0.4317,DENV-2/DENV-3,Watch,DGHS/WHO/PMC anchored estimates (daily distribution),12.0,9.1,1.07,0.45,0.0,62.3,56.3,62.9
2025-04-21,2025,4,21,111,Pre-Monsoon,Dhaka,23.71,90.41,29.53,34.2,26.13,8.1,30.6,25.8,81.3,22.71,13.28,177.4,1007.6,20.8,6.8,3,Overcast,29.53,34.2,26.13,22.71,81.27,13.28,177.4,1007.6,NASA POWER MERRA-2 (primary) + ERA5-normals sim (solar/sunshine/weather-code),5,0,49,54,1395,6,0.4301,DENV-2/DENV-3,Watch,DGHS/WHO/PMC anchored estimates (daily distribution),11.0,9.0,0.97,2.44,0.01,63.5,59.4,59.4
2025-04-22,2025,4,22,112,Pre-Monsoon,Dhaka,23.71,90.41,29.86,35.33,26.2,9.1,30.8,25.6,78.8,11.17,17.71,178.1,1007.2,15.0,8.5,51,Light drizzle,29.86,35.33,26.2,11.17,78.85,17.71,178.1,1007.2,NASA POWER MERRA-2 (primary) + ERA5-normals sim (solar/sunshine/weather-code),5,0,41,46,1400,6,0.4286,DENV-2/DENV-3,Watch,DGHS/WHO/PMC anchored estimates (daily distribution),9.9,8.9,5.49,3.22,0.07,61.7,68.9,61.9
2025-04-23,2025,4,23,113,Pre-Monsoon,Dhaka,23.71,90.41,30.83,37.4,26.45,11.0,31.6,25.8,74.9,0.48,22.75,183.8,1004.3,16.9,9.9,61,Moderate rain,30.83,37.4,26.45,0.48,74.88,22.75,183.8,1004.3,NASA POWER MERRA-2 (primary) + ERA5-normals sim (solar/sunshine/weather-code),2,0,25,27,1402,6,0.428,DENV-2/DENV-3,Watch,DGHS/WHO/PMC anchored estimates (daily distribution),8.7,8.8,8.6,0.28,0.05,65.5,56.3,55.6
2025-04-24,2025,4,24,114,Pre-Monsoon,Dhaka,23.71,90.41,30.9,37.52,26.78,10.7,31.6,25.7,74.2,0.86,22.97,180.9,1004.4,18.6,5.7,51,Light drizzle,30.9,37.52,26.78,0.86,74.21,22.97,180.9,1004.4,NASA POWER MERRA-2 (primary) + ERA5-normals sim (solar/sunshine/weather-code),4,0,18,22,1406,6,0.4267,DENV-2/DENV-3,Watch,DGHS/WHO/PMC anchored estimates (daily distribution),7.4,8.4,16.57,0.01,1.85,74.2,50.1,56.8
2025-04-25,2025,4,25,115,Pre-Monsoon,Dhaka,23.71,90.41,30.35,36.64,26.03,10.6,31.1,25.4,75.1,0.65,20.27,178.6,1005.3,17.4,6.8,3,Overcast,30.35,36.64,26.03,0.65,75.1,20.27,178.6,1005.3,NASA POWER MERRA-2 (primary) + ERA5-normals sim (solar/sunshine/weather-code),19,0,16,35,1425,6,0.4211,DENV-2/DENV-3,Watch,DGHS/WHO/PMC anchored estimates (daily distribution),7.1,9.4,15.73,2.25,0.0,75.0,57.0,48.6
2025-04-26,2025,4,26,116,Pre-Monsoon,Dhaka,23.71,90.41,30.45,36.69,26.17,10.5,31.1,25.1,73.2,0.26,19.51,177.0,1006.2,21.8,6.5,80,Rain showers,30.45,36.69,26.17,0.26,73.25,19.51,177.0,1006.2,NASA POWER MERRA-2 (primary) + ERA5-normals sim (solar/sunshine/weather-code),14,0,30,44,1439,6,0.417,DENV-2/DENV-3,Watch,DGHS/WHO/PMC anchored estimates (daily distribution),7.9,9.9,13.67,0.84,0.02,77.3,59.5,53.0
2025-04-27,2025,4,27,117,Pre-Monsoon,Dhaka,23.71,90.41,29.64,35.06,25.51,9.6,30.3,24.2,72.8,1.94,12.56,160.8,1008.2,24.7,5.8,1,Mainly clear,29.64,35.06,25.51,1.94,72.79,12.56,160.8,1008.2,NASA POWER MERRA-2 (primary) + ERA5-normals sim (solar/sunshine/weather-code),13,0,39,52,1452,6,0.4132,DENV-2/DENV-3,Watch,DGHS/WHO/PMC anchored estimates (daily distribution),8.9,10.4,16.94,1.07,0.45,78.0,62.3,56.3
2025-04-28,2025,4,28,118,Pre-Monsoon,Dhaka,23.71,90.41,28.76,33.59,25.32,8.3,29.5,23.7,74.6,6.24,7.99,147.6,1007.7,17.6,7.6,51,Light drizzle,28.76,33.59,25.32,6.24,74.58,7.99,147.6,1007.7,NASA POWER MERRA-2 (primary) + ERA5-normals sim (solar/sunshine/weather-code),70,0,50,120,1522,6,0.3942,DENV-2/DENV-3,Moderate,DGHS/WHO/PMC anchored estimates (daily distribution),18.1,14.6,22.71,0.97,2.44,81.3,63.5,59.4
2025-04-29,2025,4,29,119,Pre-Monsoon,Dhaka,23.71,90.41,27.36,31.24,24.02,7.2,28.2,22.7,76.6,17.08,6.37,166.9,1007.8,18.7,7.8,1,Mainly clear,27.36,31.24,24.02,17.08,76.56,6.37,166.9,1007.8,NASA POWER MERRA-2 (primary) + ERA5-normals sim (solar/sunshine/weather-code),49,0,116,165,1571,6,0.3819,DENV-2/DENV-3,Moderate,DGHS/WHO/PMC anchored estimates (daily distribution),24.4,17.1,11.17,5.49,3.22,78.8,61.7,68.9
2025-04-30,2025,4,30,120,Pre-Monsoon,Dhaka,23.71,90.41,28.02,31.23,24.4,6.8,28.6,22.4,71.9,11.69,4.25,180.7,1008.7,20.4,6.1,2,Partly cloudy,28.02,31.23,24.4,11.69,71.92,4.25,180.7,1008.7,NASA POWER MERRA-2 (primary) + ERA5-normals sim (solar/sunshine/weather-code),25,0,146,171,1596,6,0.3759,DENV-2/DENV-3,Moderate,DGHS/WHO/PMC anchored estimates (daily distribution),27.7,18.2,0.48,8.6,0.28,74.9,65.5,56.3
2025-05-01,2025,5,1,121,Pre-Monsoon,Dhaka,23.71,90.41,29.55,33.66,25.62,8.0,29.5,21.4,59.3,1.81,2.48,268.4,1009.4,16.7,6.4,61,Moderate rain,29.55,33.66,25.62,1.81,59.27,2.48,268.4,1009.4,NASA POWER MERRA-2 (primary) + ERA5-normals sim (solar/sunshine/weather-code),19,0,157,176,1615,6,0.3715,DENV-2/DENV-3,Watch,DGHS/WHO/PMC anchored estimates (daily distribution),29.9,18.6,0.86,16.57,0.01,74.2,74.2,50.1
2025-05-02,2025,5,2,122,Pre-Monsoon,Dhaka,23.71,90.41,28.6,32.87,24.19,8.7,28.8,21.4,64.0,9.72,5.04,270.0,1008.0,15.9,8.0,80,Rain showers,28.6,32.87,24.19,9.72,64.04,5.04,270.0,1008.0,NASA POWER MERRA-2 (primary) + ERA5-normals sim (solar/sunshine/weather-code),17,0,163,180,1632,6,0.3676,DENV-2/DENV-3,Watch,DGHS/WHO/PMC anchored estimates (daily distribution),29.6,18.4,0.65,15.73,2.25,75.1,75.0,57.0
2025-05-03,2025,5,3,123,Pre-Monsoon,Dhaka,23.71,90.41,28.71,33.51,24.45,9.1,29.0,21.7,65.1,4.56,7.24,205.5,1006.9,14.8,8.1,1,Mainly clear,28.71,33.51,24.45,4.56,65.12,7.24,205.5,1006.9,NASA POWER MERRA-2 (primary) + ERA5-normals sim (solar/sunshine/weather-code),30,0,110,140,1662,6,0.361,DENV-2/DENV-3,Moderate,DGHS/WHO/PMC anchored estimates (daily distribution),31.9,19.9,0.26,13.67,0.84,73.2,77.3,59.5
2025-05-04,2025,5,4,124,Pre-Monsoon,Dhaka,23.71,90.41,28.31,32.36,24.74,7.6,29.1,23.5,75.8,7.27,9.76,179.1,1005.9,14.9,8.0,2,Partly cloudy,28.31,32.36,24.74,7.27,75.76,9.76,179.1,1005.9,NASA POWER MERRA-2 (primary) + ERA5-normals sim (solar/sunshine/weather-code),20,0,91,111,1682,6,0.3567,DENV-2/DENV-3,Moderate,DGHS/WHO/PMC anchored estimates (daily distribution),32.9,20.9,1.94,16.94,1.07,72.8,78.0,62.3
2025-05-05,2025,5,5,125,Pre-Monsoon,Dhaka,23.71,90.41,28.73,32.99,24.66,8.3,29.4,23.4,73.5,2.38,6.95,195.3,1006.2,16.3,6.5,3,Overcast,28.73,32.99,24.66,2.38,73.54,6.95,195.3,1006.2,NASA POWER MERRA-2 (primary) + ERA5-normals sim (solar/sunshine/weather-code),14,0,86,100,1696,6,0.3538,DENV-2/DENV-3,Watch,DGHS/WHO/PMC anchored estimates (daily distribution),24.9,21.5,6.24,22.71,0.97,74.6,81.3,63.5
2025-05-06,2025,5,6,126,Pre-Monsoon,Dhaka,23.71,90.41,29.23,33.79,25.06,8.7,29.8,23.5,71.4,1.12,7.34,203.6,1006.3,13.2,6.0,2,Partly cloudy,29.23,33.79,25.06,1.12,71.45,7.34,203.6,1006.3,NASA POWER MERRA-2 (primary) + ERA5-normals sim (solar/sunshine/weather-code),16,1,80,97,1712,7,0.4089,DENV-2/DENV-3,Watch,DGHS/WHO/PMC anchored estimates (daily distribution),20.1,22.3,17.08,11.17,5.49,76.6,78.8,61.7
2025-05-07,2025,5,7,127,Pre-Monsoon,Dhaka,23.71,90.41,29.54,34.45,24.87,9.6,30.0,23.4,69.4,0.59,7.45,228.6,1005.0,20.7,5.3,61,Moderate rain,29.54,34.45,24.87,0.59,69.45,7.45,228.6,1005.0,NASA POWER MERRA-2 (primary) + ERA5-normals sim (solar/sunshine/weather-code),30,0,80,110,1742,7,0.4018,DENV-2/DENV-3,Moderate,DGHS/WHO/PMC anchored estimates (daily distribution),20.9,24.3,11.69,0.48,8.6,71.9,74.9,65.5
2025-05-08,2025,5,8,128,Pre-Monsoon,Dhaka,23.71,90.41,31.31,37.42,25.57,11.9,31.6,24.7,66.8,1.31,11.45,229.6,1004.9,8.0,2.5,80,Rain showers,31.31,37.42,25.57,1.31,66.81,11.45,229.6,1004.9,NASA POWER MERRA-2 (primary) + ERA5-normals sim (solar/sunshine/weather-code),43,1,79,123,1785,8,0.4482,DENV-2/DENV-3,Moderate,DGHS/WHO/PMC anchored estimates (daily distribution),24.3,27.1,1.81,0.86,16.57,59.3,74.2,74.2
2025-05-09,2025,5,9,129,Pre-Monsoon,Dhaka,23.71,90.41,31.87,37.64,26.42,11.2,32.0,24.5,63.1,0.47,10.48,258.4,1005.2,18.4,4.6,61,Moderate rain,31.87,37.64,26.42,0.47,63.09,10.48,258.4,1005.2,NASA POWER MERRA-2 (primary) + ERA5-normals sim (solar/sunshine/weather-code),84,0,103,187,1869,8,0.428,DENV-2/DENV-3,High,DGHS/WHO/PMC anchored estimates (daily distribution),33.9,31.7,9.72,0.65,15.73,64.0,75.1,75.0
2025-05-10,2025,5,10,130,Pre-Monsoon,Dhaka,23.71,90.41,32.31,38.85,26.54,12.3,32.4,24.9,62.8,0.74,12.46,218.5,1004.7,12.4,1.6,61,Moderate rain,32.31,38.85,26.54,0.74,62.82,12.46,218.5,1004.7,NASA POWER MERRA-2 (primary) + ERA5-normals sim (solar/sunshine/weather-code),52,0,173,225,1921,8,0.4164,DENV-2/DENV-3,Moderate,DGHS/WHO/PMC anchored estimates (daily distribution),37.0,34.4,4.56,0.26,13.67,65.1,73.2,77.3
2025-05-11,2025,5,11,131,Pre-Monsoon,Dhaka,23.71,90.41,32.23,38.79,26.23,12.6,32.5,25.1,64.6,2.1,11.45,202.7,1003.5,19.9,6.1,3,Overcast,32.23,38.79,26.23,2.1,64.58,11.45,202.7,1003.5,NASA POWER MERRA-2 (primary) + ERA5-normals sim (solar/sunshine/weather-code),58,1,208,267,1979,9,0.4548,DENV-2/DENV-3,Moderate,DGHS/WHO/PMC anchored estimates (daily distribution),42.4,37.6,7.27,1.94,16.94,75.8,72.8,78.0
2025-05-12,2025,5,12,132,Pre-Monsoon,Dhaka,23.71,90.41,30.32,34.84,27.11,7.7,31.0,24.9,72.8,9.5,10.58,162.9,1003.1,16.8,7.4,3,Overcast,30.32,34.84,27.11,9.5,72.85,10.58,162.9,1003.1,NASA POWER MERRA-2 (primary) + ERA5-normals sim (solar/sunshine/weather-code),42,0,237,279,2021,9,0.4453,DENV-2/DENV-3,Moderate,DGHS/WHO/PMC anchored estimates (daily distribution),46.4,35.6,2.38,6.24,22.71,73.5,74.6,81.3
2025-05-13,2025,5,13,133,Pre-Monsoon,Dhaka,23.71,90.41,30.16,34.97,25.96,9.0,30.9,25.1,74.7,8.66,13.5,180.6,1003.4,20.8,6.5,3,Overcast,30.16,34.97,25.96,8.66,74.7,13.5,180.6,1003.4,NASA POWER MERRA-2 (primary) + ERA5-normals sim (solar/sunshine/weather-code),33,0,236,269,2054,9,0.4382,DENV-2/DENV-3,Moderate,DGHS/WHO/PMC anchored estimates (daily distribution),48.9,34.5,1.12,17.08,11.17,71.4,76.6,78.8
2025-05-14,2025,5,14,134,Pre-Monsoon,Dhaka,23.71,90.41,30.71,36.24,26.6,9.6,31.5,25.7,74.9,4.55,15.16,175.2,1004.5,9.8,2.1,80,Rain showers,30.71,36.24,26.6,4.55,74.86,15.16,175.2,1004.5,NASA POWER MERRA-2 (primary) + ERA5-normals sim (solar/sunshine/weather-code),29,0,185,214,2083,9,0.4321,DENV-2/DENV-3,Moderate,DGHS/WHO/PMC anchored estimates (daily distribution),48.7,34.8,0.59,11.69,0.48,69.4,71.9,74.9
2025-05-15,2025,5,15,135,Pre-Monsoon,Dhaka,23.71,90.41,30.01,34.53,26.46,8.1,31.0,25.8,79.2,15.97,10.94,171.8,1005.3,14.8,7.1,1,Mainly clear,30.01,34.53,26.46,15.97,79.17,10.94,171.8,1005.3,NASA POWER MERRA-2 (primary) + ERA5-normals sim (solar/sunshine/weather-code),32,0,162,194,2115,9,0.4255,DENV-2/DENV-3,Moderate,DGHS/WHO/PMC anchored estimates (daily distribution),47.1,35.7,1.31,1.81,0.86,66.8,59.3,74.2
2025-05-16,2025,5,16,136,Pre-Monsoon,Dhaka,23.71,90.41,29.94,34.95,26.12,8.8,30.9,25.9,80.0,21.8,13.0,183.2,1005.2,13.1,6.6,1,Mainly clear,29.94,34.95,26.12,21.8,80.04,13.0,183.2,1005.2,NASA POWER MERRA-2 (primary) + ERA5-normals sim (solar/sunshine/weather-code),48,0,136,184,2163,9,0.4161,DENV-2/DENV-3,Moderate,DGHS/WHO/PMC anchored estimates (daily distribution),42.0,37.9,0.47,9.72,0.65,63.1,64.0,75.1
2025-05-17,2025,5,17,137,Pre-Monsoon,Dhaka,23.71,90.41,28.9,32.37,26.03,6.3,30.1,25.5,83.2,13.48,11.05,166.2,1005.6,15.1,7.3,51,Light drizzle,28.9,32.37,26.03,13.48,83.25,11.05,166.2,1005.6,NASA POWER MERRA-2 (primary) + ERA5-normals sim (solar/sunshine/weather-code),30,0,142,172,2193,9,0.4104,DENV-2/DENV-3,Moderate,DGHS/WHO/PMC anchored estimates (daily distribution),38.9,37.9,0.74,4.56,0.26,62.8,65.1,73.2
2025-05-18,2025,5,18,138,Pre-Monsoon,Dhaka,23.71,90.41,28.93,33.07,25.88,7.2,30.0,25.1,81.0,20.07,12.53,166.3,1006.4,11.9,7.0,2,Partly cloudy,28.93,33.07,25.88,20.07,80.97,12.53,166.3,1006.4,NASA POWER MERRA-2 (primary) + ERA5-normals sim (solar/sunshine/weather-code),16,0,139,155,2209,9,0.4074,DENV-2/DENV-3,Watch,DGHS/WHO/PMC anchored estimates (daily distribution),32.9,37.6,2.1,7.27,1.94,64.6,75.8,72.8
2025-05-19,2025,5,19,139,Pre-Monsoon,Dhaka,23.71,90.41,29.21,33.37,25.4,8.0,30.3,25.5,81.5,12.52,10.51,180.9,1005.9,18.2,5.6,51,Light drizzle,29.21,33.37,25.4,12.52,81.52,10.51,180.9,1005.9,NASA POWER MERRA-2 (primary) + ERA5-normals sim (solar/sunshine/weather-code),45,0,126,171,2254,9,0.3993,DENV-2/DENV-3,Moderate,DGHS/WHO/PMC anchored estimates (daily distribution),33.3,39.9,9.5,2.38,6.24,72.8,73.5,74.6
2025-05-20,2025,5,20,140,Pre-Monsoon,Dhaka,23.71,90.41,29.15,33.66,25.81,7.8,30.4,26.3,85.8,25.77,14.44,186.7,1004.3,18.1,5.3,1,Mainly clear,29.15,33.66,25.81,25.77,85.77,14.44,186.7,1004.3,NASA POWER MERRA-2 (primary) + ERA5-normals sim (solar/sunshine/weather-code),53,0,139,192,2307,9,0.3901,DENV-2/DENV-3,Moderate,DGHS/WHO/PMC anchored estimates (daily distribution),36.1,42.5,8.66,1.12,17.08,74.7,71.4,76.6
2025-05-21,2025,5,21,141,Pre-Monsoon,Dhaka,23.71,90.41,28.53,31.59,26.37,5.2,30.0,26.2,88.4,34.48,13.9,174.7,1005.3,22.8,7.4,1,Mainly clear,28.53,31.59,26.37,34.48,88.44,13.9,174.7,1005.3,NASA POWER MERRA-2 (primary) + ERA5-normals sim (solar/sunshine/weather-code),74,1,143,218,2381,10,0.42,DENV-2/DENV-3,Moderate,DGHS/WHO/PMC anchored estimates (daily distribution),42.6,45.6,4.55,0.59,11.69,74.9,69.4,71.9
2025-05-22,2025,5,22,142,Pre-Monsoon,Dhaka,23.71,90.41,29.03,32.57,25.79,6.8,30.0,25.0,79.9,18.87,6.3,186.0,1004.2,16.9,6.6,80,Rain showers,29.03,32.57,25.79,18.87,79.93,6.3,186.0,1004.2,NASA POWER MERRA-2 (primary) + ERA5-normals sim (solar/sunshine/weather-code),39,0,188,227,2420,10,0.4132,DENV-2/DENV-3,Moderate,DGHS/WHO/PMC anchored estimates (daily distribution),43.6,45.4,15.97,1.31,1.81,79.2,66.8,59.3
2025-05-23,2025,5,23,143,Pre-Monsoon,Dhaka,23.71,90.41,28.09,30.93,26.02,4.9,29.3,25.0,84.4,6.45,6.91,171.0,1002.8,17.8,5.8,3,Overcast,28.09,30.93,26.02,6.45,84.39,6.91,171.0,1002.8,NASA POWER MERRA-2 (primary) + ERA5-normals sim (solar/sunshine/weather-code),29,0,211,240,2449,10,0.4083,DENV-2/DENV-3,Moderate,DGHS/WHO/PMC anchored estimates (daily distribution),40.9,41.4,21.8,0.47,9.72,80.0,63.1,64.0
2025-05-24,2025,5,24,144,Pre-Monsoon,Dhaka,23.71,90.41,28.8,32.36,26.04,6.3,29.9,25.3,82.7,6.5,9.25,159.5,1002.4,9.1,6.5,3,Overcast,28.8,32.36,26.04,6.5,82.69,9.25,159.5,1002.4,NASA POWER MERRA-2 (primary) + ERA5-normals sim (solar/sunshine/weather-code),50,0,195,245,2499,10,0.4002,DENV-2/DENV-3,Moderate,DGHS/WHO/PMC anchored estimates (daily distribution),43.7,41.3,13.48,0.74,4.56,83.2,62.8,65.1
2025-05-25,2025,5,25,145,Pre-Monsoon,Dhaka,23.71,90.41,28.58,31.17,25.85,5.3,29.9,25.8,86.1,4.39,7.2,133.5,1003.4,15.8,6.0,80,Rain showers,28.58,31.17,25.85,4.39,86.12,7.2,133.5,1003.4,NASA POWER MERRA-2 (primary) + ERA5-normals sim (solar/sunshine/weather-code),26,1,191,218,2525,11,0.4356,DENV-2/DENV-3,Moderate,DGHS/WHO/PMC anchored estimates (daily distribution),45.1,39.0,20.07,2.1,7.27,81.0,64.6,75.8
2025-05-26,2025,5,26,146,Pre-Monsoon,Dhaka,23.71,90.41,29.65,33.13,26.72,6.4,30.6,25.6,80.0,12.53,5.98,129.6,1002.1,8.2,2.4,61,Moderate rain,29.65,33.13,26.72,12.53,80.02,5.98,129.6,1002.1,NASA POWER MERRA-2 (primary) + ERA5-normals sim (solar/sunshine/weather-code),42,0,144,186,2567,11,0.4285,DENV-2/DENV-3,Moderate,DGHS/WHO/PMC anchored estimates (daily distribution),44.7,39.0,12.52,9.5,2.38,81.5,72.8,73.5
2025-05-27,2025,5,27,147,Pre-Monsoon,Dhaka,23.71,90.41,29.34,32.63,26.02,6.6,30.4,25.7,81.6,12.73,8.53,66.5,999.3,6.2,2.0,95,Thunderstorm,29.34,32.63,26.02,12.73,81.65,8.53,66.5,999.3,NASA POWER MERRA-2 (primary) + ERA5-normals sim (solar/sunshine/weather-code),31,0,147,178,2598,11,0.4234,DENV-2/DENV-3,Moderate,DGHS/WHO/PMC anchored estimates (daily distribution),41.6,38.9,25.77,8.66,1.12,85.8,74.7,71.4
2025-05-28,2025,5,28,148,Pre-Monsoon,Dhaka,23.71,90.41,27.95,29.31,26.57,2.7,29.5,26.3,91.6,26.63,16.2,93.2,996.3,20.7,8.1,1,Mainly clear,27.95,29.31,26.57,26.63,91.55,16.2,93.2,996.3,NASA POWER MERRA-2 (primary) + ERA5-normals sim (solar/sunshine/weather-code),35,0,149,184,2633,11,0.4178,DENV-2/DENV-3,Moderate,DGHS/WHO/PMC anchored estimates (daily distribution),36.0,39.3,34.48,4.55,0.59,88.4,74.9,69.4
2025-05-29,2025,5,29,149,Pre-Monsoon,Dhaka,23.71,90.41,28.01,29.44,26.28,3.2,29.6,26.6,92.8,106.07,30.17,117.6,992.6,18.4,7.0,2,Partly cloudy,28.01,29.44,26.28,106.07,92.79,30.17,117.6,992.6,NASA POWER MERRA-2 (primary) + ERA5-normals sim (solar/sunshine/weather-code),19,0,134,153,2652,11,0.4148,DENV-2/DENV-3,Watch,DGHS/WHO/PMC anchored estimates (daily distribution),33.1,38.4,18.87,15.97,1.31,79.9,79.2,66.8
2025-05-30,2025,5,30,150,Pre-Monsoon,Dhaka,23.71,90.41,28.48,30.69,27.42,3.3,30.0,26.7,91.1,60.14,30.38,209.4,992.6,18.3,6.8,3,Overcast,28.48,30.69,27.42,60.14,91.13,30.38,209.4,992.6,NASA POWER MERRA-2 (primary) + ERA5-normals sim (solar/sunshine/weather-code),26,0,127,153,2678,11,0.4108,DENV-2/DENV-3,Moderate,DGHS/WHO/PMC anchored estimates (daily distribution),32.7,36.8,6.45,21.8,0.47,84.4,80.0,63.1
2025-05-31,2025,5,31,151,Pre-Monsoon,Dhaka,23.71,90.41,28.69,30.52,26.82,3.7,30.4,27.4,93.8,26.13,19.12,188.9,1000.0,21.6,7.3,3,Overcast,28.69,30.52,26.82,26.13,93.78,19.12,188.9,1000.0,NASA POWER MERRA-2 (primary) + ERA5-normals sim (solar/sunshine/weather-code),55,0,111,166,2733,11,0.4025,DENV-2/DENV-3,Moderate,DGHS/WHO/PMC anchored estimates (daily distribution),33.4,38.6,6.5,13.48,0.74,82.7,83.2,62.8
2025-06-01,2025,6,1,152,Monsoon,Dhaka,23.71,90.41,28.88,31.43,27.13,4.3,30.4,26.8,89.6,26.52,15.48,191.5,999.5,10.9,5.2,3,Overcast,28.88,31.43,27.13,26.52,89.59,15.48,191.5,999.5,NASA POWER MERRA-2 (primary) + ERA5-normals sim (solar/sunshine/weather-code),136,1,134,271,2869,12,0.4183,DENV-2/DENV-3,High,DGHS/WHO/PMC anchored estimates (daily distribution),49.1,47.1,4.39,20.07,2.1,86.1,81.0,64.6
2025-06-02,2025,6,2,153,Monsoon,Dhaka,23.71,90.41,29.25,32.59,27.16,5.4,30.8,27.3,90.1,23.98,15.41,168.0,999.6,5.9,5.0,61,Moderate rain,29.25,32.59,27.16,23.98,90.08,15.41,168.0,999.6,NASA POWER MERRA-2 (primary) + ERA5-normals sim (solar/sunshine/weather-code),82,0,236,318,2951,12,0.4066,DENV-2/DENV-3,High,DGHS/WHO/PMC anchored estimates (daily distribution),54.9,49.8,12.53,12.52,9.5,80.0,81.5,72.8
2025-06-03,2025,6,3,154,Monsoon,Dhaka,23.71,90.41,28.53,31.81,26.24,5.6,30.0,26.6,90.1,22.89,15.62,161.7,1001.9,13.6,3.1,80,Rain showers,28.53,31.81,26.24,22.89,90.07,15.62,161.7,1001.9,NASA POWER MERRA-2 (primary) + ERA5-normals sim (solar/sunshine/weather-code),216,0,299,515,3167,12,0.3789,DENV-2/DENV-3,Critical,DGHS/WHO/PMC anchored estimates (daily distribution),81.3,61.4,12.73,25.77,8.66,81.6,85.8,74.7
2025-06-04,2025,6,4,155,Monsoon,Dhaka,23.71,90.41,27.85,30.22,26.43,3.8,29.4,26.2,92.0,33.79,13.0,163.5,1004.4,5.3,2.9,95,Thunderstorm,27.85,30.22,26.43,33.79,91.96,13.0,163.5,1004.4,NASA POWER MERRA-2 (primary) + ERA5-normals sim (solar/sunshine/weather-code),210,2,487,699,3377,14,0.4146,DENV-2/DENV-3,Critical,DGHS/WHO/PMC anchored estimates (daily distribution),106.3,71.1,26.63,34.48,4.55,91.6,88.4,74.9
2025-06-05,2025,6,5,156,Monsoon,Dhaka,23.71,90.41,28.46,31.68,25.42,6.3,29.7,25.5,85.0,16.08,8.39,177.2,1005.6,12.0,5.3,3,Overcast,28.46,31.68,25.42,16.08,85.05,8.39,177.2,1005.6,NASA POWER MERRA-2 (primary) + ERA5-normals sim (solar/sunshine/weather-code),98,1,643,742,3475,15,0.4317,DENV-2/DENV-3,High,DGHS/WHO/PMC anchored estimates (daily distribution),117.6,75.4,106.07,18.87,15.97,92.8,79.9,79.2
2025-06-06,2025,6,6,157,Monsoon,Dhaka,23.71,90.41,29.05,32.31,25.85,6.5,30.3,26.0,84.7,16.08,7.02,207.1,1005.5,8.4,3.0,80,Rain showers,29.05,32.31,25.85,16.08,84.68,7.02,207.1,1005.5,NASA POWER MERRA-2 (primary) + ERA5-normals sim (solar/sunshine/weather-code),69,0,606,675,3544,15,0.4233,DENV-2/DENV-3,Moderate,DGHS/WHO/PMC anchored estimates (daily distribution),123.7,78.2,60.14,6.45,21.8,91.1,84.4,80.0
2025-06-07,2025,6,7,158,Monsoon,Dhaka,23.71,90.41,29.48,32.7,26.55,6.2,30.6,26.1,83.1,11.24,5.29,208.1,1004.6,13.9,3.7,3,Overcast,29.48,32.7,26.55,11.24,83.08,5.29,208.1,1004.6,NASA POWER MERRA-2 (primary) + ERA5-normals sim (solar/sunshine/weather-code),43,0,593,636,3587,15,0.4182,DENV-2/DENV-3,Moderate,DGHS/WHO/PMC anchored estimates (daily distribution),122.0,77.7,26.13,6.5,13.48,93.8,82.7,83.2
2025-06-08,2025,6,8,159,Monsoon,Dhaka,23.71,90.41,29.9,33.48,26.18,7.3,30.9,25.8,79.5,1.55,4.79,253.1,1003.0,7.2,1.1,80,Rain showers,29.9,33.48,26.18,1.55,79.52,4.79,253.1,1003.0,NASA POWER MERRA-2 (primary) + ERA5-normals sim (solar/sunshine/weather-code),73,0,420,493,3660,15,0.4098,DENV-2/DENV-3,Moderate,DGHS/WHO/PMC anchored estimates (daily distribution),113.0,81.1,26.52,4.39,20.07,89.6,86.1,81.0
2025-06-09,2025,6,9,160,Monsoon,Dhaka,23.71,90.41,29.88,33.45,26.38,7.1,30.9,26.1,81.3,2.73,6.77,219.2,1001.7,7.3,2.4,80,Rain showers,29.88,33.45,26.38,2.73,81.27,6.77,219.2,1001.7,NASA POWER MERRA-2 (primary) + ERA5-normals sim (solar/sunshine/weather-code),62,1,282,345,3722,16,0.4299,DENV-2/DENV-3,Moderate,DGHS/WHO/PMC anchored estimates (daily distribution),110.1,82.5,23.98,12.53,12.52,90.1,80.0,81.5
2025-06-10,2025,6,10,161,Monsoon,Dhaka,23.71,90.41,29.6,33.25,26.4,6.9,30.8,26.5,84.7,16.03,9.76,178.1,1001.1,7.0,1.8,80,Rain showers,29.6,33.25,26.4,16.03,84.68,9.76,178.1,1001.1,NASA POWER MERRA-2 (primary) + ERA5-normals sim (solar/sunshine/weather-code),28,0,247,275,3750,16,0.4267,DENV-2/DENV-3,Moderate,DGHS/WHO/PMC anchored estimates (daily distribution),83.3,82.3,22.89,12.73,25.77,90.1,81.6,85.8
2025-06-11,2025,6,11,162,Monsoon,Dhaka,23.71,90.41,29.24,32.78,26.34,6.4,30.5,26.1,84.3,10.34,8.96,164.6,1002.1,16.8,4.6,51,Light drizzle,29.24,32.78,26.34,10.34,84.29,8.96,164.6,1002.1,NASA POWER MERRA-2 (primary) + ERA5-normals sim (solar/sunshine/weather-code),58,0,206,264,3808,16,0.4202,DENV-2/DENV-3,Moderate,DGHS/WHO/PMC anchored estimates (daily distribution),61.6,83.9,33.79,26.63,34.48,92.0,91.6,88.4
2025-06-12,2025,6,12,163,Monsoon,Dhaka,23.71,90.41,28.67,31.05,26.49,4.6,30.1,26.3,88.0,25.32,9.36,172.6,1002.2,10.5,4.5,61,Moderate rain,28.67,31.05,26.49,25.32,87.98,9.36,172.6,1002.2,NASA POWER MERRA-2 (primary) + ERA5-normals sim (solar/sunshine/weather-code),129,0,221,350,3937,16,0.4064,DENV-2/DENV-3,High,DGHS/WHO/PMC anchored estimates (daily distribution),66.0,91.8,16.08,106.07,18.87,85.0,92.8,79.9
2025-06-13,2025,6,13,164,Monsoon,Dhaka,23.71,90.41,29.72,32.79,26.8,6.0,31.0,26.7,85.0,1.28,8.14,197.1,1001.9,6.3,1.8,80,Rain showers,29.72,32.79,26.8,1.28,84.98,8.14,197.1,1001.9,NASA POWER MERRA-2 (primary) + ERA5-normals sim (solar/sunshine/weather-code),107,0,277,384,4044,16,0.3956,DENV-2/DENV-3,High,DGHS/WHO/PMC anchored estimates (daily distribution),71.4,97.6,16.08,60.14,6.45,84.7,91.1,84.4
2025-06-14,2025,6,14,165,Monsoon,Dhaka,23.71,90.41,28.5,30.91,27.1,3.8,30.0,26.4,89.5,2.29,12.35,191.1,1000.9,7.8,5.7,51,Light drizzle,28.5,30.91,27.1,2.29,89.46,12.35,191.1,1000.9,NASA POWER MERRA-2 (primary) + ERA5-normals sim (solar/sunshine/weather-code),123,0,322,445,4167,16,0.384,DENV-2/DENV-3,High,DGHS/WHO/PMC anchored estimates (daily distribution),82.9,102.4,11.24,26.13,6.5,83.1,93.8,82.7
2025-06-15,2025,6,15,166,Monsoon,Dhaka,23.71,90.41,28.63,31.29,26.71,4.6,30.1,26.4,89.0,6.69,9.43,166.2,1000.4,5.9,2.2,80,Rain showers,28.63,31.29,26.71,6.69,89.01,9.43,166.2,1000.4,NASA POWER MERRA-2 (primary) + ERA5-normals sim (solar/sunshine/weather-code),93,0,417,510,4260,16,0.3756,DENV-2/DENV-3,High,DGHS/WHO/PMC anchored estimates (daily distribution),85.7,99.4,1.55,26.52,4.39,79.5,89.6,86.1
2025-06-16,2025,6,16,167,Monsoon,Dhaka,23.71,90.41,28.18,30.51,26.22,4.3,29.8,26.5,91.6,9.56,15.26,132.5,999.3,16.4,5.1,80,Rain showers,28.18,30.51,26.22,9.56,91.61,15.26,132.5,999.3,NASA POWER MERRA-2 (primary) + ERA5-normals sim (solar/sunshine/weather-code),136,0,452,588,4396,16,0.364,DENV-2/DENV-3,High,DGHS/WHO/PMC anchored estimates (daily distribution),96.3,103.2,2.73,23.98,12.53,81.3,90.1,80.0
2025-06-17,2025,6,17,168,Monsoon,Dhaka,23.71,90.41,28.0,30.06,26.61,3.4,29.5,26.1,90.4,36.69,18.79,159.1,998.3,10.1,5.5,2,Partly cloudy,28.0,30.06,26.61,36.69,90.37,18.79,159.1,998.3,NASA POWER MERRA-2 (primary) + ERA5-normals sim (solar/sunshine/weather-code),119,1,458,578,4515,17,0.3765,DENV-2/DENV-3,High,DGHS/WHO/PMC anchored estimates (daily distribution),109.3,96.3,16.03,22.89,12.73,84.7,90.1,81.6
2025-06-18,2025,6,18,169,Monsoon,Dhaka,23.71,90.41,27.95,29.98,26.7,3.3,29.6,26.5,92.7,18.68,24.59,165.1,996.6,16.0,4.1,61,Moderate rain,27.95,29.98,26.7,18.68,92.66,24.59,165.1,996.6,NASA POWER MERRA-2 (primary) + ERA5-normals sim (solar/sunshine/weather-code),92,0,471,563,4607,17,0.369,DENV-2/DENV-3,High,DGHS/WHO/PMC anchored estimates (daily distribution),114.1,87.9,10.34,33.79,26.63,84.3,92.0,91.6
2025-06-19,2025,6,19,170,Monsoon,Dhaka,23.71,90.41,28.21,30.45,26.86,3.6,29.7,26.1,89.6,17.01,26.39,174.1,999.0,7.0,2.9,51,Light drizzle,28.21,30.45,26.86,17.01,89.65,26.39,174.1,999.0,NASA POWER MERRA-2 (primary) + ERA5-normals sim (solar/sunshine/weather-code),92,0,440,532,4699,17,0.3618,DENV-2/DENV-3,High,DGHS/WHO/PMC anchored estimates (daily distribution),108.9,87.4,25.32,16.08,106.07,88.0,85.0,92.8
2025-06-20,2025,6,20,171,Monsoon,Dhaka,23.71,90.41,28.86,31.84,26.88,5.0,30.4,26.8,89.8,14.37,17.6,184.7,1000.6,7.8,2.0,80,Rain showers,28.86,31.84,26.88,14.37,89.79,17.6,184.7,1000.6,NASA POWER MERRA-2 (primary) + ERA5-normals sim (solar/sunshine/weather-code),195,1,438,634,4894,18,0.3678,DENV-2/DENV-3,High,DGHS/WHO/PMC anchored estimates (daily distribution),121.4,96.4,1.28,16.08,60.14,85.0,84.7,91.1
2025-06-21,2025,6,21,172,Monsoon,Dhaka,23.71,90.41,28.53,30.78,26.92,3.9,30.0,26.6,90.4,15.71,13.97,188.6,1000.7,15.7,5.0,2,Partly cloudy,28.53,30.78,26.92,15.71,90.4,13.97,188.6,1000.7,NASA POWER MERRA-2 (primary) + ERA5-normals sim (solar/sunshine/weather-code),162,0,498,660,5056,18,0.356,DENV-2/DENV-3,High,DGHS/WHO/PMC anchored estimates (daily distribution),127.0,104.9,2.29,11.24,26.13,89.5,83.1,93.8
2025-06-22,2025,6,22,173,Monsoon,Dhaka,23.71,90.41,28.23,30.66,26.65,4.0,29.8,26.3,90.4,7.33,14.0,161.4,1000.2,15.6,4.4,2,Partly cloudy,28.23,30.66,26.65,7.33,90.35,14.0,161.4,1000.2,NASA POWER MERRA-2 (primary) + ERA5-normals sim (solar/sunshine/weather-code),70,0,541,611,5126,18,0.3512,DENV-2/DENV-3,Moderate,DGHS/WHO/PMC anchored estimates (daily distribution),123.7,104.7,6.69,1.55,26.52,89.0,79.5,89.6
2025-06-23,2025,6,23,174,Monsoon,Dhaka,23.71,90.41,28.39,31.06,26.39,4.7,29.9,26.3,89.6,8.67,14.8,170.3,998.8,13.5,2.9,2,Partly cloudy,28.39,31.06,26.39,8.67,89.62,14.8,170.3,998.8,NASA POWER MERRA-2 (primary) + ERA5-normals sim (solar/sunshine/weather-code),87,1,518,606,5213,19,0.3645,DENV-2/DENV-3,High,DGHS/WHO/PMC anchored estimates (daily distribution),116.7,106.5,9.56,2.73,23.98,91.6,81.3,90.1
2025-06-24,2025,6,24,175,Monsoon,Dhaka,23.71,90.41,28.7,31.68,26.2,5.5,30.2,26.5,89.1,3.02,13.32,143.2,997.8,8.4,6.6,80,Rain showers,28.7,31.68,26.2,3.02,89.14,13.32,143.2,997.8,NASA POWER MERRA-2 (primary) + ERA5-normals sim (solar/sunshine/weather-code),102,2,512,616,5315,21,0.3951,DENV-2/DENV-3,High,DGHS/WHO/PMC anchored estimates (daily distribution),114.3,111.8,36.69,16.03,22.89,90.4,84.7,90.1
2025-06-25,2025,6,25,176,Monsoon,Dhaka,23.71,90.41,27.97,29.67,26.87,2.8,29.6,26.3,91.6,7.83,11.74,138.7,1000.0,4.3,1.2,80,Rain showers,27.97,29.67,26.87,7.83,91.63,11.74,138.7,1000.0,NASA POWER MERRA-2 (primary) + ERA5-normals sim (solar/sunshine/weather-code),84,0,421,505,5399,21,0.389,DENV-2/DENV-3,High,DGHS/WHO/PMC anchored estimates (daily distribution),113.1,113.6,18.68,10.34,33.79,92.7,84.3,92.0
2025-06-26,2025,6,26,177,Monsoon,Dhaka,23.71,90.41,28.02,30.73,26.02,4.7,29.6,26.3,91.4,9.33,20.45,132.0,1002.1,10.0,4.9,3,Overcast,28.02,30.73,26.02,9.33,91.36,20.45,132.0,1002.1,NASA POWER MERRA-2 (primary) + ERA5-normals sim (solar/sunshine/weather-code),37,0,343,380,5436,21,0.3863,DENV-2/DENV-3,Moderate,DGHS/WHO/PMC anchored estimates (daily distribution),105.3,107.1,17.01,25.32,16.08,89.6,88.0,85.0
2025-06-27,2025,6,27,178,Monsoon,Dhaka,23.71,90.41,28.51,31.51,26.32,5.2,30.0,26.3,88.9,13.01,15.98,164.1,1001.2,8.0,3.4,80,Rain showers,28.51,31.51,26.32,13.01,88.89,15.98,164.1,1001.2,NASA POWER MERRA-2 (primary) + ERA5-normals sim (solar/sunshine/weather-code),35,0,310,345,5471,21,0.3838,DENV-2/DENV-3,Moderate,DGHS/WHO/PMC anchored estimates (daily distribution),82.4,101.9,14.37,1.28,16.08,89.8,85.0,84.7
2025-06-28,2025,6,28,179,Monsoon,Dhaka,23.71,90.41,27.99,31.35,25.65,5.7,29.5,26.0,89.9,3.41,15.62,138.5,998.7,11.7,4.2,80,Rain showers,27.99,31.35,25.65,3.41,89.94,15.62,138.5,998.7,NASA POWER MERRA-2 (primary) + ERA5-normals sim (solar/sunshine/weather-code),47,1,257,305,5518,22,0.3987,DENV-2/DENV-3,Moderate,DGHS/WHO/PMC anchored estimates (daily distribution),66.0,96.5,15.71,2.29,11.24,90.4,89.5,83.1
2025-06-29,2025,6,29,180,Monsoon,Dhaka,23.71,90.41,28.04,30.58,26.02,4.6,29.6,26.1,90.5,2.47,18.29,147.1,996.1,11.7,4.7,3,Overcast,28.04,30.58,26.02,2.47,90.52,18.29,147.1,996.1,NASA POWER MERRA-2 (primary) + ERA5-normals sim (solar/sunshine/weather-code),185,0,203,388,5703,22,0.3858,DENV-2/DENV-3,High,DGHS/WHO/PMC anchored estimates (daily distribution),82.4,103.1,7.33,6.69,1.55,90.4,89.0,79.5
2025-06-30,2025,6,30,181,Monsoon,Dhaka,23.71,90.41,27.99,29.94,26.16,3.8,29.6,26.6,93.1,5.96,20.59,133.3,996.4,6.2,2.1,61,Moderate rain,27.99,29.94,26.16,5.96,93.1,20.59,133.3,996.4,NASA POWER MERRA-2 (primary) + ERA5-normals sim (solar/sunshine/weather-code),163,1,303,467,5866,23,0.3921,DENV-2/DENV-3,High,DGHS/WHO/PMC anchored estimates (daily distribution),93.3,105.0,8.67,9.56,2.73,89.6,91.6,81.3
2025-07-01,2025,7,1,182,Monsoon,Dhaka,23.71,90.41,28.38,31.38,26.15,5.2,29.9,26.3,89.6,3.9,16.34,135.6,998.5,6.9,2.2,80,Rain showers,28.38,31.38,26.15,3.9,89.65,16.34,135.6,998.5,NASA POWER MERRA-2 (primary) + ERA5-normals sim (solar/sunshine/weather-code),29,0,430,459,5895,23,0.3902,DENV-2/DENV-3,Moderate,DGHS/WHO/PMC anchored estimates (daily distribution),82.9,98.6,3.02,36.69,16.03,89.1,90.4,84.7
2025-07-02,2025,7,2,183,Monsoon,Dhaka,23.71,90.41,28.58,31.84,26.45,5.4,30.1,26.5,89.8,7.61,17.06,136.5,999.1,11.0,5.1,3,Overcast,28.58,31.84,26.45,7.61,89.82,17.06,136.5,999.1,NASA POWER MERRA-2 (primary) + ERA5-normals sim (solar/sunshine/weather-code),123,0,424,547,6018,23,0.3822,DENV-2/DENV-3,High,DGHS/WHO/PMC anchored estimates (daily distribution),88.4,100.8,7.83,18.68,10.34,91.6,92.7,84.3
2025-07-03,2025,7,3,184,Monsoon,Dhaka,23.71,90.41,28.59,31.56,26.42,5.1,30.1,26.6,89.8,7.08,20.7,149.5,1000.2,4.0,2.3,61,Moderate rain,28.59,31.56,26.42,7.08,89.76,20.7,149.5,1000.2,NASA POWER MERRA-2 (primary) + ERA5-normals sim (solar/sunshine/weather-code),388,2,498,888,6406,25,0.3903,DENV-2/DENV-3,Critical,DGHS/WHO/PMC anchored estimates (daily distribution),138.6,121.9,9.33,17.01,25.32,91.4,89.6,88.0
2025-07-04,2025,7,4,185,Monsoon,Dhaka,23.71,90.41,28.02,29.8,26.6,3.2,29.7,26.6,93.0,18.61,16.42,166.2,999.7,11.0,4.1,3,Overcast,28.02,29.8,26.6,18.61,93.04,16.42,166.2,999.7,NASA POWER MERRA-2 (primary) + ERA5-normals sim (solar/sunshine/weather-code),222,1,702,925,6628,26,0.3923,DENV-2/DENV-3,Critical,DGHS/WHO/PMC anchored estimates (daily distribution),165.3,123.9,13.01,14.37,1.28,88.9,89.8,85.0
2025-07-05,2025,7,5,186,Monsoon,Dhaka,23.71,90.41,28.06,30.42,26.65,3.8,29.6,26.3,91.2,12.96,14.62,168.0,998.3,13.7,3.1,3,Overcast,28.06,30.42,26.65,12.96,91.18,14.62,168.0,998.3,NASA POWER MERRA-2 (primary) + ERA5-normals sim (solar/sunshine/weather-code),368,2,760,1130,6996,28,0.4002,DENV-2/DENV-3,Critical,DGHS/WHO/PMC anchored estimates (daily distribution),211.1,138.6,3.41,15.71,2.29,89.9,90.4,89.5
2025-07-06,2025,7,6,187,Monsoon,Dhaka,23.71,90.41,27.56,29.44,26.04,3.4,29.2,26.0,92.1,11.62,15.8,145.6,997.8,11.3,3.0,61,Moderate rain,27.56,29.44,26.04,11.62,92.1,15.8,145.6,997.8,NASA POWER MERRA-2 (primary) + ERA5-normals sim (solar/sunshine/weather-code),141,1,1100,1242,7137,29,0.4063,DENV-2/DENV-3,High,DGHS/WHO/PMC anchored estimates (daily distribution),204.9,143.6,2.47,7.33,6.69,90.5,90.4,89.0
2025-07-07,2025,7,7,188,Monsoon,Dhaka,23.71,90.41,27.61,30.24,25.76,4.5,29.2,25.9,91.3,27.8,17.64,141.6,997.0,12.4,4.0,80,Rain showers,27.61,30.24,25.76,27.8,91.28,17.64,141.6,997.0,NASA POWER MERRA-2 (primary) + ERA5-normals sim (solar/sunshine/weather-code),378,3,1116,1497,7515,32,0.4258,DENV-2/DENV-3,Critical,DGHS/WHO/PMC anchored estimates (daily distribution),235.6,164.4,5.96,8.67,9.56,93.1,89.6,91.6
2025-07-08,2025,7,8,189,Monsoon,Dhaka,23.71,90.41,27.23,28.95,25.78,3.2,28.9,25.8,92.6,69.12,21.38,156.1,998.0,4.7,3.0,95,Thunderstorm,27.23,28.95,25.78,69.12,92.59,21.38,156.1,998.0,NASA POWER MERRA-2 (primary) + ERA5-normals sim (solar/sunshine/weather-code),228,0,1109,1337,7743,32,0.4133,DENV-2/DENV-3,Critical,DGHS/WHO/PMC anchored estimates (daily distribution),264.0,173.4,3.9,3.02,36.69,89.6,89.1,90.4
2025-07-09,2025,7,9,190,Monsoon,Dhaka,23.71,90.41,27.16,28.78,26.06,2.7,28.9,26.0,94.1,77.52,21.67,148.4,1000.6,3.3,2.0,95,Thunderstorm,27.16,28.78,26.06,77.52,94.07,21.67,148.4,1000.6,NASA POWER MERRA-2 (primary) + ERA5-normals sim (solar/sunshine/weather-code),174,0,1115,1289,7917,32,0.4042,DENV-2/DENV-3,High,DGHS/WHO/PMC anchored estimates (daily distribution),271.3,179.9,7.61,7.83,18.68,89.8,91.6,92.7
2025-07-10,2025,7,10,191,Monsoon,Dhaka,23.71,90.41,27.22,29.39,25.9,3.5,28.9,25.8,92.7,39.29,19.84,147.1,1001.5,4.7,4.7,61,Moderate rain,27.22,29.39,25.9,39.29,92.66,19.84,147.1,1001.5,NASA POWER MERRA-2 (primary) + ERA5-normals sim (solar/sunshine/weather-code),213,3,918,1134,8130,35,0.4305,DENV-2/DENV-3,Critical,DGHS/WHO/PMC anchored estimates (daily distribution),246.3,192.4,7.08,9.33,17.01,89.8,91.4,89.6
2025-07-11,2025,7,11,192,Monsoon,Dhaka,23.71,90.41,28.1,31.19,25.64,5.6,29.6,26.2,90.7,23.61,14.18,143.4,1000.3,11.7,3.3,51,Light drizzle,28.1,31.19,25.64,23.61,90.69,14.18,143.4,1000.3,NASA POWER MERRA-2 (primary) + ERA5-normals sim (solar/sunshine/weather-code),264,1,992,1257,8394,36,0.4289,DENV-2/DENV-3,Critical,DGHS/WHO/PMC anchored estimates (daily distribution),252.3,208.8,18.61,13.01,14.37,93.0,88.9,89.8
2025-07-12,2025,7,12,193,Monsoon,Dhaka,23.71,90.41,28.53,30.31,25.99,4.3,29.9,26.1,87.8,19.04,6.77,143.1,1000.3,4.7,1.6,80,Rain showers,28.53,30.31,25.99,19.04,87.78,6.77,143.1,1000.3,NASA POWER MERRA-2 (primary) + ERA5-normals sim (solar/sunshine/weather-code),107,1,878,986,8501,37,0.4352,DENV-2/DENV-3,High,DGHS/WHO/PMC anchored estimates (daily distribution),215.0,213.1,12.96,3.41,15.71,91.2,89.9,90.4
2025-07-13,2025,7,13,194,Monsoon,Dhaka,23.71,90.41,29.0,31.78,26.6,5.2,30.3,26.3,86.7,12.55,6.48,147.0,1000.3,11.3,3.6,51,Light drizzle,29.0,31.78,26.6,12.55,86.68,6.48,147.0,1000.3,NASA POWER MERRA-2 (primary) + ERA5-normals sim (solar/sunshine/weather-code),89,3,755,847,8590,40,0.4657,DENV-2/DENV-3,High,DGHS/WHO/PMC anchored estimates (daily distribution),207.6,206.2,11.62,2.47,7.33,92.1,90.5,90.4
2025-07-14,2025,7,14,195,Monsoon,Dhaka,23.71,90.41,27.21,28.57,26.22,2.4,28.9,26.1,94.6,29.88,25.49,129.4,999.7,8.2,2.9,51,Light drizzle,27.21,28.57,26.22,29.88,94.61,25.49,129.4,999.7,NASA POWER MERRA-2 (primary) + ERA5-normals sim (solar/sunshine/weather-code),170,2,671,843,8760,42,0.4795,DENV-2/DENV-3,High,DGHS/WHO/PMC anchored estimates (daily distribution),177.9,206.7,27.8,5.96,8.67,91.3,93.1,89.6
2025-07-15,2025,7,15,196,Monsoon,Dhaka,23.71,90.41,28.11,30.28,26.53,3.8,29.7,26.5,92.1,11.74,17.24,163.6,1001.2,15.1,6.4,3,Overcast,28.11,30.28,26.53,11.74,92.06,17.24,163.6,1001.2,NASA POWER MERRA-2 (primary) + ERA5-normals sim (solar/sunshine/weather-code),246,1,629,876,9006,43,0.4775,DENV-2/DENV-3,Critical,DGHS/WHO/PMC anchored estimates (daily distribution),180.4,222.2,69.12,3.9,3.02,92.6,89.6,89.1
2025-07-16,2025,7,16,197,Monsoon,Dhaka,23.71,90.41,28.38,31.09,26.46,4.6,29.9,26.5,90.4,22.45,12.71,169.5,1002.9,9.2,5.6,51,Light drizzle,28.38,31.09,26.46,22.45,90.39,12.71,169.5,1002.9,NASA POWER MERRA-2 (primary) + ERA5-normals sim (solar/sunshine/weather-code),141,0,612,753,9147,43,0.4701,DENV-2/DENV-3,High,DGHS/WHO/PMC anchored estimates (daily distribution),175.7,223.5,77.52,7.61,7.83,94.1,89.8,91.6
2025-07-17,2025,7,17,198,Monsoon,Dhaka,23.71,90.41,28.4,31.07,26.19,4.9,29.8,26.1,88.7,15.68,8.17,197.3,1004.0,9.4,4.6,61,Moderate rain,28.4,31.07,26.19,15.68,88.73,8.17,197.3,1004.0,NASA POWER MERRA-2 (primary) + ERA5-normals sim (solar/sunshine/weather-code),156,0,646,802,9303,43,0.4622,DENV-2/DENV-3,High,DGHS/WHO/PMC anchored estimates (daily distribution),167.6,206.9,39.29,7.08,9.33,92.7,89.8,91.4
2025-07-18,2025,7,18,199,Monsoon,Dhaka,23.71,90.41,28.74,31.81,26.01,5.8,30.1,26.4,88.1,8.62,10.04,221.0,1002.4,6.5,4.9,51,Light drizzle,28.74,31.81,26.01,8.62,88.07,10.04,221.0,1002.4,NASA POWER MERRA-2 (primary) + ERA5-normals sim (solar/sunshine/weather-code),129,0,713,842,9432,43,0.4559,DENV-2/DENV-3,High,DGHS/WHO/PMC anchored estimates (daily distribution),148.3,200.3,23.61,18.61,13.01,90.7,93.0,88.9
2025-07-19,2025,7,19,200,Monsoon,Dhaka,23.71,90.41,28.52,31.31,26.43,4.9,30.0,26.3,88.7,2.28,13.54,195.5,999.0,11.9,4.1,51,Light drizzle,28.52,31.31,26.43,2.28,88.73,13.54,195.5,999.0,NASA POWER MERRA-2 (primary) + ERA5-normals sim (solar/sunshine/weather-code),200,0,672,872,9632,43,0.4464,DENV-2/DENV-3,Critical,DGHS/WHO/PMC anchored estimates (daily distribution),161.6,188.3,19.04,12.96,3.41,87.8,91.2,89.9
2025-07-20,2025,7,20,201,Monsoon,Dhaka,23.71,90.41,29.13,31.64,26.71,4.9,30.4,26.3,86.0,9.84,6.77,210.5,998.8,6.7,1.5,80,Rain showers,29.13,31.64,26.71,9.84,86.02,6.77,210.5,998.8,NASA POWER MERRA-2 (primary) + ERA5-normals sim (solar/sunshine/weather-code),326,1,625,952,9958,44,0.4419,DENV-2/DENV-3,Critical,DGHS/WHO/PMC anchored estimates (daily distribution),195.4,201.5,12.55,11.62,2.47,86.7,92.1,90.5
2025-07-21,2025,7,21,202,Monsoon,Dhaka,23.71,90.41,29.25,32.32,26.71,5.6,30.6,26.6,86.7,13.55,7.34,186.1,999.3,7.7,5.1,51,Light drizzle,29.25,32.32,26.71,13.55,86.73,7.34,186.1,999.3,NASA POWER MERRA-2 (primary) + ERA5-normals sim (solar/sunshine/weather-code),241,0,811,1052,10199,44,0.4314,DENV-2/DENV-3,Critical,DGHS/WHO/PMC anchored estimates (daily distribution),205.6,191.7,29.88,27.8,5.96,94.6,91.3,93.1
2025-07-22,2025,7,22,203,Monsoon,Dhaka,23.71,90.41,29.07,31.87,26.84,5.0,30.5,26.7,88.1,5.11,8.68,223.1,998.2,10.9,4.0,3,Overcast,29.07,31.87,26.84,5.11,88.07,8.68,223.1,998.2,NASA POWER MERRA-2 (primary) + ERA5-normals sim (solar/sunshine/weather-code),119,0,896,1015,10318,44,0.4264,DENV-2/DENV-3,High,DGHS/WHO/PMC anchored estimates (daily distribution),187.4,183.9,11.74,69.12,3.9,92.1,92.6,89.6
2025-07-23,2025,7,23,204,Monsoon,Dhaka,23.71,90.41,30.14,33.33,26.46,6.9,31.3,26.9,84.0,18.79,5.22,249.3,994.9,8.7,3.6,51,Light drizzle,30.14,33.33,26.46,18.79,84.05,5.22,249.3,994.9,NASA POWER MERRA-2 (primary) + ERA5-normals sim (solar/sunshine/weather-code),106,0,886,992,10424,44,0.4221,DENV-2/DENV-3,High,DGHS/WHO/PMC anchored estimates (daily distribution),182.4,179.1,22.45,77.52,7.61,90.4,94.1,89.8
2025-07-24,2025,7,24,205,Monsoon,Dhaka,23.71,90.41,28.86,31.26,26.94,4.3,30.4,27.2,91.8,41.33,11.05,91.7,992.2,10.6,6.6,3,Overcast,28.86,31.26,26.94,41.33,91.85,11.05,91.7,992.2,NASA POWER MERRA-2 (primary) + ERA5-normals sim (solar/sunshine/weather-code),481,4,788,1273,10905,48,0.4402,DENV-2/DENV-3,Critical,DGHS/WHO/PMC anchored estimates (daily distribution),228.9,198.2,15.68,39.29,7.08,88.7,92.7,89.8
2025-07-25,2025,7,25,206,Monsoon,Dhaka,23.71,90.41,28.5,31.57,26.77,4.8,30.1,26.8,91.6,15.42,21.64,128.0,992.9,7.3,3.7,2,Partly cloudy,28.5,31.57,26.77,15.42,91.57,21.64,128.0,992.9,NASA POWER MERRA-2 (primary) + ERA5-normals sim (solar/sunshine/weather-code),241,1,946,1188,11146,49,0.4396,DENV-2/DENV-3,Critical,DGHS/WHO/PMC anchored estimates (daily distribution),244.9,196.6,8.62,23.61,18.61,88.1,90.7,93.0
2025-07-26,2025,7,26,207,Monsoon,Dhaka,23.71,90.41,28.82,31.12,26.92,4.2,30.4,27.1,91.5,18.87,18.61,161.5,997.6,2.5,1.9,80,Rain showers,28.82,31.12,26.92,18.87,91.47,18.61,161.5,997.6,NASA POWER MERRA-2 (primary) + ERA5-normals sim (solar/sunshine/weather-code),126,0,947,1073,11272,49,0.4347,DENV-2/DENV-3,High,DGHS/WHO/PMC anchored estimates (daily distribution),234.3,197.9,2.28,19.04,12.96,88.7,87.8,91.2
2025-07-27,2025,7,27,208,Monsoon,Dhaka,23.71,90.41,28.71,31.14,27.08,4.1,30.3,26.9,90.9,18.73,15.34,190.1,998.1,8.0,1.6,61,Moderate rain,28.71,31.14,27.08,18.73,90.88,15.34,190.1,998.1,NASA POWER MERRA-2 (primary) + ERA5-normals sim (solar/sunshine/weather-code),113,1,953,1067,11385,50,0.4392,DENV-2/DENV-3,High,DGHS/WHO/PMC anchored estimates (daily distribution),203.9,199.6,9.84,12.55,11.62,86.0,86.7,92.1
2025-07-28,2025,7,28,209,Monsoon,Dhaka,23.71,90.41,28.47,31.29,26.76,4.5,30.0,26.7,91.3,25.62,13.57,173.3,998.3,4.5,2.0,95,Thunderstorm,28.47,31.29,26.76,25.62,91.3,13.57,173.3,998.3,NASA POWER MERRA-2 (primary) + ERA5-normals sim (solar/sunshine/weather-code),164,1,960,1125,11549,51,0.4416,DENV-2/DENV-3,High,DGHS/WHO/PMC anchored estimates (daily distribution),192.9,199.2,13.55,29.88,27.8,86.7,94.6,91.3
2025-07-29,2025,7,29,210,Monsoon,Dhaka,23.71,90.41,28.17,30.97,26.3,4.7,29.7,26.3,90.6,20.43,17.03,157.3,998.9,6.2,1.6,61,Moderate rain,28.17,30.97,26.3,20.43,90.62,17.03,157.3,998.9,NASA POWER MERRA-2 (primary) + ERA5-normals sim (solar/sunshine/weather-code),137,0,644,781,11686,51,0.4364,DENV-2/DENV-3,High,DGHS/WHO/PMC anchored estimates (daily distribution),195.4,191.4,5.11,11.74,69.12,88.1,92.1,92.6
2025-07-30,2025,7,30,211,Monsoon,Dhaka,23.71,90.41,28.08,30.89,26.08,4.8,29.6,26.3,91.0,20.82,16.78,152.0,1000.1,12.3,5.6,2,Partly cloudy,28.08,30.89,26.08,20.82,91.03,16.78,152.0,1000.1,NASA POWER MERRA-2 (primary) + ERA5-normals sim (solar/sunshine/weather-code),73,0,540,613,11759,51,0.4337,DENV-2/DENV-3,Moderate,DGHS/WHO/PMC anchored estimates (daily distribution),190.7,186.6,18.79,22.45,77.52,84.0,90.4,94.1
2025-07-31,2025,7,31,212,Monsoon,Dhaka,23.71,90.41,27.55,29.66,25.51,4.1,29.2,26.2,93.1,21.58,18.29,178.8,999.9,11.2,3.3,61,Moderate rain,27.55,29.66,25.51,21.58,93.12,18.29,178.8,999.9,NASA POWER MERRA-2 (primary) + ERA5-normals sim (solar/sunshine/weather-code),190,0,487,677,11949,51,0.4268,DENV-2/DENV-3,High,DGHS/WHO/PMC anchored estimates (daily distribution),149.1,189.0,41.33,15.68,39.29,91.8,88.7,92.7
2025-08-01,2025,8,1,213,Monsoon,Dhaka,23.71,90.41,28.69,31.74,26.31,5.4,30.2,26.8,90.5,19.47,15.98,189.6,1000.0,12.0,6.0,2,Partly cloudy,28.69,31.74,26.31,19.47,90.54,15.98,189.6,1000.0,NASA POWER MERRA-2 (primary) + ERA5-normals sim (solar/sunshine/weather-code),158,2,562,722,12107,53,0.4378,DENV-2/DENV-3,High,DGHS/WHO/PMC anchored estimates (daily distribution),137.3,191.1,15.42,8.62,23.61,91.6,88.1,90.7
2025-08-02,2025,8,2,214,Monsoon,Dhaka,23.71,90.41,28.29,30.15,26.88,3.3,30.0,26.9,93.2,8.9,14.83,176.8,1001.8,10.1,4.1,3,Overcast,28.29,30.15,26.88,8.9,93.22,14.83,176.8,1001.8,NASA POWER MERRA-2 (primary) + ERA5-normals sim (solar/sunshine/weather-code),202,0,558,760,12309,53,0.4306,DENV-2/DENV-3,Critical,DGHS/WHO/PMC anchored estimates (daily distribution),148.1,191.2,18.87,2.28,19.04,91.5,88.7,87.8
2025-08-03,2025,8,3,215,Monsoon,Dhaka,23.71,90.41,28.24,30.27,26.66,3.6,29.9,26.8,92.7,17.93,15.84,181.0,1004.5,4.0,1.6,95,Thunderstorm,28.24,30.27,26.66,17.93,92.67,15.84,181.0,1004.5,NASA POWER MERRA-2 (primary) + ERA5-normals sim (solar/sunshine/weather-code),148,1,622,771,12457,54,0.4335,DENV-2/DENV-3,High,DGHS/WHO/PMC anchored estimates (daily distribution),153.1,178.5,18.73,9.84,12.55,90.9,86.0,86.7
2025-08-04,2025,8,4,216,Monsoon,Dhaka,23.71,90.41,28.07,29.85,26.71,3.1,29.7,26.8,93.4,36.58,12.89,206.5,1005.2,11.4,4.0,3,Overcast,28.07,29.85,26.71,36.58,93.44,12.89,206.5,1005.2,NASA POWER MERRA-2 (primary) + ERA5-normals sim (solar/sunshine/weather-code),334,0,698,1032,12791,54,0.4222,DENV-2/DENV-3,Critical,DGHS/WHO/PMC anchored estimates (daily distribution),177.4,185.1,25.62,13.55,29.88,91.3,86.7,94.6
2025-08-05,2025,8,5,217,Monsoon,Dhaka,23.71,90.41,28.37,30.84,26.31,4.5,29.8,26.3,89.5,22.64,9.54,220.2,1005.4,11.3,2.9,61,Moderate rain,28.37,30.84,26.31,22.64,89.54,9.54,220.2,1005.4,NASA POWER MERRA-2 (primary) + ERA5-normals sim (solar/sunshine/weather-code),281,0,842,1123,13072,54,0.4131,DENV-2/DENV-3,Critical,DGHS/WHO/PMC anchored estimates (daily distribution),198.0,196.7,20.43,5.11,11.74,90.6,88.1,92.1
2025-08-06,2025,8,6,218,Monsoon,Dhaka,23.71,90.41,28.04,30.58,26.06,4.5,29.5,25.8,89.0,13.97,11.2,227.0,1003.7,6.3,2.2,80,Rain showers,28.04,30.58,26.06,13.97,89.01,11.2,227.0,1003.7,NASA POWER MERRA-2 (primary) + ERA5-normals sim (solar/sunshine/weather-code),237,1,964,1202,13309,55,0.4133,DENV-2/DENV-3,Critical,DGHS/WHO/PMC anchored estimates (daily distribution),221.4,206.1,20.82,18.79,22.45,91.0,84.0,90.4
2025-08-07,2025,8,7,219,Monsoon,Dhaka,23.71,90.41,27.91,30.5,26.12,4.4,29.5,26.2,91.2,15.73,13.72,201.5,1002.7,15.9,5.8,51,Light drizzle,27.91,30.5,26.12,15.73,91.24,13.72,201.5,1002.7,NASA POWER MERRA-2 (primary) + ERA5-normals sim (solar/sunshine/weather-code),295,0,1000,1295,13604,55,0.4043,DENV-2/DENV-3,Critical,DGHS/WHO/PMC anchored estimates (daily distribution),236.4,192.8,21.58,41.33,15.68,93.1,91.8,88.7
2025-08-08,2025,8,8,220,Monsoon,Dhaka,23.71,90.41,26.6,27.69,25.32,2.4,28.2,25.2,92.8,21.5,14.33,187.5,1005.5,13.8,3.9,3,Overcast,26.6,27.69,25.32,21.5,92.79,14.33,187.5,1005.5,NASA POWER MERRA-2 (primary) + ERA5-normals sim (solar/sunshine/weather-code),206,2,1145,1353,13810,57,0.4127,DENV-2/DENV-3,Critical,DGHS/WHO/PMC anchored estimates (daily distribution),243.3,190.3,19.47,15.42,8.62,90.5,91.6,88.1
2025-08-09,2025,8,9,221,Monsoon,Dhaka,23.71,90.41,27.77,31.0,24.8,6.2,29.2,25.6,89.4,16.5,15.34,197.3,1007.1,16.9,2.6,3,Overcast,27.77,31.0,24.8,16.5,89.36,15.34,197.3,1007.1,NASA POWER MERRA-2 (primary) + ERA5-normals sim (solar/sunshine/weather-code),148,0,1019,1167,13958,57,0.4084,DENV-2/DENV-3,High,DGHS/WHO/PMC anchored estimates (daily distribution),235.6,191.9,8.9,18.87,2.28,93.2,91.5,88.7
2025-08-10,2025,8,10,222,Monsoon,Dhaka,23.71,90.41,28.32,31.66,25.29,6.4,29.8,26.1,89.1,8.32,13.97,190.2,1005.2,16.9,5.3,3,Overcast,28.32,31.66,25.29,8.32,89.07,13.97,190.2,1005.2,NASA POWER MERRA-2 (primary) + ERA5-normals sim (solar/sunshine/weather-code),137,0,886,1023,14095,57,0.4044,DENV-2/DENV-3,High,DGHS/WHO/PMC anchored estimates (daily distribution),234.0,193.6,17.93,18.73,9.84,92.7,90.9,86.0
2025-08-11,2025,8,11,223,Monsoon,Dhaka,23.71,90.41,28.83,32.34,26.05,6.3,30.2,26.4,88.0,0.46,11.41,193.3,1003.5,9.4,2.9,51,Light drizzle,28.83,32.34,26.05,0.46,88.04,11.41,193.3,1003.5,NASA POWER MERRA-2 (primary) + ERA5-normals sim (solar/sunshine/weather-code),69,0,786,855,14164,57,0.4024,DENV-2/DENV-3,Moderate,DGHS/WHO/PMC anchored estimates (daily distribution),196.1,186.8,36.58,25.62,13.55,93.4,91.3,86.7
2025-08-12,2025,8,12,224,Monsoon,Dhaka,23.71,90.41,29.0,32.2,26.74,5.5,30.3,26.3,86.5,0.55,10.3,191.5,1001.8,14.5,4.5,61,Moderate rain,29.0,32.2,26.74,0.55,86.47,10.3,191.5,1001.8,NASA POWER MERRA-2 (primary) + ERA5-normals sim (solar/sunshine/weather-code),116,1,559,676,14280,58,0.4062,DENV-2/DENV-3,High,DGHS/WHO/PMC anchored estimates (daily distribution),172.6,185.3,22.64,20.43,5.11,89.5,90.6,88.1
2025-08-13,2025,8,13,225,Monsoon,Dhaka,23.71,90.41,27.8,29.63,26.28,3.3,29.3,25.9,90.6,27.21,9.72,130.0,1003.7,15.1,4.7,2,Partly cloudy,27.8,29.63,26.28,27.21,90.6,9.72,130.0,1003.7,NASA POWER MERRA-2 (primary) + ERA5-normals sim (solar/sunshine/weather-code),118,2,468,588,14398,60,0.4167,DENV-2/DENV-3,High,DGHS/WHO/PMC anchored estimates (daily distribution),155.6,188.5,13.97,20.82,18.79,89.0,91.0,84.0
2025-08-14,2025,8,14,226,Monsoon,Dhaka,23.71,90.41,27.82,30.51,25.72,4.8,29.4,26.1,91.4,12.37,10.44,132.4,1004.3,14.3,4.4,3,Overcast,27.82,30.51,25.72,12.37,91.42,10.44,132.4,1004.3,NASA POWER MERRA-2 (primary) + ERA5-normals sim (solar/sunshine/weather-code),159,0,440,599,14557,60,0.4122,DENV-2/DENV-3,High,DGHS/WHO/PMC anchored estimates (daily distribution),136.1,186.3,15.73,21.58,41.33,91.2,93.1,91.8
2025-08-15,2025,8,15,227,Monsoon,Dhaka,23.71,90.41,27.99,31.15,25.47,5.7,29.4,25.7,88.8,10.4,8.64,152.0,1002.2,16.1,5.8,61,Moderate rain,27.99,31.15,25.47,10.4,88.76,8.64,152.0,1002.2,NASA POWER MERRA-2 (primary) + ERA5-normals sim (solar/sunshine/weather-code),243,2,460,705,14800,62,0.4189,DENV-2/DENV-3,Critical,DGHS/WHO/PMC anchored estimates (daily distribution),141.4,192.4,21.5,19.47,15.42,92.8,90.5,91.6
2025-08-16,2025,8,16,228,Monsoon,Dhaka,23.71,90.41,28.53,31.57,25.78,5.8,29.8,25.6,85.6,13.26,5.83,159.9,1001.0,17.1,5.4,61,Moderate rain,28.53,31.57,25.78,13.26,85.6,5.83,159.9,1001.0,NASA POWER MERRA-2 (primary) + ERA5-normals sim (solar/sunshine/weather-code),225,0,636,861,15025,62,0.4126,DENV-2/DENV-3,Critical,DGHS/WHO/PMC anchored estimates (daily distribution),152.4,194.0,16.5,8.9,18.87,89.4,93.2,91.5
2025-08-17,2025,8,17,229,Monsoon,Dhaka,23.71,90.41,27.81,29.31,26.33,3.0,29.3,25.8,90.2,15.89,6.8,161.4,1002.4,6.6,1.9,61,Moderate rain,27.81,29.31,26.33,15.89,90.21,6.8,161.4,1002.4,NASA POWER MERRA-2 (primary) + ERA5-normals sim (solar/sunshine/weather-code),108,1,744,853,15133,63,0.4163,DENV-2/DENV-3,High,DGHS/WHO/PMC anchored estimates (daily distribution),148.3,191.1,8.32,17.93,18.73,89.1,92.7,90.9
2025-08-18,2025,8,18,230,Monsoon,Dhaka,23.71,90.41,28.15,31.38,25.93,5.4,29.7,26.3,90.8,7.44,13.43,135.7,1003.9,12.3,4.6,51,Light drizzle,28.15,31.38,25.93,7.44,90.84,13.43,135.7,1003.9,NASA POWER MERRA-2 (primary) + ERA5-normals sim (solar/sunshine/weather-code),208,1,734,943,15341,64,0.4172,DENV-2/DENV-3,Critical,DGHS/WHO/PMC anchored estimates (daily distribution),168.1,182.1,0.46,36.58,25.62,88.0,93.4,91.3
2025-08-19,2025,8,19,231,Monsoon,Dhaka,23.71,90.41,27.97,31.13,26.0,5.1,29.5,26.1,90.7,12.04,19.19,145.9,1004.2,11.0,5.9,61,Moderate rain,27.97,31.13,26.0,12.04,90.68,19.19,145.9,1004.2,NASA POWER MERRA-2 (primary) + ERA5-normals sim (solar/sunshine/weather-code),350,2,782,1134,15691,66,0.4206,DENV-2/DENV-3,Critical,DGHS/WHO/PMC anchored estimates (daily distribution),201.6,187.1,0.55,22.64,20.43,86.5,89.5,90.6
2025-08-20,2025,8,20,232,Monsoon,Dhaka,23.71,90.41,27.83,30.43,26.06,4.4,29.4,26.2,92.0,16.11,16.24,158.2,1004.1,6.7,1.6,80,Rain showers,27.83,30.43,26.06,16.11,91.95,16.24,158.2,1004.1,NASA POWER MERRA-2 (primary) + ERA5-normals sim (solar/sunshine/weather-code),323,1,890,1214,16014,67,0.4184,DENV-2/DENV-3,Critical,DGHS/WHO/PMC anchored estimates (daily distribution),230.9,193.2,27.21,13.97,20.82,90.6,89.0,91.0
2025-08-21,2025,8,21,233,Monsoon,Dhaka,23.71,90.41,27.9,30.42,26.15,4.3,29.5,26.3,92.0,12.06,16.49,170.3,1003.4,7.7,5.3,3,Overcast,27.9,30.42,26.15,12.06,92.03,16.49,170.3,1003.4,NASA POWER MERRA-2 (primary) + ERA5-normals sim (solar/sunshine/weather-code),146,0,989,1135,16160,67,0.4146,DENV-2/DENV-3,High,DGHS/WHO/PMC anchored estimates (daily distribution),229.0,182.6,12.37,15.73,21.58,91.4,91.2,93.1
2025-08-22,2025,8,22,234,Monsoon,Dhaka,23.71,90.41,27.26,28.97,25.51,3.5,28.9,25.9,93.2,16.18,21.46,168.6,1000.9,9.8,5.5,2,Partly cloudy,27.26,28.97,25.51,16.18,93.19,21.46,168.6,1000.9,NASA POWER MERRA-2 (primary) + ERA5-normals sim (solar/sunshine/weather-code),185,0,1027,1212,16345,67,0.4099,DENV-2/DENV-3,High,DGHS/WHO/PMC anchored estimates (daily distribution),220.7,181.1,10.4,21.5,19.47,88.8,92.8,90.5
2025-08-23,2025,8,23,235,Monsoon,Dhaka,23.71,90.41,27.65,30.77,25.85,4.9,29.2,26.0,91.6,14.72,22.43,159.4,1000.5,13.3,3.8,3,Overcast,27.65,30.77,25.85,14.72,91.6,22.43,159.4,1000.5,NASA POWER MERRA-2 (primary) + ERA5-normals sim (solar/sunshine/weather-code),95,1,1003,1099,16440,68,0.4136,DENV-2/DENV-3,High,DGHS/WHO/PMC anchored estimates (daily distribution),202.1,177.3,13.26,16.5,8.9,85.6,89.4,93.2
2025-08-24,2025,8,24,236,Monsoon,Dhaka,23.71,90.41,27.73,30.88,25.85,5.0,29.2,25.7,90.0,11.98,16.34,173.6,1003.3,6.3,0.3,61,Moderate rain,27.73,30.88,25.85,11.98,90.04,16.34,173.6,1003.3,NASA POWER MERRA-2 (primary) + ERA5-normals sim (solar/sunshine/weather-code),82,0,749,831,16522,68,0.4116,DENV-2/DENV-3,High,DGHS/WHO/PMC anchored estimates (daily distribution),198.4,173.4,15.89,8.32,17.93,90.2,89.1,92.7
2025-08-25,2025,8,25,237,Monsoon,Dhaka,23.71,90.41,27.92,31.28,25.66,5.6,29.4,25.8,89.2,11.69,9.65,160.9,1003.3,15.7,3.5,80,Rain showers,27.92,31.28,25.66,11.69,89.23,9.65,160.9,1003.3,NASA POWER MERRA-2 (primary) + ERA5-normals sim (solar/sunshine/weather-code),148,1,507,656,16670,69,0.4139,DENV-2/DENV-3,High,DGHS/WHO/PMC anchored estimates (daily distribution),189.9,179.0,7.44,0.46,36.58,90.8,88.0,93.4
2025-08-26,2025,8,26,238,Monsoon,Dhaka,23.71,90.41,28.09,31.58,25.69,5.9,29.4,25.5,87.0,5.54,6.98,171.3,1003.2,4.3,2.9,51,Light drizzle,28.09,31.58,25.69,5.54,87.03,6.98,171.3,1003.2,NASA POWER MERRA-2 (primary) + ERA5-normals sim (solar/sunshine/weather-code),156,0,510,666,16826,69,0.4101,DENV-2/DENV-3,High,DGHS/WHO/PMC anchored estimates (daily distribution),162.1,181.9,12.04,0.55,22.64,90.7,86.5,89.5
2025-08-27,2025,8,27,239,Monsoon,Dhaka,23.71,90.41,27.76,31.32,25.26,6.1,29.3,25.8,90.0,3.42,14.76,150.0,1003.1,6.9,3.5,51,Light drizzle,27.76,31.32,25.26,3.42,89.98,14.76,150.0,1003.1,NASA POWER MERRA-2 (primary) + ERA5-normals sim (solar/sunshine/weather-code),243,3,478,724,17069,72,0.4218,DENV-2/DENV-3,Critical,DGHS/WHO/PMC anchored estimates (daily distribution),150.7,190.8,16.11,27.21,13.97,92.0,90.6,89.0
2025-08-28,2025,8,28,240,Monsoon,Dhaka,23.71,90.41,27.97,31.17,25.85,5.3,29.5,26.0,90.0,5.88,15.26,169.8,1004.0,7.0,1.4,80,Rain showers,27.97,31.17,25.85,5.88,89.99,15.26,169.8,1004.0,NASA POWER MERRA-2 (primary) + ERA5-normals sim (solar/sunshine/weather-code),365,0,629,994,17434,72,0.413,DENV-2/DENV-3,Critical,DGHS/WHO/PMC anchored estimates (daily distribution),182.0,205.5,12.06,12.37,15.73,92.0,91.4,91.2
2025-08-29,2025,8,29,241,Monsoon,Dhaka,23.71,90.41,27.79,30.29,26.24,4.1,29.3,25.9,90.6,13.33,10.33,176.1,1005.4,8.0,4.0,61,Moderate rain,27.79,30.29,26.24,13.33,90.57,10.33,176.1,1005.4,NASA POWER MERRA-2 (primary) + ERA5-normals sim (solar/sunshine/weather-code),265,1,911,1177,17699,73,0.4125,DENV-2/DENV-3,Critical,DGHS/WHO/PMC anchored estimates (daily distribution),193.4,207.1,16.18,10.4,21.5,93.2,88.8,92.8
2025-08-30,2025,8,30,242,Monsoon,Dhaka,23.71,90.41,28.09,31.13,25.88,5.2,29.5,25.8,88.6,5.62,6.59,170.8,1005.9,18.6,6.2,61,Moderate rain,28.09,31.13,25.88,5.62,88.56,6.59,170.8,1005.9,NASA POWER MERRA-2 (primary) + ERA5-normals sim (solar/sunshine/weather-code),161,1,1028,1190,17860,74,0.4143,DENV-2/DENV-3,High,DGHS/WHO/PMC anchored estimates (daily distribution),202.9,202.5,14.72,13.26,16.5,91.6,85.6,89.4
2025-08-31,2025,8,31,243,Monsoon,Dhaka,23.71,90.41,27.97,30.11,25.74,4.4,29.4,25.6,88.1,10.43,3.71,228.1,1003.8,10.1,5.2,61,Moderate rain,27.97,30.11,25.74,10.43,88.11,3.71,228.1,1003.8,NASA POWER MERRA-2 (primary) + ERA5-normals sim (solar/sunshine/weather-code),59,1,1033,1093,17919,75,0.4186,DENV-2/DENV-3,Moderate,DGHS/WHO/PMC anchored estimates (daily distribution),199.6,199.0,11.98,15.89,8.32,90.0,90.2,89.1
2025-09-01,2025,9,1,244,Monsoon,Dhaka,23.71,90.41,28.6,30.99,26.04,4.9,30.0,26.3,88.4,9.81,7.2,329.0,999.6,8.0,5.8,61,Moderate rain,28.6,30.99,26.04,9.81,88.42,7.2,329.0,999.6,NASA POWER MERRA-2 (primary) + ERA5-normals sim (solar/sunshine/weather-code),912,5,845,1762,18831,80,0.4248,DENV-2/DENV-3,Critical,DGHS/WHO/PMC anchored estimates (daily distribution),308.7,249.3,11.69,7.44,0.46,89.2,90.8,88.0
2025-09-02,2025,9,2,245,Monsoon,Dhaka,23.71,90.41,28.62,31.25,26.75,4.5,30.1,26.4,88.8,11.65,14.8,145.5,1001.4,11.8,4.3,61,Moderate rain,28.62,31.25,26.75,11.65,88.82,14.8,145.5,1001.4,NASA POWER MERRA-2 (primary) + ERA5-normals sim (solar/sunshine/weather-code),546,4,1393,1943,19377,84,0.4335,DENV-2/DENV-3,Critical,DGHS/WHO/PMC anchored estimates (daily distribution),364.4,263.3,5.54,12.04,0.55,87.0,90.7,86.5
2025-09-03,2025,9,3,246,Monsoon,Dhaka,23.71,90.41,28.09,30.99,26.0,5.0,29.6,26.0,89.4,3.23,14.08,134.4,1003.3,10.3,4.3,3,Overcast,28.09,30.99,26.0,3.23,89.38,14.08,134.4,1003.3,NASA POWER MERRA-2 (primary) + ERA5-normals sim (solar/sunshine/weather-code),408,1,1677,2086,19785,85,0.4296,DENV-2/DENV-3,Critical,DGHS/WHO/PMC anchored estimates (daily distribution),388.0,269.4,3.42,16.11,27.21,90.0,92.0,90.6
2025-09-04,2025,9,4,247,Monsoon,Dhaka,23.71,90.41,27.87,30.91,25.83,5.1,29.4,26.0,90.8,5.48,12.56,151.9,1004.6,14.0,5.8,2,Partly cloudy,27.87,30.91,25.83,5.48,90.78,12.56,151.9,1004.6,NASA POWER MERRA-2 (primary) + ERA5-normals sim (solar/sunshine/weather-code),367,2,1923,2292,20152,87,0.4317,DENV-2/DENV-3,Critical,DGHS/WHO/PMC anchored estimates (daily distribution),388.3,285.1,5.88,12.06,12.37,90.0,92.0,91.4
2025-09-05,2025,9,5,248,Monsoon,Dhaka,23.71,90.41,28.0,31.25,25.46,5.8,29.4,25.7,88.3,1.37,9.22,169.0,1005.3,18.9,6.3,2,Partly cloudy,28.0,31.25,25.46,1.37,88.32,9.22,169.0,1005.3,NASA POWER MERRA-2 (primary) + ERA5-normals sim (solar/sunshine/weather-code),436,3,2230,2669,20588,90,0.4371,DENV-2/DENV-3,Critical,DGHS/WHO/PMC anchored estimates (daily distribution),412.7,303.1,13.33,16.18,10.4,90.6,93.2,88.8
2025-09-06,2025,9,6,249,Monsoon,Dhaka,23.71,90.41,28.69,31.95,25.58,6.4,30.0,25.9,86.2,5.21,6.26,197.4,1005.7,16.7,5.1,61,Moderate rain,28.69,31.95,25.58,5.21,86.24,6.26,197.4,1005.7,NASA POWER MERRA-2 (primary) + ERA5-normals sim (solar/sunshine/weather-code),470,2,1755,2227,21058,92,0.4369,DENV-2/DENV-3,Critical,DGHS/WHO/PMC anchored estimates (daily distribution),456.9,329.9,5.62,14.72,13.26,88.6,91.6,85.6
2025-09-07,2025,9,7,250,Monsoon,Dhaka,23.71,90.41,28.32,30.44,26.12,4.3,29.7,25.7,87.0,14.2,6.77,210.8,1005.3,7.4,2.6,61,Moderate rain,28.32,30.44,26.12,14.2,87.05,6.77,210.8,1005.3,NASA POWER MERRA-2 (primary) + ERA5-normals sim (solar/sunshine/weather-code),289,0,1681,1970,21347,92,0.431,DENV-2/DENV-3,Critical,DGHS/WHO/PMC anchored estimates (daily distribution),489.7,344.6,10.43,11.98,15.89,88.1,90.0,90.2
2025-09-08,2025,9,8,251,Monsoon,Dhaka,23.71,90.41,28.52,31.08,26.04,5.0,29.8,25.7,85.7,8.54,5.47,218.1,1005.0,11.2,4.9,3,Overcast,28.52,31.08,26.04,8.54,85.72,5.47,218.1,1005.0,NASA POWER MERRA-2 (primary) + ERA5-normals sim (solar/sunshine/weather-code),315,2,1560,1877,21662,94,0.4339,DENV-2/DENV-3,Critical,DGHS/WHO/PMC anchored estimates (daily distribution),404.4,356.6,9.81,11.69,7.44,88.4,89.2,90.8
2025-09-09,2025,9,9,252,Monsoon,Dhaka,23.71,90.41,28.41,31.11,25.87,5.2,29.8,26.2,88.7,9.59,6.8,230.4,1005.5,10.8,4.1,3,Overcast,28.41,31.11,25.87,9.59,88.7,6.8,230.4,1005.5,NASA POWER MERRA-2 (primary) + ERA5-normals sim (solar/sunshine/weather-code),232,1,1509,1742,21894,95,0.4339,DENV-2/DENV-3,Critical,DGHS/WHO/PMC anchored estimates (daily distribution),359.6,362.0,11.65,5.54,12.04,88.8,87.0,90.7
2025-09-10,2025,9,10,253,Monsoon,Dhaka,23.71,90.41,27.94,30.14,26.07,4.1,29.5,26.1,90.8,4.25,9.43,213.5,1004.6,15.1,7.4,3,Overcast,27.94,30.14,26.07,4.25,90.83,9.43,213.5,1004.6,NASA POWER MERRA-2 (primary) + ERA5-normals sim (solar/sunshine/weather-code),187,1,1305,1493,22081,96,0.4348,DENV-2/DENV-3,High,DGHS/WHO/PMC anchored estimates (daily distribution),328.0,358.0,3.23,3.42,16.11,89.4,90.0,92.0
2025-09-11,2025,9,11,254,Monsoon,Dhaka,23.71,90.41,28.38,30.99,26.1,4.9,29.8,26.2,89.2,6.92,8.71,191.3,1004.7,4.9,1.9,80,Rain showers,28.38,30.99,26.1,6.92,89.18,8.71,191.3,1004.7,NASA POWER MERRA-2 (primary) + ERA5-normals sim (solar/sunshine/weather-code),168,1,1022,1191,22249,97,0.436,DENV-2/DENV-3,High,DGHS/WHO/PMC anchored estimates (daily distribution),299.6,343.9,5.48,5.88,12.06,90.8,90.0,92.0
2025-09-12,2025,9,12,255,Monsoon,Dhaka,23.71,90.41,28.04,30.62,26.31,4.3,29.5,26.1,90.1,22.02,7.7,190.3,1006.0,16.0,2.6,2,Partly cloudy,28.04,30.62,26.31,22.02,90.14,7.7,190.3,1006.0,NASA POWER MERRA-2 (primary) + ERA5-normals sim (solar/sunshine/weather-code),244,1,901,1146,22493,98,0.4357,DENV-2/DENV-3,Critical,DGHS/WHO/PMC anchored estimates (daily distribution),272.1,342.4,1.37,13.33,16.18,88.3,90.6,93.2
2025-09-13,2025,9,13,256,Monsoon,Dhaka,23.71,90.41,27.92,30.51,25.86,4.7,29.4,25.9,89.9,11.75,8.46,195.3,1007.0,12.1,6.6,2,Partly cloudy,27.92,30.51,25.86,11.75,89.89,8.46,195.3,1007.0,NASA POWER MERRA-2 (primary) + ERA5-normals sim (solar/sunshine/weather-code),172,0,831,1003,22665,98,0.4324,DENV-2/DENV-3,High,DGHS/WHO/PMC anchored estimates (daily distribution),229.6,343.2,5.21,5.62,14.72,86.2,88.6,91.6
2025-09-14,2025,9,14,257,Monsoon,Dhaka,23.71,90.41,27.34,29.05,25.95,3.1,29.0,25.8,92.2,13.99,9.36,196.5,1007.0,9.6,5.6,61,Moderate rain,27.34,29.05,25.95,13.99,92.17,9.36,196.5,1007.0,NASA POWER MERRA-2 (primary) + ERA5-normals sim (solar/sunshine/weather-code),174,2,769,945,22839,100,0.4378,DENV-2/DENV-3,High,DGHS/WHO/PMC anchored estimates (daily distribution),213.1,351.4,14.2,10.43,11.98,87.0,88.1,90.0
2025-09-15,2025,9,15,258,Monsoon,Dhaka,23.71,90.41,27.21,29.81,25.25,4.6,28.7,25.2,90.1,25.81,11.2,176.9,1006.7,13.7,5.0,80,Rain showers,27.21,29.81,25.25,25.81,90.14,11.2,176.9,1006.7,NASA POWER MERRA-2 (primary) + ERA5-normals sim (solar/sunshine/weather-code),128,1,757,886,22967,101,0.4398,DENV-2/DENV-3,High,DGHS/WHO/PMC anchored estimates (daily distribution),186.4,295.4,8.54,9.81,11.69,85.7,88.4,89.2
2025-09-16,2025,9,16,259,Monsoon,Dhaka,23.71,90.41,27.07,29.71,25.29,4.4,28.6,25.1,90.2,17.27,14.11,187.7,1007.3,14.9,5.5,3,Overcast,27.07,29.71,25.29,17.27,90.17,14.11,187.7,1007.3,NASA POWER MERRA-2 (primary) + ERA5-normals sim (solar/sunshine/weather-code),268,1,717,986,23235,102,0.439,DENV-2/DENV-3,Critical,DGHS/WHO/PMC anchored estimates (daily distribution),191.6,275.6,9.59,11.65,5.54,88.7,88.8,87.0
2025-09-17,2025,9,17,260,Monsoon,Dhaka,23.71,90.41,27.62,31.13,24.62,6.5,29.0,25.3,88.4,1.48,10.48,186.8,1007.0,16.3,4.8,2,Partly cloudy,27.62,31.13,24.62,1.48,88.41,10.48,186.8,1007.0,NASA POWER MERRA-2 (primary) + ERA5-normals sim (solar/sunshine/weather-code),213,1,741,955,23448,103,0.4393,DENV-2/DENV-3,Critical,DGHS/WHO/PMC anchored estimates (daily distribution),195.3,261.6,4.25,3.23,3.42,90.8,89.4,90.0
2025-09-18,2025,9,18,261,Monsoon,Dhaka,23.71,90.41,27.89,30.68,25.37,5.3,29.3,25.6,88.4,5.39,8.6,190.8,1006.0,13.0,4.0,2,Partly cloudy,27.89,30.68,25.37,5.39,88.44,8.6,190.8,1006.0,NASA POWER MERRA-2 (primary) + ERA5-normals sim (solar/sunshine/weather-code),377,2,781,1160,23825,105,0.4407,DENV-2/DENV-3,Critical,DGHS/WHO/PMC anchored estimates (daily distribution),225.1,262.4,6.92,5.48,5.88,89.2,90.8,90.0
2025-09-19,2025,9,19,262,Monsoon,Dhaka,23.71,90.41,28.95,32.31,25.8,6.5,30.3,26.5,87.6,6.48,6.48,215.9,1005.3,9.3,6.7,61,Moderate rain,28.95,32.31,25.8,6.48,87.63,6.48,215.9,1005.3,NASA POWER MERRA-2 (primary) + ERA5-normals sim (solar/sunshine/weather-code),203,1,985,1189,24028,106,0.4412,DENV-2/DENV-3,Critical,DGHS/WHO/PMC anchored estimates (daily distribution),219.3,245.7,22.02,1.37,13.33,90.1,88.3,90.6
2025-09-20,2025,9,20,263,Monsoon,Dhaka,23.71,90.41,28.18,29.93,26.96,3.0,29.8,26.6,92.3,3.99,5.69,266.6,1003.2,9.8,1.6,61,Moderate rain,28.18,29.93,26.96,3.99,92.34,5.69,266.6,1003.2,NASA POWER MERRA-2 (primary) + ERA5-normals sim (solar/sunshine/weather-code),100,0,1061,1161,24128,106,0.4393,DENV-2/DENV-3,High,DGHS/WHO/PMC anchored estimates (daily distribution),209.0,219.3,11.75,5.21,5.62,89.9,86.2,88.6
2025-09-21,2025,9,21,264,Monsoon,Dhaka,23.71,90.41,28.1,30.22,26.12,4.1,29.6,26.1,90.0,6.85,4.72,289.6,1002.5,12.4,1.5,2,Partly cloudy,28.1,30.22,26.12,6.85,90.0,4.72,289.6,1002.5,NASA POWER MERRA-2 (primary) + ERA5-normals sim (solar/sunshine/weather-code),187,3,890,1080,24315,109,0.4483,DENV-2/DENV-3,High,DGHS/WHO/PMC anchored estimates (daily distribution),210.9,212.0,13.99,14.2,10.43,92.2,87.0,88.1
2025-09-22,2025,9,22,265,Monsoon,Dhaka,23.71,90.41,27.27,29.11,25.68,3.4,28.9,25.9,93.0,64.77,8.93,169.3,1003.1,12.8,3.0,61,Moderate rain,27.27,29.11,25.68,64.77,93.02,8.93,169.3,1003.1,NASA POWER MERRA-2 (primary) + ERA5-normals sim (solar/sunshine/weather-code),218,0,867,1085,24533,109,0.4443,DENV-2/DENV-3,Critical,DGHS/WHO/PMC anchored estimates (daily distribution),223.7,205.1,25.81,8.54,9.81,90.1,85.7,88.4
2025-09-23,2025,9,23,266,Monsoon,Dhaka,23.71,90.41,27.69,30.73,25.34,5.4,29.2,25.8,90.3,2.35,8.96,158.0,1002.6,7.3,2.2,80,Rain showers,27.69,30.73,25.34,2.35,90.26,8.96,158.0,1002.6,NASA POWER MERRA-2 (primary) + ERA5-normals sim (solar/sunshine/weather-code),128,0,708,836,24661,109,0.442,DENV-2/DENV-3,High,DGHS/WHO/PMC anchored estimates (daily distribution),203.7,197.6,17.27,9.59,11.65,90.2,88.7,88.8
2025-09-24,2025,9,24,267,Monsoon,Dhaka,23.71,90.41,27.99,30.9,25.59,5.3,29.3,25.3,86.5,1.91,4.18,127.8,1001.3,7.9,5.0,3,Overcast,27.99,30.9,25.59,1.91,86.54,4.18,127.8,1001.3,NASA POWER MERRA-2 (primary) + ERA5-normals sim (solar/sunshine/weather-code),426,0,633,1059,25087,109,0.4345,DENV-2/DENV-3,Critical,DGHS/WHO/PMC anchored estimates (daily distribution),234.1,214.7,1.48,4.25,3.23,88.4,90.8,89.4
2025-09-25,2025,9,25,268,Monsoon,Dhaka,23.71,90.41,28.33,31.3,26.11,5.2,29.6,25.3,85.0,19.73,4.75,177.7,1001.0,7.1,2.5,80,Rain showers,28.33,31.3,26.11,19.73,84.98,4.75,177.7,1001.0,NASA POWER MERRA-2 (primary) + ERA5-normals sim (solar/sunshine/weather-code),235,1,958,1194,25322,110,0.4344,DENV-2/DENV-3,Critical,DGHS/WHO/PMC anchored estimates (daily distribution),213.9,219.5,5.39,6.92,5.48,88.4,89.2,90.8
2025-09-26,2025,9,26,269,Monsoon,Dhaka,23.71,90.41,28.29,31.15,26.03,5.1,29.8,26.2,89.6,8.38,11.45,145.6,1003.6,6.8,2.6,80,Rain showers,28.29,31.15,26.03,8.38,89.65,11.45,145.6,1003.6,NASA POWER MERRA-2 (primary) + ERA5-normals sim (solar/sunshine/weather-code),183,0,1007,1190,25505,110,0.4313,DENV-2/DENV-3,High,DGHS/WHO/PMC anchored estimates (daily distribution),211.0,215.1,6.48,22.02,1.37,87.6,90.1,88.3
2025-09-27,2025,9,27,270,Monsoon,Dhaka,23.71,90.41,28.07,30.74,26.24,4.5,29.6,26.1,90.2,3.96,9.0,145.8,1007.1,16.0,3.8,3,Overcast,28.07,30.74,26.24,3.96,90.18,9.0,145.8,1007.1,NASA POWER MERRA-2 (primary) + ERA5-normals sim (solar/sunshine/weather-code),506,2,970,1478,26011,112,0.4306,DENV-2/DENV-3,Critical,DGHS/WHO/PMC anchored estimates (daily distribution),269.0,239.0,3.99,11.75,5.21,92.3,89.9,86.2
2025-09-28,2025,9,28,271,Monsoon,Dhaka,23.71,90.41,27.4,29.37,25.92,3.4,28.9,25.2,89.2,10.74,5.29,217.7,1006.3,6.8,2.1,80,Rain showers,27.4,29.37,25.92,10.74,89.17,5.29,217.7,1006.3,NASA POWER MERRA-2 (primary) + ERA5-normals sim (solar/sunshine/weather-code),432,1,1349,1782,26443,113,0.4273,DENV-2/DENV-3,Critical,DGHS/WHO/PMC anchored estimates (daily distribution),304.0,257.4,6.85,13.99,14.2,90.0,92.2,87.0
2025-09-29,2025,9,29,272,Monsoon,Dhaka,23.71,90.41,28.22,31.13,25.1,6.0,29.6,25.6,86.7,3.42,6.62,296.5,1004.0,11.9,1.5,3,Overcast,28.22,31.13,25.1,3.42,86.71,6.62,296.5,1004.0,NASA POWER MERRA-2 (primary) + ERA5-normals sim (solar/sunshine/weather-code),260,0,1356,1616,26703,113,0.4232,DENV-2/DENV-3,Critical,DGHS/WHO/PMC anchored estimates (daily distribution),310.0,266.9,64.77,25.81,8.54,93.0,90.1,85.7
2025-09-30,2025,9,30,273,Monsoon,Dhaka,23.71,90.41,28.73,31.61,25.82,5.8,30.1,26.0,86.5,12.14,6.48,289.3,1001.7,15.3,5.1,80,Rain showers,28.73,31.61,25.82,12.14,86.47,6.48,289.3,1001.7,NASA POWER MERRA-2 (primary) + ERA5-normals sim (solar/sunshine/weather-code),246,1,1380,1627,26949,114,0.423,DENV-2/DENV-3,Critical,DGHS/WHO/PMC anchored estimates (daily distribution),326.9,265.3,2.35,17.27,9.59,90.3,90.2,88.7
2025-10-01,2025,10,1,274,Post-Monsoon,Dhaka,23.71,90.41,27.79,29.12,26.8,2.3,29.4,26.4,93.1,50.43,11.02,167.0,1003.6,18.4,7.3,51,Light drizzle,27.79,29.12,26.8,50.43,93.12,11.02,167.0,1003.6,NASA POWER MERRA-2 (primary) + ERA5-normals sim (solar/sunshine/weather-code),59,0,1444,1503,27008,114,0.4221,DENV-2/DENV-3,Moderate,DGHS/WHO/PMC anchored estimates (daily distribution),274.4,254.3,1.91,1.48,4.25,86.5,88.4,90.8
2025-10-02,2025,10,2,275,Post-Monsoon,Dhaka,23.71,90.41,27.3,28.96,26.16,2.8,29.0,26.2,94.5,22.4,14.26,143.0,1007.6,13.7,6.1,51,Light drizzle,27.3,28.96,26.16,22.4,94.52,14.26,143.0,1007.6,NASA POWER MERRA-2 (primary) + ERA5-normals sim (solar/sunshine/weather-code),315,5,992,1312,27323,119,0.4355,DENV-2/DENV-3,Critical,DGHS/WHO/PMC anchored estimates (daily distribution),285.9,249.9,19.73,5.39,6.92,85.0,88.4,89.2
2025-10-03,2025,10,3,276,Post-Monsoon,Dhaka,23.71,90.41,27.2,29.37,25.76,3.6,28.9,26.0,93.8,11.31,13.21,140.6,1009.4,18.6,7.2,51,Light drizzle,27.2,29.37,25.76,11.31,93.83,13.21,140.6,1009.4,NASA POWER MERRA-2 (primary) + ERA5-normals sim (solar/sunshine/weather-code),417,0,880,1297,27740,119,0.429,DENV-2/DENV-3,Critical,DGHS/WHO/PMC anchored estimates (daily distribution),319.3,265.1,8.38,6.48,22.02,89.6,87.6,90.1
2025-10-04,2025,10,4,277,Post-Monsoon,Dhaka,23.71,90.41,27.67,30.43,25.26,5.2,29.3,26.1,92.0,9.2,12.42,166.0,1008.8,14.7,8.2,2,Partly cloudy,27.67,30.43,25.26,9.2,91.99,12.42,166.0,1008.8,NASA POWER MERRA-2 (primary) + ERA5-normals sim (solar/sunshine/weather-code),704,4,1033,1741,28444,123,0.4324,DENV-2/DENV-3,Critical,DGHS/WHO/PMC anchored estimates (daily distribution),347.6,308.3,3.96,3.99,11.75,90.2,92.3,89.9
2025-10-05,2025,10,5,278,Post-Monsoon,Dhaka,23.71,90.41,27.64,29.67,26.16,3.5,29.3,26.3,93.3,4.91,14.18,164.8,1008.3,20.9,7.7,2,Partly cloudy,27.64,29.67,26.16,4.91,93.3,14.18,164.8,1008.3,NASA POWER MERRA-2 (primary) + ERA5-normals sim (solar/sunshine/weather-code),829,2,1493,2324,29273,125,0.427,DENV-2/DENV-3,Critical,DGHS/WHO/PMC anchored estimates (daily distribution),404.3,354.1,10.74,6.85,13.99,89.2,90.0,92.2
2025-10-06,2025,10,6,279,Post-Monsoon,Dhaka,23.71,90.41,26.76,28.41,25.29,3.1,28.3,25.0,91.0,24.61,7.2,214.7,1008.5,12.9,8.0,2,Partly cloudy,26.76,28.41,25.29,24.61,90.95,7.2,214.7,1008.5,NASA POWER MERRA-2 (primary) + ERA5-normals sim (solar/sunshine/weather-code),465,1,2264,2730,29738,126,0.4237,DENV-2/DENV-3,Critical,DGHS/WHO/PMC anchored estimates (daily distribution),433.6,371.8,3.42,64.77,25.81,86.7,93.0,90.1
2025-10-07,2025,10,7,280,Post-Monsoon,Dhaka,23.71,90.41,27.28,30.7,24.22,6.5,28.6,24.4,85.8,12.7,5.29,202.7,1008.4,16.5,8.0,3,Overcast,27.28,30.7,24.22,12.7,85.75,5.29,202.7,1008.4,NASA POWER MERRA-2 (primary) + ERA5-normals sim (solar/sunshine/weather-code),440,2,2413,2855,30178,128,0.4242,DENV-2/DENV-3,Critical,DGHS/WHO/PMC anchored estimates (daily distribution),461.3,394.1,12.14,2.35,17.27,86.5,90.3,90.2
2025-10-08,2025,10,8,281,Post-Monsoon,Dhaka,23.71,90.41,27.4,30.7,24.75,5.9,28.7,24.7,86.7,23.24,5.8,214.2,1008.6,16.9,8.2,2,Partly cloudy,27.4,30.7,24.75,23.24,86.72,5.8,214.2,1008.6,NASA POWER MERRA-2 (primary) + ERA5-normals sim (solar/sunshine/weather-code),187,2,2436,2625,30365,130,0.4281,DENV-2/DENV-3,High,DGHS/WHO/PMC anchored estimates (daily distribution),479.6,377.0,50.43,1.91,1.48,93.1,86.5,88.4
2025-10-09,2025,10,9,282,Post-Monsoon,Dhaka,23.71,90.41,27.34,29.47,25.02,4.4,28.6,24.4,85.4,35.68,4.43,299.8,1008.9,18.3,4.7,3,Overcast,27.34,29.47,25.02,35.68,85.43,4.43,299.8,1008.9,NASA POWER MERRA-2 (primary) + ERA5-normals sim (solar/sunshine/weather-code),240,1,1920,2161,30605,131,0.428,DENV-2/DENV-3,Critical,DGHS/WHO/PMC anchored estimates (daily distribution),468.9,377.4,22.4,19.73,5.39,94.5,85.0,88.4
2025-10-10,2025,10,10,283,Post-Monsoon,Dhaka,23.71,90.41,27.57,30.46,25.02,5.4,28.7,24.1,82.8,15.92,3.85,332.5,1008.0,19.7,5.9,61,Moderate rain,27.57,30.46,25.02,15.92,82.81,3.85,332.5,1008.0,NASA POWER MERRA-2 (primary) + ERA5-normals sim (solar/sunshine/weather-code),299,1,1331,1631,30904,132,0.4271,DENV-2/DENV-3,Critical,DGHS/WHO/PMC anchored estimates (daily distribution),452.0,385.6,11.31,8.38,6.48,93.8,89.6,87.6
2025-10-11,2025,10,11,284,Post-Monsoon,Dhaka,23.71,90.41,27.28,30.06,25.09,5.0,28.6,24.4,85.8,14.74,2.66,114.5,1008.2,18.1,6.9,2,Partly cloudy,27.28,30.06,25.09,14.74,85.85,2.66,114.5,1008.2,NASA POWER MERRA-2 (primary) + ERA5-normals sim (solar/sunshine/weather-code),169,1,1165,1335,31073,133,0.428,DENV-2/DENV-3,High,DGHS/WHO/PMC anchored estimates (daily distribution),375.6,361.6,9.2,3.96,3.99,92.0,90.2,92.3
2025-10-12,2025,10,12,285,Post-Monsoon,Dhaka,23.71,90.41,26.77,29.87,24.65,5.2,28.0,23.9,85.5,4.37,6.59,332.3,1008.8,16.6,7.1,51,Light drizzle,26.77,29.87,24.65,4.37,85.49,6.59,332.3,1008.8,NASA POWER MERRA-2 (primary) + ERA5-normals sim (solar/sunshine/weather-code),116,0,895,1011,31189,133,0.4264,DENV-2/DENV-3,High,DGHS/WHO/PMC anchored estimates (daily distribution),273.7,339.0,4.91,10.74,6.85,93.3,89.2,90.0
2025-10-13,2025,10,13,286,Post-Monsoon,Dhaka,23.71,90.41,26.11,29.58,23.07,6.5,27.4,23.3,85.9,0.67,8.75,332.1,1009.6,19.8,8.5,3,Overcast,26.11,29.58,23.07,0.67,85.92,8.75,332.1,1009.6,NASA POWER MERRA-2 (primary) + ERA5-normals sim (solar/sunshine/weather-code),347,2,822,1171,31536,135,0.4281,DENV-2/DENV-3,Critical,DGHS/WHO/PMC anchored estimates (daily distribution),256.9,345.2,24.61,3.42,64.77,91.0,86.7,93.0
2025-10-14,2025,10,14,287,Post-Monsoon,Dhaka,23.71,90.41,25.98,30.47,22.23,8.2,27.3,23.2,86.1,0.01,10.3,332.0,1008.3,20.5,8.0,2,Partly cloudy,25.98,30.47,22.23,0.01,86.13,10.3,332.0,1008.3,NASA POWER MERRA-2 (primary) + ERA5-normals sim (solar/sunshine/weather-code),346,3,928,1277,31882,138,0.4328,DENV-2/DENV-3,Critical,DGHS/WHO/PMC anchored estimates (daily distribution),243.4,352.4,12.7,12.14,2.35,85.8,86.5,90.3
2025-10-15,2025,10,15,288,Post-Monsoon,Dhaka,23.71,90.41,25.59,30.29,21.43,8.9,26.7,22.1,82.7,0.03,8.96,309.0,1007.9,14.8,8.3,2,Partly cloudy,25.59,30.29,21.43,0.03,82.69,8.96,309.0,1007.9,NASA POWER MERRA-2 (primary) + ERA5-normals sim (solar/sunshine/weather-code),626,3,975,1604,32508,141,0.4337,DENV-2/DENV-3,Critical,DGHS/WHO/PMC anchored estimates (daily distribution),306.1,392.9,23.24,50.43,1.91,86.7,93.1,86.5
2025-10-16,2025,10,16,289,Post-Monsoon,Dhaka,23.71,90.41,26.14,30.94,21.71,9.2,27.4,23.1,84.6,0.85,7.7,305.0,1008.4,9.7,2.4,80,Rain showers,26.14,30.94,21.71,0.85,84.61,7.7,305.0,1008.4,NASA POWER MERRA-2 (primary) + ERA5-normals sim (solar/sunshine/weather-code),696,0,1435,2131,33204,141,0.4246,DENV-2/DENV-3,Critical,DGHS/WHO/PMC anchored estimates (daily distribution),371.3,420.1,35.68,22.4,19.73,85.4,94.5,85.0
2025-10-17,2025,10,17,290,Post-Monsoon,Dhaka,23.71,90.41,26.82,31.06,22.62,8.4,28.1,23.8,84.9,1.25,7.27,314.8,1009.8,19.2,6.9,61,Moderate rain,26.82,31.06,22.62,1.25,84.94,7.27,314.8,1009.8,NASA POWER MERRA-2 (primary) + ERA5-normals sim (solar/sunshine/weather-code),295,2,2013,2310,33499,143,0.4269,DENV-2/DENV-3,Critical,DGHS/WHO/PMC anchored estimates (daily distribution),370.7,411.4,15.92,11.31,8.38,82.8,93.8,89.6
2025-10-18,2025,10,18,291,Post-Monsoon,Dhaka,23.71,90.41,27.2,31.36,23.4,8.0,28.5,24.2,85.2,0.32,7.67,354.9,1009.5,8.2,2.9,80,Rain showers,27.2,31.36,23.4,0.32,85.18,7.67,354.9,1009.5,NASA POWER MERRA-2 (primary) + ERA5-normals sim (solar/sunshine/weather-code),200,0,1963,2163,33699,143,0.4243,DENV-2/DENV-3,Critical,DGHS/WHO/PMC anchored estimates (daily distribution),375.1,375.4,14.74,9.2,3.96,85.8,92.0,90.2
2025-10-19,2025,10,19,292,Post-Monsoon,Dhaka,23.71,90.41,26.75,31.16,22.73,8.4,28.0,23.7,84.8,0.13,9.14,350.6,1008.8,16.1,4.1,3,Overcast,26.75,31.16,22.73,0.13,84.85,9.14,350.6,1008.8,NASA POWER MERRA-2 (primary) + ERA5-normals sim (solar/sunshine/weather-code),105,1,1816,1922,33804,144,0.426,DENV-2/DENV-3,High,DGHS/WHO/PMC anchored estimates (daily distribution),373.6,323.6,4.37,4.91,10.74,85.5,93.3,89.2
2025-10-20,2025,10,20,293,Post-Monsoon,Dhaka,23.71,90.41,26.5,30.92,22.83,8.1,27.8,23.6,85.3,0.05,9.79,345.5,1009.0,21.7,8.3,3,Overcast,26.5,30.92,22.83,0.05,85.29,9.79,345.5,1009.0,NASA POWER MERRA-2 (primary) + ERA5-normals sim (solar/sunshine/weather-code),313,1,1295,1609,34117,145,0.425,DENV-2/DENV-3,Critical,DGHS/WHO/PMC anchored estimates (daily distribution),368.7,312.8,0.67,24.61,3.42,85.9,91.0,86.7
2025-10-21,2025,10,21,294,Post-Monsoon,Dhaka,23.71,90.41,26.34,31.28,21.89,9.4,27.4,22.8,82.1,0.02,9.4,338.3,1009.8,15.4,9.2,3,Overcast,26.34,31.28,21.89,0.02,82.14,9.4,338.3,1009.8,NASA POWER MERRA-2 (primary) + ERA5-normals sim (solar/sunshine/weather-code),306,0,913,1219,34423,145,0.4212,DENV-2/DENV-3,Critical,DGHS/WHO/PMC anchored estimates (daily distribution),363.0,303.2,0.01,12.7,12.14,86.1,85.8,86.5
2025-10-22,2025,10,22,295,Post-Monsoon,Dhaka,23.71,90.41,26.88,31.79,22.34,9.4,27.9,22.8,79.7,0.01,7.42,329.6,1010.1,17.1,6.7,51,Light drizzle,26.88,31.79,22.34,0.01,79.67,7.42,329.6,1010.1,NASA POWER MERRA-2 (primary) + ERA5-normals sim (solar/sunshine/weather-code),169,0,924,1093,34592,145,0.4192,DENV-2/DENV-3,High,DGHS/WHO/PMC anchored estimates (daily distribution),297.7,301.9,0.03,23.24,50.43,82.7,86.7,93.1
2025-10-23,2025,10,23,296,Post-Monsoon,Dhaka,23.71,90.41,26.9,31.96,22.43,9.5,27.9,22.9,80.2,0.04,6.62,315.8,1009.7,23.1,6.7,3,Overcast,26.9,31.96,22.43,0.04,80.19,6.62,315.8,1009.7,NASA POWER MERRA-2 (primary) + ERA5-normals sim (solar/sunshine/weather-code),124,0,893,1017,34716,145,0.4177,DENV-2/DENV-3,High,DGHS/WHO/PMC anchored estimates (daily distribution),216.0,293.6,0.85,35.68,22.4,84.6,85.4,94.5
2025-10-24,2025,10,24,297,Post-Monsoon,Dhaka,23.71,90.41,26.55,30.56,22.67,7.9,27.5,22.5,79.9,0.05,6.44,299.7,1009.7,19.4,6.1,2,Partly cloudy,26.55,30.56,22.67,0.05,79.92,6.44,299.7,1009.7,NASA POWER MERRA-2 (primary) + ERA5-normals sim (solar/sunshine/weather-code),423,1,911,1335,35139,146,0.4155,DENV-2/DENV-3,Critical,DGHS/WHO/PMC anchored estimates (daily distribution),234.3,302.5,1.25,15.92,11.31,84.9,82.8,93.8
2025-10-25,2025,10,25,298,Post-Monsoon,Dhaka,23.71,90.41,26.54,30.57,22.87,7.7,27.5,22.5,79.9,0.0,5.98,352.6,1009.8,20.2,8.1,3,Overcast,26.54,30.57,22.87,0.0,79.87,5.98,352.6,1009.8,NASA POWER MERRA-2 (primary) + ERA5-normals sim (solar/sunshine/weather-code),262,2,1020,1284,35401,148,0.4181,DENV-2/DENV-3,Critical,DGHS/WHO/PMC anchored estimates (daily distribution),243.1,309.1,0.32,14.74,9.2,85.2,85.8,92.0
2025-10-26,2025,10,26,299,Post-Monsoon,Dhaka,23.71,90.41,26.43,30.5,22.28,8.2,27.4,22.3,79.2,0.0,6.12,8.7,1010.5,17.4,8.1,51,Light drizzle,26.43,30.5,22.28,0.0,79.25,6.12,8.7,1010.5,NASA POWER MERRA-2 (primary) + ERA5-normals sim (solar/sunshine/weather-code),95,0,978,1073,35496,148,0.4169,DENV-2/DENV-3,High,DGHS/WHO/PMC anchored estimates (daily distribution),241.7,307.6,0.13,4.37,4.91,84.8,85.5,93.3
2025-10-27,2025,10,27,300,Post-Monsoon,Dhaka,23.71,90.41,26.67,30.96,22.22,8.7,27.7,22.8,80.6,0.0,7.74,16.9,1011.1,17.5,8.1,61,Moderate rain,26.67,30.96,22.22,0.0,80.57,7.74,16.9,1011.1,NASA POWER MERRA-2 (primary) + ERA5-normals sim (solar/sunshine/weather-code),87,1,903,991,35583,149,0.4187,DENV-2/DENV-3,High,DGHS/WHO/PMC anchored estimates (daily distribution),209.4,289.1,0.05,0.67,24.61,85.3,85.9,91.0
2025-10-28,2025,10,28,301,Post-Monsoon,Dhaka,23.71,90.41,28.08,32.24,23.86,8.4,28.8,22.8,73.4,0.05,4.43,357.2,1010.5,18.7,7.4,61,Moderate rain,28.08,32.24,23.86,0.05,73.39,4.43,357.2,1010.5,NASA POWER MERRA-2 (primary) + ERA5-normals sim (solar/sunshine/weather-code),598,1,866,1465,36181,150,0.4146,DENV-2/DENV-3,Critical,DGHS/WHO/PMC anchored estimates (daily distribution),251.1,307.1,0.02,0.01,12.7,82.1,86.1,85.8
2025-10-29,2025,10,29,302,Post-Monsoon,Dhaka,23.71,90.41,28.24,31.79,24.55,7.2,29.0,23.1,74.5,6.22,2.05,101.0,1010.3,13.8,6.8,2,Partly cloudy,28.24,31.79,24.55,6.22,74.46,2.05,101.0,1010.3,NASA POWER MERRA-2 (primary) + ERA5-normals sim (solar/sunshine/weather-code),555,2,1040,1597,36736,152,0.4138,DENV-2/DENV-3,Critical,DGHS/WHO/PMC anchored estimates (daily distribution),306.3,302.0,0.01,0.03,23.24,79.7,82.7,86.7
2025-10-30,2025,10,30,303,Post-Monsoon,Dhaka,23.71,90.41,27.71,31.37,24.26,7.1,28.8,24.0,81.6,15.3,5.33,124.6,1010.5,17.7,6.5,61,Moderate rain,27.71,31.37,24.26,15.3,81.63,5.33,124.6,1010.5,NASA POWER MERRA-2 (primary) + ERA5-normals sim (solar/sunshine/weather-code),254,0,1335,1589,36990,152,0.4109,DENV-2/DENV-3,Critical,DGHS/WHO/PMC anchored estimates (daily distribution),324.9,270.4,0.04,0.85,35.68,80.2,84.6,85.4
2025-10-31,2025,10,31,304,Post-Monsoon,Dhaka,23.71,90.41,28.02,31.26,25.03,6.2,29.2,24.8,84.1,2.67,5.65,226.7,1009.4,15.8,5.6,61,Moderate rain,28.02,31.26,25.03,2.67,84.1,5.65,226.7,1009.4,NASA POWER MERRA-2 (primary) + ERA5-normals sim (solar/sunshine/weather-code),267,1,1493,1761,37257,153,0.4107,DENV-2/DENV-3,Critical,DGHS/WHO/PMC anchored estimates (daily distribution),302.6,268.4,0.05,1.25,15.92,79.9,84.9,82.8
2025-11-01,2025,11,1,305,Post-Monsoon,Dhaka,23.71,90.41,27.21,30.04,25.4,4.6,28.7,25.2,89.7,8.3,8.32,197.7,1007.7,21.2,5.6,2,Partly cloudy,27.21,30.04,25.4,8.3,89.68,8.32,197.7,1007.7,NASA POWER MERRA-2 (primary) + ERA5-normals sim (solar/sunshine/weather-code),144,0,1674,1818,37401,153,0.4091,DENV-2/DENV-3,High,DGHS/WHO/PMC anchored estimates (daily distribution),285.7,264.4,0.0,0.32,14.74,79.9,85.2,85.8
2025-11-02,2025,11,2,306,Post-Monsoon,Dhaka,23.71,90.41,26.47,29.48,24.01,5.5,28.0,24.4,89.8,33.64,8.68,268.8,1007.4,16.5,6.0,3,Overcast,26.47,29.48,24.01,33.64,89.78,8.68,268.8,1007.4,NASA POWER MERRA-2 (primary) + ERA5-normals sim (solar/sunshine/weather-code),129,0,1220,1349,37530,153,0.4077,DENV-2/DENV-3,High,DGHS/WHO/PMC anchored estimates (daily distribution),290.6,266.1,0.0,0.13,4.37,79.2,84.8,85.5
2025-11-03,2025,11,3,307,Post-Monsoon,Dhaka,23.71,90.41,24.95,28.4,22.51,5.9,26.4,22.6,88.2,1.81,13.14,326.0,1007.7,15.6,7.6,2,Partly cloudy,24.95,28.4,22.51,1.81,88.23,13.14,326.0,1007.7,NASA POWER MERRA-2 (primary) + ERA5-normals sim (solar/sunshine/weather-code),120,0,794,914,37650,153,0.4064,DENV-2/DENV-3,High,DGHS/WHO/PMC anchored estimates (daily distribution),295.3,252.4,0.0,0.05,0.67,80.6,85.3,85.9
2025-11-04,2025,11,4,308,Post-Monsoon,Dhaka,23.71,90.41,24.87,29.46,20.7,8.8,26.2,22.1,86.3,1.0,11.99,324.7,1006.8,14.5,8.8,2,Partly cloudy,24.87,29.46,20.7,1.0,86.26,11.99,324.7,1006.8,NASA POWER MERRA-2 (primary) + ERA5-normals sim (solar/sunshine/weather-code),67,2,658,727,37717,155,0.411,DENV-2/DENV-3,Moderate,DGHS/WHO/PMC anchored estimates (daily distribution),219.4,235.3,0.05,0.02,0.01,73.4,82.1,86.1
2025-11-05,2025,11,5,309,Post-Monsoon,Dhaka,23.71,90.41,25.11,28.39,22.55,5.8,26.5,22.8,88.5,3.81,9.86,283.7,1005.6,20.1,9.6,61,Moderate rain,25.11,28.39,22.55,3.81,88.5,9.86,283.7,1005.6,NASA POWER MERRA-2 (primary) + ERA5-normals sim (solar/sunshine/weather-code),94,0,460,554,37811,155,0.4099,DENV-2/DENV-3,High,DGHS/WHO/PMC anchored estimates (daily distribution),153.6,229.9,6.22,0.01,0.03,74.5,79.7,82.7
2025-11-06,2025,11,6,310,Post-Monsoon,Dhaka,23.71,90.41,25.67,29.47,22.12,7.3,26.9,22.6,84.5,1.21,6.05,287.6,1007.8,19.8,8.3,51,Light drizzle,25.67,29.47,22.12,1.21,84.46,6.05,287.6,1007.8,NASA POWER MERRA-2 (primary) + ERA5-normals sim (solar/sunshine/weather-code),90,0,410,500,37901,155,0.409,DENV-2/DENV-3,High,DGHS/WHO/PMC anchored estimates (daily distribution),130.1,227.5,15.3,0.04,0.85,81.6,80.2,84.6
2025-11-07,2025,11,7,311,Post-Monsoon,Dhaka,23.71,90.41,24.86,28.88,21.82,7.1,26.2,22.2,86.7,0.02,11.74,352.5,1009.7,13.7,10.2,3,Overcast,24.86,28.88,21.82,0.02,86.71,11.74,352.5,1009.7,NASA POWER MERRA-2 (primary) + ERA5-normals sim (solar/sunshine/weather-code),92,0,371,463,37993,155,0.408,DENV-2/DENV-3,High,DGHS/WHO/PMC anchored estimates (daily distribution),105.1,203.9,2.67,0.05,1.25,84.1,79.9,84.9
2025-11-08,2025,11,8,312,Post-Monsoon,Dhaka,23.71,90.41,23.43,28.68,19.97,8.7,24.8,20.8,87.0,0.0,14.36,332.1,1010.5,16.0,9.1,3,Overcast,23.43,28.68,19.97,0.0,87.0,14.36,332.1,1010.5,NASA POWER MERRA-2 (primary) + ERA5-normals sim (solar/sunshine/weather-code),83,0,343,426,38076,155,0.4071,DENV-2/DENV-3,High,DGHS/WHO/PMC anchored estimates (daily distribution),96.4,191.1,8.3,0.0,0.32,89.7,79.9,85.2
2025-11-09,2025,11,9,313,Post-Monsoon,Dhaka,23.71,90.41,22.14,27.13,18.03,9.1,23.5,19.6,87.1,0.0,12.06,317.0,1009.7,17.6,8.1,61,Moderate rain,22.14,27.13,18.03,0.0,87.14,12.06,317.0,1009.7,NASA POWER MERRA-2 (primary) + ERA5-normals sim (solar/sunshine/weather-code),41,1,358,400,38117,156,0.4093,DENV-2/DENV-3,Moderate,DGHS/WHO/PMC anchored estimates (daily distribution),83.9,187.2,33.64,0.0,0.13,89.8,79.2,84.8
2025-11-10,2025,11,10,314,Post-Monsoon,Dhaka,23.71,90.41,22.4,27.64,18.24,9.4,23.7,19.8,86.9,0.0,10.33,322.6,1010.4,16.5,7.7,3,Overcast,22.4,27.64,18.24,0.0,86.93,10.33,322.6,1010.4,NASA POWER MERRA-2 (primary) + ERA5-normals sim (solar/sunshine/weather-code),39,0,306,345,38156,156,0.4088,DENV-2/DENV-3,Moderate,DGHS/WHO/PMC anchored estimates (daily distribution),72.3,183.8,1.81,0.0,0.05,88.2,80.6,85.3
2025-11-11,2025,11,11,315,Post-Monsoon,Dhaka,23.71,90.41,21.1,26.06,17.46,8.6,22.3,18.0,84.4,0.0,11.41,327.6,1011.0,20.9,8.3,2,Partly cloudy,21.1,26.06,17.46,0.0,84.36,11.41,327.6,1011.0,NASA POWER MERRA-2 (primary) + ERA5-normals sim (solar/sunshine/weather-code),48,0,255,303,38204,156,0.4083,DENV-2/DENV-3,Moderate,DGHS/WHO/PMC anchored estimates (daily distribution),69.6,144.5,1.0,0.05,0.02,86.3,73.4,82.1
2025-11-12,2025,11,12,316,Post-Monsoon,Dhaka,23.71,90.41,20.26,25.94,15.34,10.6,21.3,16.3,80.3,0.0,10.26,334.1,1012.2,18.0,8.2,3,Overcast,20.26,25.94,15.34,0.0,80.28,10.26,334.1,1012.2,NASA POWER MERRA-2 (primary) + ERA5-normals sim (solar/sunshine/weather-code),61,0,211,272,38265,156,0.4077,DENV-2/DENV-3,Moderate,DGHS/WHO/PMC anchored estimates (daily distribution),64.9,109.2,3.81,6.22,0.01,88.5,74.5,79.7
2025-11-13,2025,11,13,317,Post-Monsoon,Dhaka,23.71,90.41,20.31,26.21,14.93,11.3,21.3,16.4,80.6,0.0,8.75,332.8,1013.5,19.4,7.0,3,Overcast,20.31,26.21,14.93,0.0,80.6,8.75,332.8,1013.5,NASA POWER MERRA-2 (primary) + ERA5-normals sim (solar/sunshine/weather-code),95,0,189,284,38360,156,0.4067,DENV-2/DENV-3,High,DGHS/WHO/PMC anchored estimates (daily distribution),65.6,97.9,1.21,15.3,0.04,84.5,81.6,80.2
2025-11-14,2025,11,14,318,Post-Monsoon,Dhaka,23.71,90.41,20.74,25.99,15.2,10.8,21.6,16.3,77.8,0.0,7.63,337.7,1013.3,24.6,6.5,2,Partly cloudy,20.74,25.99,15.2,0.0,77.85,7.63,337.7,1013.3,NASA POWER MERRA-2 (primary) + ERA5-normals sim (solar/sunshine/weather-code),203,0,243,446,38563,156,0.4045,DENV-2/DENV-3,Critical,DGHS/WHO/PMC anchored estimates (daily distribution),81.4,93.3,0.02,2.67,0.05,86.7,84.1,79.9
2025-11-15,2025,11,15,319,Post-Monsoon,Dhaka,23.71,90.41,20.58,26.34,15.18,11.2,21.5,16.4,79.0,0.0,9.4,343.5,1014.3,18.3,6.3,2,Partly cloudy,20.58,26.34,15.18,0.0,79.01,9.4,343.5,1014.3,NASA POWER MERRA-2 (primary) + ERA5-normals sim (solar/sunshine/weather-code),131,0,407,538,38694,156,0.4032,DENV-2/DENV-3,High,DGHS/WHO/PMC anchored estimates (daily distribution),88.3,92.4,0.0,8.3,0.0,87.0,89.7,79.9
2025-11-16,2025,11,16,320,Post-Monsoon,Dhaka,23.71,90.41,20.49,26.34,15.18,11.2,21.4,16.0,77.6,0.0,8.5,350.6,1015.4,14.8,7.3,3,Overcast,20.49,26.34,15.18,0.0,77.56,8.5,350.6,1015.4,NASA POWER MERRA-2 (primary) + ERA5-normals sim (solar/sunshine/weather-code),104,1,489,594,38798,157,0.4047,DENV-2/DENV-3,High,DGHS/WHO/PMC anchored estimates (daily distribution),97.3,90.6,0.0,33.64,0.0,87.1,89.8,79.2
2025-11-17,2025,11,17,321,Post-Monsoon,Dhaka,23.71,90.41,21.31,27.07,15.2,11.9,22.2,16.7,77.0,0.0,7.6,349.1,1015.0,14.0,6.8,3,Overcast,21.31,27.07,15.2,0.0,76.95,7.6,349.1,1015.0,NASA POWER MERRA-2 (primary) + ERA5-normals sim (solar/sunshine/weather-code),132,2,531,665,38930,159,0.4084,DENV-2/DENV-3,High,DGHS/WHO/PMC anchored estimates (daily distribution),110.6,91.4,0.0,1.81,0.0,86.9,88.2,80.6
2025-11-18,2025,11,18,322,Post-Monsoon,Dhaka,23.71,90.41,21.79,27.29,16.54,10.8,22.9,18.4,83.0,0.0,9.47,4.9,1013.6,18.6,8.1,2,Partly cloudy,21.79,27.29,16.54,0.0,83.03,9.47,4.9,1013.6,NASA POWER MERRA-2 (primary) + ERA5-normals sim (solar/sunshine/weather-code),126,1,569,696,39056,160,0.4097,DENV-2/DENV-3,High,DGHS/WHO/PMC anchored estimates (daily distribution),121.7,95.6,0.0,1.0,0.05,84.4,86.3,73.4
2025-11-19,2025,11,19,323,Post-Monsoon,Dhaka,23.71,90.41,21.36,26.76,16.36,10.4,22.1,16.4,75.2,0.0,9.83,346.3,1013.8,17.5,8.7,3,Overcast,21.36,26.76,16.36,0.0,75.15,9.83,346.3,1013.8,NASA POWER MERRA-2 (primary) + ERA5-normals sim (solar/sunshine/weather-code),65,1,492,558,39121,161,0.4115,DENV-2/DENV-3,Moderate,DGHS/WHO/PMC anchored estimates (daily distribution),122.3,93.6,0.0,3.81,6.22,80.3,88.5,74.5
2025-11-20,2025,11,20,324,Post-Monsoon,Dhaka,23.71,90.41,20.99,26.53,15.93,10.6,21.8,16.4,77.1,0.0,8.64,346.4,1014.6,15.8,5.5,51,Light drizzle,20.99,26.53,15.93,0.0,77.09,8.64,346.4,1014.6,NASA POWER MERRA-2 (primary) + ERA5-normals sim (solar/sunshine/weather-code),141,0,427,568,39262,161,0.4101,DENV-2/DENV-3,High,DGHS/WHO/PMC anchored estimates (daily distribution),128.9,97.2,0.0,1.21,15.3,80.6,84.5,81.6
2025-11-21,2025,11,21,325,Post-Monsoon,Dhaka,23.71,90.41,20.87,25.72,17.18,8.5,21.6,15.7,74.2,0.0,6.7,313.8,1015.4,21.9,6.1,3,Overcast,20.87,25.72,17.18,0.0,74.15,6.7,313.8,1015.4,NASA POWER MERRA-2 (primary) + ERA5-normals sim (solar/sunshine/weather-code),158,0,464,622,39420,161,0.4084,DENV-2/DENV-3,High,DGHS/WHO/PMC anchored estimates (daily distribution),122.4,101.9,0.0,0.02,2.67,77.8,86.7,84.1
2025-11-22,2025,11,22,326,Post-Monsoon,Dhaka,23.71,90.41,20.38,25.47,15.15,10.3,21.3,16.1,78.5,0.0,7.27,322.9,1014.7,19.3,9.0,3,Overcast,20.38,25.47,15.15,0.0,78.49,7.27,322.9,1014.7,NASA POWER MERRA-2 (primary) + ERA5-normals sim (solar/sunshine/weather-code),109,0,490,599,39529,161,0.4073,DENV-2/DENV-3,High,DGHS/WHO/PMC anchored estimates (daily distribution),119.3,103.8,0.0,0.0,8.3,79.0,87.0,89.7
2025-11-23,2025,11,23,327,Post-Monsoon,Dhaka,23.71,90.41,20.03,25.19,15.87,9.3,21.0,15.9,79.3,0.0,8.03,346.9,1015.1,18.5,8.0,2,Partly cloudy,20.03,25.19,15.87,0.0,79.26,8.03,346.9,1015.1,NASA POWER MERRA-2 (primary) + ERA5-normals sim (solar/sunshine/weather-code),51,1,472,524,39580,162,0.4093,DENV-2/DENV-3,Moderate,DGHS/WHO/PMC anchored estimates (daily distribution),111.7,104.5,0.0,0.0,33.64,77.6,87.1,89.8
2025-11-24,2025,11,24,328,Post-Monsoon,Dhaka,23.71,90.41,18.76,24.48,14.22,10.3,20.0,15.7,84.8,0.0,12.46,352.5,1015.3,15.3,7.3,3,Overcast,18.76,24.48,14.22,0.0,84.75,12.46,352.5,1015.3,NASA POWER MERRA-2 (primary) + ERA5-normals sim (solar/sunshine/weather-code),65,0,459,524,39645,162,0.4086,DENV-2/DENV-3,Moderate,DGHS/WHO/PMC anchored estimates (daily distribution),102.1,106.4,0.0,0.0,1.81,77.0,86.9,88.2
2025-11-25,2025,11,25,329,Post-Monsoon,Dhaka,23.71,90.41,19.23,25.3,13.79,11.5,20.4,15.9,83.4,0.0,9.83,327.9,1014.1,16.2,8.6,2,Partly cloudy,19.23,25.3,13.79,0.0,83.43,9.83,327.9,1014.1,NASA POWER MERRA-2 (primary) + ERA5-normals sim (solar/sunshine/weather-code),32,0,383,415,39677,162,0.4083,DENV-2/DENV-3,Moderate,DGHS/WHO/PMC anchored estimates (daily distribution),88.7,105.2,0.0,0.0,1.0,83.0,84.4,86.3
2025-11-26,2025,11,26,330,Post-Monsoon,Dhaka,23.71,90.41,19.72,25.47,14.13,11.3,20.7,15.7,79.9,0.0,8.32,357.6,1014.8,20.1,7.5,3,Overcast,19.72,25.47,14.13,0.0,79.89,8.32,357.6,1014.8,NASA POWER MERRA-2 (primary) + ERA5-normals sim (solar/sunshine/weather-code),139,1,256,396,39816,163,0.4094,DENV-2/DENV-3,High,DGHS/WHO/PMC anchored estimates (daily distribution),99.3,110.8,0.0,0.0,3.81,75.2,80.3,88.5
2025-11-27,2025,11,27,331,Post-Monsoon,Dhaka,23.71,90.41,20.24,25.93,14.11,11.8,21.2,16.3,80.1,0.0,8.24,17.0,1015.6,25.3,6.8,61,Moderate rain,20.24,25.93,14.11,0.0,80.1,8.24,17.0,1015.6,NASA POWER MERRA-2 (primary) + ERA5-normals sim (solar/sunshine/weather-code),77,0,287,364,39893,163,0.4086,DENV-2/DENV-3,Moderate,DGHS/WHO/PMC anchored estimates (daily distribution),90.1,109.5,0.0,0.0,1.21,77.1,80.6,84.5
2025-11-28,2025,11,28,332,Post-Monsoon,Dhaka,23.71,90.41,20.25,25.8,15.18,10.6,21.2,16.2,79.5,0.0,6.62,345.6,1014.5,14.3,7.3,3,Overcast,20.25,25.8,15.18,0.0,79.49,6.62,345.6,1014.5,NASA POWER MERRA-2 (primary) + ERA5-normals sim (solar/sunshine/weather-code),61,0,313,374,39954,163,0.408,DENV-2/DENV-3,Moderate,DGHS/WHO/PMC anchored estimates (daily distribution),76.3,99.4,0.0,0.0,0.02,74.2,77.8,86.7
2025-11-29,2025,11,29,333,Post-Monsoon,Dhaka,23.71,90.41,20.38,25.85,15.12,10.7,20.8,14.0,68.2,0.0,4.5,331.0,1013.0,18.1,7.2,3,Overcast,20.38,25.85,15.12,0.0,68.2,4.5,331.0,1013.0,NASA POWER MERRA-2 (primary) + ERA5-normals sim (solar/sunshine/weather-code),144,1,308,453,40098,164,0.409,DENV-2/DENV-3,High,DGHS/WHO/PMC anchored estimates (daily distribution),81.3,100.3,0.0,0.0,0.0,78.5,79.0,87.0
2025-11-30,2025,11,30,334,Post-Monsoon,Dhaka,23.71,90.41,20.01,25.57,14.82,10.8,20.7,14.9,74.6,0.0,6.59,354.8,1012.7,15.2,7.4,61,Moderate rain,20.01,25.57,14.82,0.0,74.62,6.59,354.8,1012.7,NASA POWER MERRA-2 (primary) + ERA5-normals sim (solar/sunshine/weather-code),142,0,421,563,40240,164,0.4076,DENV-2/DENV-3,High,DGHS/WHO/PMC anchored estimates (daily distribution),94.3,103.0,0.0,0.0,0.0,79.3,77.6,87.1
2025-12-01,2025,12,1,335,Dry Winter,Dhaka,23.71,90.41,19.36,24.56,14.79,9.8,20.7,16.7,86.9,0.0,8.46,350.0,1012.9,17.3,7.4,0,Clear sky,19.36,24.56,14.79,0.0,86.9,8.46,350.0,1012.9,NASA POWER MERRA-2 (primary) + ERA5-normals sim (solar/sunshine/weather-code),23,0,424,447,40263,164,0.4073,DENV-2/DENV-3,Moderate,DGHS/WHO/PMC anchored estimates (daily distribution),88.3,95.2,0.0,0.0,0.0,84.8,77.0,86.9
2025-12-02,2025,12,2,336,Dry Winter,Dhaka,23.71,90.41,19.2,23.67,15.21,8.5,20.3,15.6,81.8,0.0,9.47,339.9,1013.0,15.5,7.6,0,Clear sky,19.2,23.67,15.21,0.0,81.76,9.47,339.9,1013.0,NASA POWER MERRA-2 (primary) + ERA5-normals sim (solar/sunshine/weather-code),45,0,370,415,40308,164,0.4069,DENV-2/DENV-3,Moderate,DGHS/WHO/PMC anchored estimates (daily distribution),90.1,89.4,0.0,0.0,0.0,83.4,83.0,84.4
2025-12-03,2025,12,3,337,Dry Winter,Dhaka,23.71,90.41,18.14,23.62,14.06,9.6,19.2,14.3,80.9,0.0,10.48,336.2,1014.7,19.3,6.3,0,Clear sky,18.14,23.62,14.06,0.0,80.88,10.48,336.2,1014.7,NASA POWER MERRA-2 (primary) + ERA5-normals sim (solar/sunshine/weather-code),22,0,354,376,40330,164,0.4066,DENV-2/DENV-3,Moderate,DGHS/WHO/PMC anchored estimates (daily distribution),73.4,86.4,0.0,0.0,0.0,79.9,75.2,80.3
2025-12-04,2025,12,4,338,Dry Winter,Dhaka,23.71,90.41,18.31,24.6,12.77,11.8,19.6,15.3,85.0,0.0,10.04,347.5,1015.2,15.5,6.0,0,Clear sky,18.31,24.6,12.77,0.0,85.02,10.04,347.5,1015.2,NASA POWER MERRA-2 (primary) + ERA5-normals sim (solar/sunshine/weather-code),22,0,232,254,40352,164,0.4064,DENV-2/DENV-3,Moderate,DGHS/WHO/PMC anchored estimates (daily distribution),65.6,77.9,0.0,0.0,0.0,80.1,77.1,80.6
2025-12-05,2025,12,5,339,Dry Winter,Dhaka,23.71,90.41,18.28,24.82,12.94,11.9,19.6,15.4,85.6,0.0,10.33,340.3,1016.1,17.0,7.4,0,Clear sky,18.28,24.82,12.94,0.0,85.55,10.33,340.3,1016.1,NASA POWER MERRA-2 (primary) + ERA5-normals sim (solar/sunshine/weather-code),13,0,112,125,40365,164,0.4063,DENV-2/DENV-3,Watch,DGHS/WHO/PMC anchored estimates (daily distribution),58.7,67.5,0.0,0.0,0.0,79.5,74.2,77.8
2025-12-06,2025,12,6,340,Dry Winter,Dhaka,23.71,90.41,17.78,24.67,12.42,12.3,18.8,13.9,80.8,0.0,10.22,332.7,1015.8,14.2,9.5,0,Clear sky,17.78,24.67,12.42,0.0,80.78,10.22,332.7,1015.8,NASA POWER MERRA-2 (primary) + ERA5-normals sim (solar/sunshine/weather-code),30,0,102,132,40395,164,0.406,DENV-2/DENV-3,Moderate,DGHS/WHO/PMC anchored estimates (daily distribution),42.4,61.9,0.0,0.0,0.0,68.2,78.5,79.0
2025-12-07,2025,12,7,341,Dry Winter,Dhaka,23.71,90.41,17.68,23.53,12.37,11.2,18.9,14.4,83.6,0.0,9.58,333.0,1015.8,21.6,7.1,0,Clear sky,17.68,23.53,12.37,0.0,83.57,9.58,333.0,1015.8,NASA POWER MERRA-2 (primary) + ERA5-normals sim (solar/sunshine/weather-code),30,1,86,117,40425,165,0.4082,DENV-2/DENV-3,Moderate,DGHS/WHO/PMC anchored estimates (daily distribution),26.4,60.4,0.0,0.0,0.0,74.6,79.3,77.6
2025-12-08,2025,12,8,342,Dry Winter,Dhaka,23.71,90.41,18.21,23.86,13.42,10.4,19.4,14.8,82.8,0.0,8.21,337.6,1014.9,18.9,7.1,1,Mainly clear,18.21,23.86,13.42,0.0,82.84,8.21,337.6,1014.9,NASA POWER MERRA-2 (primary) + ERA5-normals sim (solar/sunshine/weather-code),52,0,95,147,40477,165,0.4076,DENV-2/DENV-3,Moderate,DGHS/WHO/PMC anchored estimates (daily distribution),30.6,59.4,0.0,0.0,0.0,86.9,84.8,77.0
2025-12-09,2025,12,9,343,Dry Winter,Dhaka,23.71,90.41,19.24,24.38,14.36,10.0,20.0,14.4,75.8,0.0,6.7,345.9,1014.4,19.8,7.5,0,Clear sky,19.24,24.38,14.36,0.0,75.8,6.7,345.9,1014.4,NASA POWER MERRA-2 (primary) + ERA5-normals sim (solar/sunshine/weather-code),31,0,125,156,40508,165,0.4073,DENV-2/DENV-3,Moderate,DGHS/WHO/PMC anchored estimates (daily distribution),28.6,59.4,0.0,0.0,0.0,81.8,83.4,83.0
2025-12-10,2025,12,10,344,Dry Winter,Dhaka,23.71,90.41,18.98,25.27,13.93,11.3,19.9,14.6,77.9,0.0,8.6,350.8,1014.8,20.3,6.5,1,Mainly clear,18.98,25.27,13.93,0.0,77.92,8.6,350.8,1014.8,NASA POWER MERRA-2 (primary) + ERA5-normals sim (solar/sunshine/weather-code),58,0,143,201,40566,165,0.4067,DENV-2/DENV-3,Moderate,DGHS/WHO/PMC anchored estimates (daily distribution),33.7,53.6,0.0,0.0,0.0,80.9,79.9,75.2
2025-12-11,2025,12,11,345,Dry Winter,Dhaka,23.71,90.41,18.1,24.32,12.34,12.0,19.0,13.9,78.9,0.0,8.21,328.9,1014.3,14.7,6.0,1,Mainly clear,18.1,24.32,12.34,0.0,78.93,8.21,328.9,1014.3,NASA POWER MERRA-2 (primary) + ERA5-normals sim (solar/sunshine/weather-code),26,0,171,197,40592,165,0.4065,DENV-2/DENV-3,Moderate,DGHS/WHO/PMC anchored estimates (daily distribution),34.3,49.9,0.0,0.0,0.0,85.0,80.1,77.1
2025-12-12,2025,12,12,346,Dry Winter,Dhaka,23.71,90.41,18.92,24.87,13.16,11.7,19.5,13.2,71.5,0.0,5.29,354.7,1013.8,19.2,7.5,0,Clear sky,18.92,24.87,13.16,0.0,71.54,5.29,354.7,1013.8,NASA POWER MERRA-2 (primary) + ERA5-normals sim (solar/sunshine/weather-code),20,0,167,187,40612,165,0.4063,DENV-2/DENV-3,Moderate,DGHS/WHO/PMC anchored estimates (daily distribution),35.3,47.0,0.0,0.0,0.0,85.6,79.5,74.2
2025-12-13,2025,12,13,347,Dry Winter,Dhaka,23.71,90.41,19.45,26.22,12.87,13.4,20.2,14.4,74.5,0.0,7.02,35.8,1014.4,18.3,9.1,0,Clear sky,19.45,26.22,12.87,0.0,74.52,7.02,35.8,1014.4,NASA POWER MERRA-2 (primary) + ERA5-normals sim (solar/sunshine/weather-code),12,0,135,147,40624,165,0.4062,DENV-2/DENV-3,Watch,DGHS/WHO/PMC anchored estimates (daily distribution),32.7,37.6,0.0,0.0,0.0,80.8,68.2,78.5
2025-12-14,2025,12,14,348,Dry Winter,Dhaka,23.71,90.41,19.47,25.82,13.74,12.1,20.3,14.8,76.7,0.0,7.96,16.3,1015.0,14.2,8.9,1,Mainly clear,19.47,25.82,13.74,0.0,76.69,7.96,16.3,1015.0,NASA POWER MERRA-2 (primary) + ERA5-normals sim (solar/sunshine/weather-code),14,0,116,130,40638,165,0.406,DENV-2/DENV-3,Watch,DGHS/WHO/PMC anchored estimates (daily distribution),30.4,28.4,0.0,0.0,0.0,83.6,74.6,79.3
2025-12-15,2025,12,15,349,Dry Winter,Dhaka,23.71,90.41,18.98,25.21,13.59,11.6,19.9,14.6,77.9,0.0,7.67,338.1,1014.6,15.2,8.0,0,Clear sky,18.98,25.21,13.59,0.0,77.91,7.67,338.1,1014.6,NASA POWER MERRA-2 (primary) + ERA5-normals sim (solar/sunshine/weather-code),11,0,72,83,40649,165,0.4059,DENV-2/DENV-3,Watch,DGHS/WHO/PMC anchored estimates (daily distribution),24.6,27.6,0.0,0.0,0.0,82.8,86.9,84.8
2025-12-16,2025,12,16,350,Dry Winter,Dhaka,23.71,90.41,18.85,24.94,13.2,11.7,19.8,14.6,78.6,0.15,8.28,322.8,1014.0,17.2,7.3,61,Moderate rain,18.85,24.94,13.2,0.15,78.64,8.28,322.8,1014.0,NASA POWER MERRA-2 (primary) + ERA5-normals sim (solar/sunshine/weather-code),29,0,57,86,40678,165,0.4056,DENV-2/DENV-3,Moderate,DGHS/WHO/PMC anchored estimates (daily distribution),24.3,26.4,0.0,0.0,0.0,75.8,81.8,83.4
2025-12-17,2025,12,17,351,Dry Winter,Dhaka,23.71,90.41,18.37,24.67,12.67,12.0,19.3,14.0,78.3,0.0,9.22,352.2,1015.0,13.3,8.7,0,Clear sky,18.37,24.67,12.67,0.0,78.26,9.22,352.2,1015.0,NASA POWER MERRA-2 (primary) + ERA5-normals sim (solar/sunshine/weather-code),27,0,66,93,40705,165,0.4054,DENV-2/DENV-3,Moderate,DGHS/WHO/PMC anchored estimates (daily distribution),19.9,26.8,0.0,0.0,0.0,77.9,80.9,79.9
2025-12-18,2025,12,18,352,Dry Winter,Dhaka,23.71,90.41,19.92,26.32,13.71,12.6,20.7,15.2,76.5,0.0,6.08,13.5,1014.7,13.8,8.4,0,Clear sky,19.92,26.32,13.71,0.0,76.49,6.08,13.5,1014.7,NASA POWER MERRA-2 (primary) + ERA5-normals sim (solar/sunshine/weather-code),14,0,81,95,40719,165,0.4052,DENV-2/DENV-3,Watch,DGHS/WHO/PMC anchored estimates (daily distribution),18.1,26.2,0.0,0.0,0.0,78.9,85.0,80.1
2025-12-19,2025,12,19,353,Dry Winter,Dhaka,23.71,90.41,19.9,24.9,15.32,9.6,20.8,15.3,77.0,0.0,4.57,345.6,1013.1,17.4,6.4,1,Mainly clear,19.9,24.9,15.32,0.0,76.96,4.57,345.6,1013.1,NASA POWER MERRA-2 (primary) + ERA5-normals sim (solar/sunshine/weather-code),26,0,81,107,40745,165,0.405,DENV-2/DENV-3,Moderate,DGHS/WHO/PMC anchored estimates (daily distribution),19.0,27.1,0.0,0.0,0.0,71.5,85.6,79.5
2025-12-20,2025,12,20,354,Dry Winter,Dhaka,23.71,90.41,18.87,24.43,14.21,10.2,19.9,14.9,80.3,0.0,8.06,359.2,1012.9,17.3,5.8,1,Mainly clear,18.87,24.43,14.21,0.0,80.34,8.06,359.2,1012.9,NASA POWER MERRA-2 (primary) + ERA5-normals sim (solar/sunshine/weather-code),44,0,96,140,40789,165,0.4045,DENV-2/DENV-3,Moderate,DGHS/WHO/PMC anchored estimates (daily distribution),23.6,28.1,0.0,0.0,0.0,74.5,80.8,68.2
2025-12-21,2025,12,21,355,Dry Winter,Dhaka,23.71,90.41,18.15,24.23,12.8,11.4,19.2,14.5,81.7,0.0,8.1,353.4,1014.5,19.3,7.5,0,Clear sky,18.15,24.23,12.8,0.0,81.73,8.1,353.4,1014.5,NASA POWER MERRA-2 (primary) + ERA5-normals sim (solar/sunshine/weather-code),29,0,111,140,40818,165,0.4042,DENV-2/DENV-3,Moderate,DGHS/WHO/PMC anchored estimates (daily distribution),25.7,28.1,0.0,0.0,0.0,76.7,83.6,74.6
2025-12-22,2025,12,22,356,Dry Winter,Dhaka,23.71,90.41,18.06,24.37,12.92,11.5,19.1,14.3,81.2,0.0,8.14,343.0,1013.8,20.2,8.3,0,Clear sky,18.06,24.37,12.92,0.0,81.24,8.14,343.0,1013.8,NASA POWER MERRA-2 (primary) + ERA5-normals sim (solar/sunshine/weather-code),16,0,113,129,40834,165,0.4041,DENV-2/DENV-3,Watch,DGHS/WHO/PMC anchored estimates (daily distribution),26.4,25.5,0.0,0.0,0.0,77.9,82.8,86.9
2025-12-23,2025,12,23,357,Dry Winter,Dhaka,23.71,90.41,17.7,23.5,13.42,10.1,18.9,14.4,83.5,0.0,9.4,321.5,1012.6,13.7,5.9,0,Clear sky,17.7,23.5,13.42,0.0,83.5,9.4,321.5,1012.6,NASA POWER MERRA-2 (primary) + ERA5-normals sim (solar/sunshine/weather-code),15,0,115,130,40849,165,0.4039,DENV-2/DENV-3,Watch,DGHS/WHO/PMC anchored estimates (daily distribution),24.4,24.4,0.15,0.0,0.0,78.6,75.8,81.8
2025-12-24,2025,12,24,358,Dry Winter,Dhaka,23.71,90.41,16.95,23.34,12.22,11.1,18.1,13.6,83.0,0.0,9.72,332.3,1013.1,13.7,8.9,1,Mainly clear,16.95,23.34,12.22,0.0,82.99,9.72,332.3,1013.1,NASA POWER MERRA-2 (primary) + ERA5-normals sim (solar/sunshine/weather-code),25,0,104,129,40874,165,0.4037,DENV-2/DENV-3,Moderate,DGHS/WHO/PMC anchored estimates (daily distribution),24.1,22.0,0.0,0.0,0.0,78.3,77.9,80.9
2025-12-25,2025,12,25,359,Dry Winter,Dhaka,23.71,90.41,15.9,22.15,10.66,11.5,16.9,11.9,79.8,0.0,8.24,334.0,1014.2,14.6,7.2,0,Clear sky,15.9,22.15,10.66,0.0,79.75,8.24,334.0,1014.2,NASA POWER MERRA-2 (primary) + ERA5-normals sim (solar/sunshine/weather-code),18,0,85,103,40892,165,0.4035,DENV-2/DENV-3,Watch,DGHS/WHO/PMC anchored estimates (daily distribution),24.7,21.4,0.0,0.0,0.0,76.5,78.9,85.0
2025-12-26,2025,12,26,360,Dry Winter,Dhaka,23.71,90.41,15.86,22.27,10.02,12.2,16.8,11.5,78.2,0.0,7.74,332.3,1014.0,11.8,6.4,0,Clear sky,15.86,22.27,10.02,0.0,78.21,7.74,332.3,1014.0,NASA POWER MERRA-2 (primary) + ERA5-normals sim (solar/sunshine/weather-code),10,0,74,84,40902,165,0.4034,DENV-2/DENV-3,Watch,DGHS/WHO/PMC anchored estimates (daily distribution),22.4,20.7,0.0,0.0,0.0,77.0,71.5,85.6
2025-12-27,2025,12,27,361,Dry Winter,Dhaka,23.71,90.41,16.14,22.05,10.68,11.4,17.1,12.1,79.6,0.0,6.23,340.3,1014.0,14.9,7.3,0,Clear sky,16.14,22.05,10.68,0.0,79.64,6.23,340.3,1014.0,NASA POWER MERRA-2 (primary) + ERA5-normals sim (solar/sunshine/weather-code),31,0,68,99,40933,165,0.4031,DENV-2/DENV-3,Moderate,DGHS/WHO/PMC anchored estimates (daily distribution),20.6,22.1,0.0,0.0,0.0,80.3,74.5,80.8
2025-12-28,2025,12,28,362,Dry Winter,Dhaka,23.71,90.41,15.82,22.17,10.55,11.6,17.0,12.4,82.9,0.0,8.82,336.2,1015.0,15.2,8.1,1,Mainly clear,15.82,22.17,10.55,0.0,82.89,8.82,336.2,1015.0,NASA POWER MERRA-2 (primary) + ERA5-normals sim (solar/sunshine/weather-code),17,0,84,101,40950,165,0.4029,DENV-2/DENV-3,Watch,DGHS/WHO/PMC anchored estimates (daily distribution),18.9,22.3,0.0,0.0,0.0,81.7,76.7,83.6
2025-12-29,2025,12,29,363,Dry Winter,Dhaka,23.71,90.41,15.05,21.06,10.29,10.8,16.3,12.0,85.0,0.0,9.68,330.5,1014.9,17.6,6.2,1,Mainly clear,15.05,21.06,10.29,0.0,84.95,9.68,330.5,1014.9,NASA POWER MERRA-2 (primary) + ERA5-normals sim (solar/sunshine/weather-code),42,0,76,118,40992,165,0.4025,DENV-2/DENV-3,Moderate,DGHS/WHO/PMC anchored estimates (daily distribution),22.6,24.5,0.0,0.0,0.0,81.2,77.9,82.8
2025-12-30,2025,12,30,364,Dry Winter,Dhaka,23.71,90.41,14.09,20.08,10.25,9.8,15.4,11.4,86.4,0.14,9.97,326.9,1013.9,15.6,6.2,0,Clear sky,14.09,20.08,10.25,0.14,86.38,9.97,326.9,1013.9,NASA POWER MERRA-2 (primary) + ERA5-normals sim (solar/sunshine/weather-code),23,2,98,123,41015,167,0.4072,DENV-2/DENV-3,Moderate,DGHS/WHO/PMC anchored estimates (daily distribution),23.7,24.1,0.0,0.15,0.0,83.5,78.6,75.8
2025-12-31,2025,12,31,365,Dry Winter,Dhaka,23.71,90.41,14.1,20.48,8.69,11.8,15.3,10.8,83.4,0.17,9.68,337.2,1012.7,15.1,9.0,0,Clear sky,14.1,20.48,8.69,0.17,83.45,9.68,337.2,1012.7,NASA POWER MERRA-2 (primary) + ERA5-normals sim (solar/sunshine/weather-code),16,0,113,129,41031,167,0.407,DENV-2/DENV-3,Watch,DGHS/WHO/PMC anchored estimates (daily distribution),22.4,23.3,0.0,0.0,0.0,83.0,78.3,77.9
2026-01-01,2026,1,1,1,Dry Winter,Dhaka,23.71,90.41,15.77,22.41,9.64,12.8,16.8,12.0,81.4,0.0,7.78,329.2,1013.4,22.3,7.2,1,Mainly clear,15.77,22.41,9.64,0.0,81.35,7.78,329.2,1013.4,NASA POWER MERRA-2 (primary) + ERA5-normals sim (solar/sunshine/weather-code),0,0,98,98,0,0,0.0,DENV-2/DENV-3,No Alert,DGHS/WHO/PMC anchored estimates (daily distribution),19.9,22.3,0.0,0.0,0.0,79.8,76.5,78.9
2026-01-02,2026,1,2,2,Dry Winter,Dhaka,23.71,90.41,15.73,21.88,10.48,11.4,16.9,12.4,83.1,0.0,8.86,321.1,1014.6,18.2,4.3,0,Clear sky,15.73,21.88,10.48,0.0,83.1,8.86,321.1,1014.6,NASA POWER MERRA-2 (primary) + ERA5-normals sim (solar/sunshine/weather-code),0,0,81,81,0,0,0.0,DENV-2/DENV-3,No Alert,DGHS/WHO/PMC anchored estimates (daily distribution),18.4,20.4,0.0,0.0,0.0,78.2,77.0,71.5
2026-01-03,2026,1,3,3,Dry Winter,Dhaka,23.71,90.41,16.14,21.8,11.42,10.4,17.2,12.3,80.8,0.0,6.91,329.3,1016.3,12.4,9.1,0,Clear sky,16.14,21.8,11.42,0.0,80.83,6.91,329.3,1016.3,NASA POWER MERRA-2 (primary) + ERA5-normals sim (solar/sunshine/weather-code),0,0,39,39,0,0,0.0,DENV-2/DENV-3,No Alert,DGHS/WHO/PMC anchored estimates (daily distribution),14.0,17.3,0.0,0.0,0.0,79.6,80.3,74.5
2026-01-04,2026,1,4,4,Dry Winter,Dhaka,23.71,90.41,15.24,21.44,9.99,11.5,16.3,11.4,81.0,0.0,10.33,340.6,1017.2,21.1,8.3,1,Mainly clear,15.24,21.44,9.99,0.0,80.95,10.33,340.6,1017.2,NASA POWER MERRA-2 (primary) + ERA5-normals sim (solar/sunshine/weather-code),0,0,16,16,0,0,0.0,DENV-2/DENV-3,No Alert,DGHS/WHO/PMC anchored estimates (daily distribution),11.6,15.2,0.0,0.0,0.0,82.9,81.7,76.7
2026-01-05,2026,1,5,5,Dry Winter,Dhaka,23.71,90.41,14.18,21.15,8.75,12.4,15.3,10.7,82.6,0.0,11.05,334.6,1017.9,19.3,6.9,0,Clear sky,14.18,21.15,8.75,0.0,82.65,11.05,334.6,1017.9,NASA POWER MERRA-2 (primary) + ERA5-normals sim (solar/sunshine/weather-code),0,0,0,0,0,0,0.0,DENV-2/DENV-3,No Alert,DGHS/WHO/PMC anchored estimates (daily distribution),5.6,14.1,0.0,0.0,0.0,85.0,81.2,77.9
2026-01-06,2026,1,6,6,Dry Winter,Dhaka,23.71,90.41,13.91,20.84,8.73,12.1,15.1,10.6,83.6,0.0,12.78,332.7,1017.7,16.6,6.1,0,Clear sky,13.91,20.84,8.73,0.0,83.61,12.78,332.7,1017.7,NASA POWER MERRA-2 (primary) + ERA5-normals sim (solar/sunshine/weather-code),0,0,0,0,0,0,0.0,DENV-2/DENV-3,No Alert,DGHS/WHO/PMC anchored estimates (daily distribution),2.3,13.0,0.14,0.0,0.15,86.4,83.5,78.6
2026-01-07,2026,1,7,7,Dry Winter,Dhaka,23.71,90.41,14.86,22.47,8.96,13.5,15.9,11.0,80.8,0.0,12.2,332.2,1018.2,19.5,6.9,0,Clear sky,14.86,22.47,8.96,0.0,80.83,12.2,332.2,1018.2,NASA POWER MERRA-2 (primary) + ERA5-normals sim (solar/sunshine/weather-code),0,0,0,0,0,0,0.0,DENV-2/DENV-3,No Alert,DGHS/WHO/PMC anchored estimates (daily distribution),0.0,11.2,0.17,0.0,0.0,83.4,83.0,78.3
2026-01-08,2026,1,8,8,Dry Winter,Dhaka,23.71,90.41,15.22,22.69,9.28,13.4,16.1,10.7,77.6,0.0,11.3,339.7,1018.0,18.9,7.9,0,Clear sky,15.22,22.69,9.28,0.0,77.65,11.3,339.7,1018.0,NASA POWER MERRA-2 (primary) + ERA5-normals sim (solar/sunshine/weather-code),0,0,0,0,0,0,0.0,DENV-2/DENV-3,No Alert,DGHS/WHO/PMC anchored estimates (daily distribution),0.0,9.9,0.0,0.0,0.0,81.4,79.8,76.5
2026-01-09,2026,1,9,9,Dry Winter,Dhaka,23.71,90.41,15.74,23.47,8.93,14.5,16.6,11.2,77.1,0.0,8.5,321.3,1016.7,15.9,5.2,0,Clear sky,15.74,23.47,8.93,0.0,77.07,8.5,321.3,1016.7,NASA POWER MERRA-2 (primary) + ERA5-normals sim (solar/sunshine/weather-code),0,0,0,0,0,0,0.0,DENV-2/DENV-3,No Alert,DGHS/WHO/PMC anchored estimates (daily distribution),0.0,9.2,0.0,0.0,0.0,83.1,78.2,77.0
2026-01-10,2026,1,10,10,Dry Winter,Dhaka,23.71,90.41,15.81,22.57,9.68,12.9,16.8,11.6,78.9,0.0,8.78,330.0,1015.9,20.8,7.8,1,Mainly clear,15.81,22.57,9.68,0.0,78.93,8.78,330.0,1015.9,NASA POWER MERRA-2 (primary) + ERA5-normals sim (solar/sunshine/weather-code),0,0,0,0,0,0,0.0,DENV-2/DENV-3,No Alert,DGHS/WHO/PMC anchored estimates (daily distribution),0.0,7.0,0.0,0.0,0.0,80.8,79.6,80.3
2026-01-11,2026,1,11,11,Dry Winter,Dhaka,23.71,90.41,16.65,23.82,11.07,12.8,17.7,12.7,80.4,0.0,9.68,321.4,1016.9,18.4,7.7,0,Clear sky,16.65,23.82,11.07,0.0,80.45,9.68,321.4,1016.9,NASA POWER MERRA-2 (primary) + ERA5-normals sim (solar/sunshine/weather-code),0,0,0,0,0,0,0.0,DENV-2/DENV-3,No Alert,DGHS/WHO/PMC anchored estimates (daily distribution),0.0,5.8,0.0,0.0,0.0,81.0,82.9,81.7
2026-01-12,2026,1,12,12,Dry Winter,Dhaka,23.71,90.41,16.91,24.09,10.94,13.2,17.9,12.8,79.6,0.0,11.09,329.8,1017.5,14.9,8.5,61,Moderate rain,16.91,24.09,10.94,0.0,79.63,11.09,329.8,1017.5,NASA POWER MERRA-2 (primary) + ERA5-normals sim (solar/sunshine/weather-code),0,0,0,0,0,0,0.0,DENV-2/DENV-3,No Alert,DGHS/WHO/PMC anchored estimates (daily distribution),0.0,2.8,0.0,0.0,0.0,82.6,85.0,81.2
2026-01-13,2026,1,13,13,Dry Winter,Dhaka,23.71,90.41,17.25,24.48,11.46,13.0,18.2,12.9,78.2,0.0,10.84,319.5,1015.7,20.1,8.8,1,Mainly clear,17.25,24.48,11.46,0.0,78.2,10.84,319.5,1015.7,NASA POWER MERRA-2 (primary) + ERA5-normals sim (solar/sunshine/weather-code),0,0,0,0,0,0,0.0,DENV-2/DENV-3,No Alert,DGHS/WHO/PMC anchored estimates (daily distribution),0.0,1.1,0.0,0.14,0.0,83.6,86.4,83.5
2026-01-14,2026,1,14,14,Dry Winter,Dhaka,23.71,90.41,17.13,24.56,11.11,13.4,18.0,12.4,76.4,1.89,9.68,312.6,1013.5,11.9,6.8,1,Mainly clear,17.13,24.56,11.11,1.89,76.42,9.68,312.6,1013.5,NASA POWER MERRA-2 (primary) + ERA5-normals sim (solar/sunshine/weather-code),0,0,0,0,0,0,0.0,DENV-2/DENV-3,No Alert,DGHS/WHO/PMC anchored estimates (daily distribution),0.0,0.0,0.0,0.17,0.0,80.8,83.4,83.0
2026-01-15,2026,1,15,15,Dry Winter,Dhaka,23.71,90.41,17.22,24.63,11.4,13.2,18.1,12.6,76.8,0.0,10.22,318.8,1013.1,23.5,8.3,0,Clear sky,17.22,24.63,11.4,0.0,76.78,10.22,318.8,1013.1,NASA POWER MERRA-2 (primary) + ERA5-normals sim (solar/sunshine/weather-code),0,0,0,0,0,0,0.0,DENV-2/DENV-3,No Alert,DGHS/WHO/PMC anchored estimates (daily distribution),0.0,0.0,0.0,0.0,0.0,77.6,81.4,79.8
2026-01-16,2026,1,16,16,Dry Winter,Dhaka,23.71,90.41,17.04,24.42,10.93,13.5,17.9,12.3,76.4,0.0,10.69,316.9,1013.1,17.6,7.7,1,Mainly clear,17.04,24.42,10.93,0.0,76.41,10.69,316.9,1013.1,NASA POWER MERRA-2 (primary) + ERA5-normals sim (solar/sunshine/weather-code),0,0,0,0,0,0,0.0,DENV-2/DENV-3,No Alert,DGHS/WHO/PMC anchored estimates (daily distribution),0.0,0.0,0.0,0.0,0.0,77.1,83.1,78.2
2026-01-17,2026,1,17,17,Dry Winter,Dhaka,23.71,90.41,17.6,25.04,11.39,13.6,18.5,13.0,77.0,0.0,10.04,327.4,1012.0,22.7,4.7,0,Clear sky,17.6,25.04,11.39,0.0,76.98,10.04,327.4,1012.0,NASA POWER MERRA-2 (primary) + ERA5-normals sim (solar/sunshine/weather-code),0,0,0,0,0,0,0.0,DENV-2/DENV-3,No Alert,DGHS/WHO/PMC anchored estimates (daily distribution),0.0,0.0,0.0,0.0,0.0,78.9,80.8,79.6
2026-01-18,2026,1,18,18,Dry Winter,Dhaka,23.71,90.41,18.36,25.75,12.02,13.7,19.0,12.8,72.3,0.0,7.34,332.9,1011.2,19.9,8.2,61,Moderate rain,18.36,25.75,12.02,0.0,72.26,7.34,332.9,1011.2,NASA POWER MERRA-2 (primary) + ERA5-normals sim (solar/sunshine/weather-code),0,0,0,0,0,0,0.0,DENV-2/DENV-3,No Alert,DGHS/WHO/PMC anchored estimates (daily distribution),0.0,0.0,0.0,0.0,0.0,80.4,81.0,82.9
2026-01-19,2026,1,19,19,Dry Winter,Dhaka,23.71,90.41,18.55,25.84,12.49,13.4,19.2,13.3,73.6,0.0,8.21,330.8,1012.0,15.5,7.2,1,Mainly clear,18.55,25.84,12.49,0.0,73.58,8.21,330.8,1012.0,NASA POWER MERRA-2 (primary) + ERA5-normals sim (solar/sunshine/weather-code),0,0,0,0,0,0,0.0,DENV-2/DENV-3,No Alert,DGHS/WHO/PMC anchored estimates (daily distribution),0.0,0.0,0.0,0.0,0.0,79.6,82.6,85.0
2026-01-20,2026,1,20,20,Dry Winter,Dhaka,23.71,90.41,18.8,26.26,12.71,13.6,19.3,13.0,70.9,0.0,8.96,346.5,1013.3,15.9,9.0,0,Clear sky,18.8,26.26,12.71,0.0,70.86,8.96,346.5,1013.3,NASA POWER MERRA-2 (primary) + ERA5-normals sim (solar/sunshine/weather-code),0,0,0,0,0,0,0.0,DENV-2/DENV-3,No Alert,DGHS/WHO/PMC anchored estimates (daily distribution),0.0,0.0,0.0,0.0,0.14,78.2,83.6,86.4
2026-01-21,2026,1,21,21,Dry Winter,Dhaka,23.71,90.41,18.78,25.93,12.33,13.6,19.0,11.8,65.2,0.0,9.68,345.1,1014.6,18.8,6.4,0,Clear sky,18.78,25.93,12.33,0.0,65.22,9.68,345.1,1014.6,NASA POWER MERRA-2 (primary) + ERA5-normals sim (solar/sunshine/weather-code),0,0,0,0,0,0,0.0,DENV-2/DENV-3,No Alert,DGHS/WHO/PMC anchored estimates (daily distribution),0.0,0.0,1.89,0.0,0.17,76.4,80.8,83.4
2026-01-22,2026,1,22,22,Dry Winter,Dhaka,23.71,90.41,17.92,25.09,12.11,13.0,18.2,10.9,64.9,0.0,9.83,349.0,1015.7,13.5,8.5,0,Clear sky,17.92,25.09,12.11,0.0,64.92,9.83,349.0,1015.7,NASA POWER MERRA-2 (primary) + ERA5-normals sim (solar/sunshine/weather-code),0,0,0,0,0,0,0.0,DENV-2/DENV-3,No Alert,DGHS/WHO/PMC anchored estimates (daily distribution),0.0,0.0,0.0,0.0,0.0,76.8,77.6,81.4
2026-01-23,2026,1,23,23,Dry Winter,Dhaka,23.71,90.41,18.0,25.37,11.62,13.8,18.2,10.6,63.0,0.0,7.6,337.0,1016.7,12.9,7.0,1,Mainly clear,18.0,25.37,11.62,0.0,62.99,7.6,337.0,1016.7,NASA POWER MERRA-2 (primary) + ERA5-normals sim (solar/sunshine/weather-code),0,0,0,0,0,0,0.0,DENV-2/DENV-3,No Alert,DGHS/WHO/PMC anchored estimates (daily distribution),0.0,0.0,0.0,0.0,0.0,76.4,77.1,83.1
2026-01-24,2026,1,24,24,Dry Winter,Dhaka,23.71,90.41,18.08,25.23,11.66,13.6,18.4,11.4,66.5,0.0,7.74,322.3,1016.7,14.5,9.3,0,Clear sky,18.08,25.23,11.66,0.0,66.52,7.74,322.3,1016.7,NASA POWER MERRA-2 (primary) + ERA5-normals sim (solar/sunshine/weather-code),0,0,0,0,0,0,0.0,DENV-2/DENV-3,No Alert,DGHS/WHO/PMC anchored estimates (daily distribution),0.0,0.0,0.0,0.0,0.0,77.0,78.9,80.8
2026-01-25,2026,1,25,25,Dry Winter,Dhaka,23.71,90.41,18.09,24.88,12.87,12.0,18.8,13.0,74.6,0.0,8.75,339.0,1015.7,15.1,9.4,0,Clear sky,18.09,24.88,12.87,0.0,74.62,8.75,339.0,1015.7,NASA POWER MERRA-2 (primary) + ERA5-normals sim (solar/sunshine/weather-code),0,0,0,0,0,0,0.0,DENV-2/DENV-3,No Alert,DGHS/WHO/PMC anchored estimates (daily distribution),0.0,0.0,0.0,0.0,0.0,72.3,80.4,81.0
2026-01-26,2026,1,26,26,Dry Winter,Dhaka,23.71,90.41,18.76,26.14,13.06,13.1,19.1,12.3,67.7,0.0,10.73,339.0,1016.8,16.9,8.7,1,Mainly clear,18.76,26.14,13.06,0.0,67.73,10.73,339.0,1016.8,NASA POWER MERRA-2 (primary) + ERA5-normals sim (solar/sunshine/weather-code),0,0,0,0,0,0,0.0,DENV-2/DENV-3,No Alert,DGHS/WHO/PMC anchored estimates (daily distribution),0.0,0.0,0.0,0.0,0.0,73.6,79.6,82.6
2026-01-27,2026,1,27,27,Dry Winter,Dhaka,23.71,90.41,18.38,25.82,12.19,13.6,18.8,12.1,68.7,0.0,10.12,334.2,1017.0,17.2,7.9,61,Moderate rain,18.38,25.82,12.19,0.0,68.68,10.12,334.2,1017.0,NASA POWER MERRA-2 (primary) + ERA5-normals sim (solar/sunshine/weather-code),0,0,0,0,0,0,0.0,DENV-2/DENV-3,No Alert,DGHS/WHO/PMC anchored estimates (daily distribution),0.0,0.0,0.0,0.0,0.0,70.9,78.2,83.6
2026-01-28,2026,1,28,28,Dry Winter,Dhaka,23.71,90.41,19.15,27.07,13.18,13.9,19.4,12.1,64.8,0.0,7.16,328.7,1015.4,17.4,7.0,0,Clear sky,19.15,27.07,13.18,0.0,64.77,7.16,328.7,1015.4,NASA POWER MERRA-2 (primary) + ERA5-normals sim (solar/sunshine/weather-code),0,0,0,0,0,0,0.0,DENV-2/DENV-3,No Alert,DGHS/WHO/PMC anchored estimates (daily distribution),0.0,0.0,0.0,1.89,0.0,65.2,76.4,80.8
2026-01-29,2026,1,29,29,Dry Winter,Dhaka,23.71,90.41,19.91,26.94,13.99,13.0,20.4,13.7,68.8,0.0,7.99,344.3,1015.0,13.9,6.2,51,Light drizzle,19.91,26.94,13.99,0.0,68.78,7.99,344.3,1015.0,NASA POWER MERRA-2 (primary) + ERA5-normals sim (solar/sunshine/weather-code),0,0,0,0,0,0,0.0,DENV-2/DENV-3,No Alert,DGHS/WHO/PMC anchored estimates (daily distribution),0.0,0.0,0.0,0.0,0.0,64.9,76.8,77.6
2026-01-30,2026,1,30,30,Dry Winter,Dhaka,23.71,90.41,19.75,26.83,14.31,12.5,20.3,13.8,70.2,0.0,9.76,329.0,1016.6,15.2,7.4,0,Clear sky,19.75,26.83,14.31,0.0,70.21,9.76,329.0,1016.6,NASA POWER MERRA-2 (primary) + ERA5-normals sim (solar/sunshine/weather-code),0,0,0,0,0,0,0.0,DENV-2/DENV-3,No Alert,DGHS/WHO/PMC anchored estimates (daily distribution),0.0,0.0,0.0,0.0,0.0,63.0,76.4,77.1
2026-01-31,2026,1,31,31,Dry Winter,Dhaka,23.71,90.41,18.86,26.6,12.54,14.1,19.1,11.9,65.4,0.0,10.58,343.0,1016.8,14.6,4.5,1,Mainly clear,18.86,26.6,12.54,0.0,65.37,10.58,343.0,1016.8,NASA POWER MERRA-2 (primary) + ERA5-normals sim (solar/sunshine/weather-code),0,0,0,0,0,0,0.0,DENV-2/DENV-3,No Alert,DGHS/WHO/PMC anchored estimates (daily distribution),0.0,0.0,0.0,0.0,0.0,66.5,77.0,78.9
2026-02-01,2026,2,1,32,Dry Winter,Dhaka,23.71,90.41,18.71,26.08,12.4,13.7,19.3,13.0,71.3,0.0,10.08,334.3,1016.8,19.8,8.0,61,Moderate rain,18.71,26.08,12.4,0.0,71.33,10.08,334.3,1016.8,NASA POWER MERRA-2 (primary) + ERA5-normals sim (solar/sunshine/weather-code),0,0,0,0,0,0,0.0,DENV-2/DENV-3,No Alert,DGHS/WHO/PMC anchored estimates (daily distribution),0.0,0.0,0.0,0.0,0.0,74.6,72.3,80.4
2026-02-02,2026,2,2,33,Dry Winter,Dhaka,23.71,90.41,19.55,27.06,13.43,13.6,20.1,13.7,70.9,0.0,9.61,336.3,1016.0,20.3,6.7,0,Clear sky,19.55,27.06,13.43,0.0,70.9,9.61,336.3,1016.0,NASA POWER MERRA-2 (primary) + ERA5-normals sim (solar/sunshine/weather-code),0,0,0,0,0,0,0.0,DENV-2/DENV-3,No Alert,DGHS/WHO/PMC anchored estimates (daily distribution),0.0,0.0,0.0,0.0,0.0,67.7,73.6,79.6
2026-02-03,2026,2,3,34,Dry Winter,Dhaka,23.71,90.41,20.47,28.64,13.75,14.9,20.7,13.3,64.3,0.0,7.96,352.4,1016.5,22.8,9.3,51,Light drizzle,20.47,28.64,13.75,0.0,64.28,7.96,352.4,1016.5,NASA POWER MERRA-2 (primary) + ERA5-normals sim (solar/sunshine/weather-code),0,0,0,0,0,0,0.0,DENV-2/DENV-3,No Alert,DGHS/WHO/PMC anchored estimates (daily distribution),0.0,0.0,0.0,0.0,0.0,68.7,70.9,78.2
2026-02-04,2026,2,4,35,Dry Winter,Dhaka,23.71,90.41,20.21,26.8,14.85,12.0,20.6,13.6,67.1,0.0,9.22,325.3,1016.4,15.7,6.9,0,Clear sky,20.21,26.8,14.85,0.0,67.11,9.22,325.3,1016.4,NASA POWER MERRA-2 (primary) + ERA5-normals sim (solar/sunshine/weather-code),0,0,0,0,0,0,0.0,DENV-2/DENV-3,No Alert,DGHS/WHO/PMC anchored estimates (daily distribution),0.0,0.0,0.0,0.0,1.89,64.8,65.2,76.4
2026-02-05,2026,2,5,36,Dry Winter,Dhaka,23.71,90.41,20.24,27.55,13.68,13.9,20.0,11.4,56.0,0.0,9.22,326.0,1016.3,19.7,7.0,1,Mainly clear,20.24,27.55,13.68,0.0,56.01,9.22,326.0,1016.3,NASA POWER MERRA-2 (primary) + ERA5-normals sim (solar/sunshine/weather-code),0,0,0,0,0,0,0.0,DENV-2/DENV-3,No Alert,DGHS/WHO/PMC anchored estimates (daily distribution),0.0,0.0,0.0,0.0,0.0,68.8,64.9,76.8
2026-02-06,2026,2,6,37,Dry Winter,Dhaka,23.71,90.41,18.49,25.82,12.53,13.3,18.2,9.2,53.6,0.0,10.33,333.2,1015.7,22.2,6.8,0,Clear sky,18.49,25.82,12.53,0.0,53.6,10.33,333.2,1015.7,NASA POWER MERRA-2 (primary) + ERA5-normals sim (solar/sunshine/weather-code),0,0,0,0,0,0,0.0,DENV-2/DENV-3,No Alert,DGHS/WHO/PMC anchored estimates (daily distribution),0.0,0.0,0.0,0.0,0.0,70.2,63.0,76.4
2026-02-07,2026,2,7,38,Dry Winter,Dhaka,23.71,90.41,17.7,25.26,11.17,14.1,17.6,9.4,58.3,0.0,10.44,329.3,1014.2,17.0,6.5,51,Light drizzle,17.7,25.26,11.17,0.0,58.32,10.44,329.3,1014.2,NASA POWER MERRA-2 (primary) + ERA5-normals sim (solar/sunshine/weather-code),0,0,0,0,0,0,0.0,DENV-2/DENV-3,No Alert,DGHS/WHO/PMC anchored estimates (daily distribution),0.0,0.0,0.0,0.0,0.0,65.4,66.5,77.0
2026-02-08,2026,2,8,39,Dry Winter,Dhaka,23.71,90.41,18.55,26.62,12.03,14.6,18.5,10.4,59.3,0.0,10.08,337.2,1014.0,15.1,7.9,0,Clear sky,18.55,26.62,12.03,0.0,59.26,10.08,337.2,1014.0,NASA POWER MERRA-2 (primary) + ERA5-normals sim (solar/sunshine/weather-code),0,0,0,0,0,0,0.0,DENV-2/DENV-3,No Alert,DGHS/WHO/PMC anchored estimates (daily distribution),0.0,0.0,0.0,0.0,0.0,71.3,74.6,72.3
2026-02-09,2026,2,9,40,Dry Winter,Dhaka,23.71,90.41,18.7,26.42,12.26,14.2,18.4,9.6,54.4,0.0,9.72,333.3,1013.5,24.7,8.0,0,Clear sky,18.7,26.42,12.26,0.0,54.35,9.72,333.3,1013.5,NASA POWER MERRA-2 (primary) + ERA5-normals sim (solar/sunshine/weather-code),0,0,0,0,0,0,0.0,DENV-2/DENV-3,No Alert,DGHS/WHO/PMC anchored estimates (daily distribution),0.0,0.0,0.0,0.0,0.0,70.9,67.7,73.6
2026-02-10,2026,2,10,41,Dry Winter,Dhaka,23.71,90.41,19.4,27.14,12.73,14.4,19.2,10.8,56.9,0.0,8.6,323.7,1014.4,18.5,6.4,1,Mainly clear,19.4,27.14,12.73,0.0,56.94,8.6,323.7,1014.4,NASA POWER MERRA-2 (primary) + ERA5-normals sim (solar/sunshine/weather-code),0,0,0,0,0,0,0.0,DENV-2/DENV-3,No Alert,DGHS/WHO/PMC anchored estimates (daily distribution),0.0,0.0,0.0,0.0,0.0,64.3,68.7,70.9
2026-02-11,2026,2,11,42,Dry Winter,Dhaka,23.71,90.41,19.94,28.17,13.48,14.7,19.9,11.8,59.2,0.0,9.9,334.9,1015.8,22.0,7.6,1,Mainly clear,19.94,28.17,13.48,0.0,59.21,9.9,334.9,1015.8,NASA POWER MERRA-2 (primary) + ERA5-normals sim (solar/sunshine/weather-code),0,0,0,0,0,0,0.0,DENV-2/DENV-3,No Alert,DGHS/WHO/PMC anchored estimates (daily distribution),0.0,0.0,0.0,0.0,0.0,67.1,64.8,65.2
2026-02-12,2026,2,12,43,Dry Winter,Dhaka,23.71,90.41,19.95,28.32,14.02,14.3,19.7,10.9,54.6,0.0,10.19,336.1,1015.1,18.6,6.7,1,Mainly clear,19.95,28.32,14.02,0.0,54.62,10.19,336.1,1015.1,NASA POWER MERRA-2 (primary) + ERA5-normals sim (solar/sunshine/weather-code),0,0,0,0,0,0,0.0,DENV-2/DENV-3,No Alert,DGHS/WHO/PMC anchored estimates (daily distribution),0.0,0.0,0.0,0.0,0.0,56.0,68.8,64.9
2026-02-13,2026,2,13,44,Dry Winter,Dhaka,23.71,90.41,20.22,28.63,13.91,14.7,19.8,10.6,52.1,0.0,10.4,335.2,1013.5,18.3,8.3,0,Clear sky,20.22,28.63,13.91,0.0,52.14,10.4,335.2,1013.5,NASA POWER MERRA-2 (primary) + ERA5-normals sim (solar/sunshine/weather-code),0,0,0,0,0,0,0.0,DENV-2/DENV-3,No Alert,DGHS/WHO/PMC anchored estimates (daily distribution),0.0,0.0,0.0,0.0,0.0,53.6,70.2,63.0
2026-02-14,2026,2,14,45,Dry Winter,Dhaka,23.71,90.41,20.66,28.85,13.82,15.0,20.3,11.3,53.2,0.0,9.36,323.3,1012.4,18.5,8.1,61,Moderate rain,20.66,28.85,13.82,0.0,53.21,9.36,323.3,1012.4,NASA POWER MERRA-2 (primary) + ERA5-normals sim (solar/sunshine/weather-code),0,0,0,0,0,0,0.0,DENV-2/DENV-3,No Alert,DGHS/WHO/PMC anchored estimates (daily distribution),0.0,0.0,0.0,0.0,0.0,58.3,65.4,66.5
2026-02-15,2026,2,15,46,Dry Winter,Dhaka,23.71,90.41,21.0,28.58,15.43,13.2,20.5,10.9,49.6,0.0,8.03,331.3,1012.2,19.0,8.9,0,Clear sky,21.0,28.58,15.43,0.0,49.58,8.03,331.3,1012.2,NASA POWER MERRA-2 (primary) + ERA5-normals sim (solar/sunshine/weather-code),0,0,0,0,0,0,0.0,DENV-2/DENV-3,No Alert,DGHS/WHO/PMC anchored estimates (daily distribution),0.0,0.0,0.0,0.0,0.0,59.3,71.3,74.6
2026-02-16,2026,2,16,47,Dry Winter,Dhaka,23.71,90.41,20.58,28.88,14.53,14.4,20.2,10.9,51.8,0.0,9.86,346.9,1012.5,14.4,6.1,1,Mainly clear,20.58,28.88,14.53,0.0,51.77,9.86,346.9,1012.5,NASA POWER MERRA-2 (primary) + ERA5-normals sim (solar/sunshine/weather-code),0,0,0,0,0,0,0.0,DENV-2/DENV-3,No Alert,DGHS/WHO/PMC anchored estimates (daily distribution),0.0,0.0,0.0,0.0,0.0,54.4,70.9,67.7
2026-02-17,2026,2,17,48,Dry Winter,Dhaka,23.71,90.41,21.55,30.33,14.26,16.1,21.3,12.5,54.7,0.0,8.46,328.9,1011.9,19.4,9.2,0,Clear sky,21.55,30.33,14.26,0.0,54.71,8.46,328.9,1011.9,NASA POWER MERRA-2 (primary) + ERA5-normals sim (solar/sunshine/weather-code),0,0,0,0,0,0,0.0,DENV-2/DENV-3,No Alert,DGHS/WHO/PMC anchored estimates (daily distribution),0.0,0.0,0.0,0.0,0.0,56.9,64.3,68.7
2026-02-18,2026,2,18,49,Dry Winter,Dhaka,23.71,90.41,22.95,31.62,16.09,15.5,22.4,12.8,49.0,0.01,6.62,324.8,1012.2,18.5,6.6,61,Moderate rain,22.95,31.62,16.09,0.01,49.04,6.62,324.8,1012.2,NASA POWER MERRA-2 (primary) + ERA5-normals sim (solar/sunshine/weather-code),0,0,0,0,0,0,0.0,DENV-2/DENV-3,No Alert,DGHS/WHO/PMC anchored estimates (daily distribution),0.0,0.0,0.0,0.0,0.0,59.2,67.1,64.8
2026-02-19,2026,2,19,50,Dry Winter,Dhaka,23.71,90.41,23.24,31.01,16.21,14.8,22.5,12.3,45.5,0.0,5.83,319.5,1013.4,21.4,6.4,0,Clear sky,23.24,31.01,16.21,0.0,45.47,5.83,319.5,1013.4,NASA POWER MERRA-2 (primary) + ERA5-normals sim (solar/sunshine/weather-code),0,0,0,0,0,0,0.0,DENV-2/DENV-3,No Alert,DGHS/WHO/PMC anchored estimates (daily distribution),0.0,0.0,0.0,0.0,0.0,54.6,56.0,68.8
2026-02-20,2026,2,20,51,Dry Winter,Dhaka,23.71,90.41,23.75,31.72,17.74,14.0,23.1,13.0,46.1,0.0,7.45,315.8,1013.7,18.9,9.9,0,Clear sky,23.75,31.72,17.74,0.0,46.1,7.45,315.8,1013.7,NASA POWER MERRA-2 (primary) + ERA5-normals sim (solar/sunshine/weather-code),0,0,0,0,0,0,0.0,DENV-2/DENV-3,No Alert,DGHS/WHO/PMC anchored estimates (daily distribution),0.0,0.0,0.0,0.0,0.0,52.1,53.6,70.2
2026-02-21,2026,2,21,52,Dry Winter,Dhaka,23.71,90.41,23.54,31.46,16.85,14.6,23.0,13.4,49.3,0.0,8.03,321.8,1010.3,18.4,9.0,61,Moderate rain,23.54,31.46,16.85,0.0,49.33,8.03,321.8,1010.3,NASA POWER MERRA-2 (primary) + ERA5-normals sim (solar/sunshine/weather-code),0,0,0,0,0,0,0.0,DENV-2/DENV-3,No Alert,DGHS/WHO/PMC anchored estimates (daily distribution),0.0,0.0,0.0,0.0,0.0,53.2,58.3,65.4
2026-02-22,2026,2,22,53,Dry Winter,Dhaka,23.71,90.41,24.02,30.62,17.36,13.3,23.5,14.1,50.4,0.0,8.03,314.7,1008.6,19.5,10.2,0,Clear sky,24.02,30.62,17.36,0.0,50.39,8.03,314.7,1008.6,NASA POWER MERRA-2 (primary) + ERA5-normals sim (solar/sunshine/weather-code),0,0,0,0,0,0,0.0,DENV-2/DENV-3,No Alert,DGHS/WHO/PMC anchored estimates (daily distribution),0.0,0.0,0.0,0.0,0.0,49.6,59.3,71.3
2026-02-23,2026,2,23,54,Dry Winter,Dhaka,23.71,90.41,24.87,32.08,18.31,13.8,24.5,15.5,53.1,0.0,6.3,221.6,1008.9,22.8,6.7,0,Clear sky,24.87,32.08,18.31,0.0,53.07,6.3,221.6,1008.9,NASA POWER MERRA-2 (primary) + ERA5-normals sim (solar/sunshine/weather-code),0,0,0,0,0,0,0.0,DENV-2/DENV-3,No Alert,DGHS/WHO/PMC anchored estimates (daily distribution),0.0,0.0,0.0,0.0,0.0,51.8,54.4,70.9
2026-02-24,2026,2,24,55,Dry Winter,Dhaka,23.71,90.41,24.97,31.9,19.36,12.5,24.6,15.5,52.6,0.14,7.06,327.7,1010.0,21.3,5.9,0,Clear sky,24.97,31.9,19.36,0.14,52.62,7.06,327.7,1010.0,NASA POWER MERRA-2 (primary) + ERA5-normals sim (solar/sunshine/weather-code),0,0,0,0,0,0,0.0,DENV-2/DENV-3,No Alert,DGHS/WHO/PMC anchored estimates (daily distribution),0.0,0.0,0.0,0.0,0.0,54.7,56.9,64.3
2026-02-25,2026,2,25,56,Dry Winter,Dhaka,23.71,90.41,24.04,30.9,18.86,12.0,23.7,14.7,53.5,0.03,8.32,318.7,1010.1,19.1,7.5,61,Moderate rain,24.04,30.9,18.86,0.03,53.46,8.32,318.7,1010.1,NASA POWER MERRA-2 (primary) + ERA5-normals sim (solar/sunshine/weather-code),0,0,0,0,0,0,0.0,DENV-2/DENV-3,No Alert,DGHS/WHO/PMC anchored estimates (daily distribution),0.0,0.0,0.01,0.0,0.0,49.0,59.2,67.1
2026-02-26,2026,2,26,57,Dry Winter,Dhaka,23.71,90.41,23.77,30.62,18.34,12.3,23.1,13.0,46.0,0.07,7.99,334.6,1009.2,20.3,9.3,0,Clear sky,23.77,30.62,18.34,0.07,45.95,7.99,334.6,1009.2,NASA POWER MERRA-2 (primary) + ERA5-normals sim (solar/sunshine/weather-code),0,0,0,0,0,0,0.0,DENV-2/DENV-3,No Alert,DGHS/WHO/PMC anchored estimates (daily distribution),0.0,0.0,0.0,0.0,0.0,45.5,54.6,56.0
2026-02-27,2026,2,27,58,Dry Winter,Dhaka,23.71,90.41,24.23,31.04,17.38,13.7,23.2,12.0,38.8,0.0,5.69,255.8,1007.4,18.8,6.3,1,Mainly clear,24.23,31.04,17.38,0.0,38.8,5.69,255.8,1007.4,NASA POWER MERRA-2 (primary) + ERA5-normals sim (solar/sunshine/weather-code),0,0,0,0,0,0,0.0,DENV-2/DENV-3,No Alert,DGHS/WHO/PMC anchored estimates (daily distribution),0.0,0.0,0.0,0.0,0.0,46.1,52.1,53.6
2026-02-28,2026,2,28,59,Dry Winter,Dhaka,23.71,90.41,24.53,31.07,17.26,13.8,23.5,12.5,39.8,0.0,7.6,230.0,1006.9,19.6,8.2,0,Clear sky,24.53,31.07,17.26,0.0,39.78,7.6,230.0,1006.9,NASA POWER MERRA-2 (primary) + ERA5-normals sim (solar/sunshine/weather-code),0,0,0,0,0,0,0.0,DENV-2/DENV-3,No Alert,DGHS/WHO/PMC anchored estimates (daily distribution),0.0,0.0,0.0,0.0,0.0,49.3,53.2,58.3
2026-03-01,2026,3,1,60,Pre-Monsoon,Dhaka,23.71,90.41,25.52,34.08,17.99,16.1,25.4,17.2,58.6,0.07,11.05,197.0,1006.8,22.3,7.1,3,Overcast,25.52,34.08,17.99,0.07,58.55,11.05,197.0,1006.8,NASA POWER MERRA-2 (primary) + ERA5-normals sim (solar/sunshine/weather-code),0,0,0,0,0,0,0.0,DENV-2/DENV-3,No Alert,DGHS/WHO/PMC anchored estimates (daily distribution),0.0,0.0,0.0,0.0,0.0,50.4,49.6,59.3
2026-03-02,2026,3,2,61,Pre-Monsoon,Dhaka,23.71,90.41,25.71,31.97,21.03,10.9,26.0,18.8,65.7,0.07,7.13,172.1,1008.3,22.9,6.0,2,Partly cloudy,25.71,31.97,21.03,0.07,65.66,7.13,172.1,1008.3,NASA POWER MERRA-2 (primary) + ERA5-normals sim (solar/sunshine/weather-code),0,0,0,0,0,0,0.0,DENV-2/DENV-3,No Alert,DGHS/WHO/PMC anchored estimates (daily distribution),0.0,0.0,0.0,0.0,0.0,53.1,51.8,54.4
2026-03-03,2026,3,3,62,Pre-Monsoon,Dhaka,23.71,90.41,26.54,33.5,20.59,12.9,26.3,17.4,54.5,0.33,5.29,193.1,1009.5,17.6,7.4,2,Partly cloudy,26.54,33.5,20.59,0.33,54.52,5.29,193.1,1009.5,NASA POWER MERRA-2 (primary) + ERA5-normals sim (solar/sunshine/weather-code),0,0,0,0,0,0,0.0,DENV-2/DENV-3,No Alert,DGHS/WHO/PMC anchored estimates (daily distribution),0.0,0.0,0.14,0.0,0.0,52.6,54.7,56.9
2026-03-04,2026,3,4,63,Pre-Monsoon,Dhaka,23.71,90.41,26.74,33.88,20.09,13.8,25.6,14.0,36.3,0.0,5.4,42.9,1009.8,18.3,7.5,61,Moderate rain,26.74,33.88,20.09,0.0,36.3,5.4,42.9,1009.8,NASA POWER MERRA-2 (primary) + ERA5-normals sim (solar/sunshine/weather-code),0,0,0,0,0,0,0.0,DENV-2/DENV-3,No Alert,DGHS/WHO/PMC anchored estimates (daily distribution),0.0,0.0,0.03,0.01,0.0,53.5,49.0,59.2
2026-03-05,2026,3,5,64,Pre-Monsoon,Dhaka,23.71,90.41,27.65,34.55,20.65,13.9,26.4,14.8,36.0,0.0,3.38,167.1,1008.1,17.2,6.4,2,Partly cloudy,27.65,34.55,20.65,0.0,35.97,3.38,167.1,1008.1,NASA POWER MERRA-2 (primary) + ERA5-normals sim (solar/sunshine/weather-code),0,0,0,0,0,0,0.0,DENV-2/DENV-3,No Alert,DGHS/WHO/PMC anchored estimates (daily distribution),0.0,0.0,0.07,0.0,0.0,46.0,45.5,54.6
2026-03-06,2026,3,6,65,Pre-Monsoon,Dhaka,23.71,90.41,28.13,35.44,22.43,13.0,27.0,15.4,36.5,0.0,6.55,183.2,1008.4,12.4,8.1,2,Partly cloudy,28.13,35.44,22.43,0.0,36.53,6.55,183.2,1008.4,NASA POWER MERRA-2 (primary) + ERA5-normals sim (solar/sunshine/weather-code),0,0,0,0,0,0,0.0,DENV-2/DENV-3,No Alert,DGHS/WHO/PMC anchored estimates (daily distribution),0.0,0.0,0.0,0.0,0.0,38.8,46.1,52.1
2026-03-07,2026,3,7,66,Pre-Monsoon,Dhaka,23.71,90.41,27.0,34.07,20.08,14.0,26.5,17.0,49.8,0.01,9.68,194.0,1010.3,22.5,7.9,2,Partly cloudy,27.0,34.07,20.08,0.01,49.84,9.68,194.0,1010.3,NASA POWER MERRA-2 (primary) + ERA5-normals sim (solar/sunshine/weather-code),0,0,0,0,0,0,0.0,DENV-2/DENV-3,No Alert,DGHS/WHO/PMC anchored estimates (daily distribution),0.0,0.0,0.0,0.0,0.0,39.8,49.3,53.2
2026-03-08,2026,3,8,67,Pre-Monsoon,Dhaka,23.71,90.41,26.87,33.7,20.71,13.0,26.8,18.6,58.9,0.01,9.04,195.4,1011.1,21.5,6.2,61,Moderate rain,26.87,33.7,20.71,0.01,58.91,9.04,195.4,1011.1,NASA POWER MERRA-2 (primary) + ERA5-normals sim (solar/sunshine/weather-code),0,0,0,0,0,0,0.0,DENV-2/DENV-3,No Alert,DGHS/WHO/PMC anchored estimates (daily distribution),0.0,0.0,0.07,0.0,0.0,58.6,50.4,49.6
2026-03-09,2026,3,9,68,Pre-Monsoon,Dhaka,23.71,90.41,26.98,33.48,20.62,12.9,27.0,18.9,59.5,0.14,6.05,179.6,1012.3,25.8,7.3,61,Moderate rain,26.98,33.48,20.62,0.14,59.53,6.05,179.6,1012.3,NASA POWER MERRA-2 (primary) + ERA5-normals sim (solar/sunshine/weather-code),0,0,0,0,0,0,0.0,DENV-2/DENV-3,No Alert,DGHS/WHO/PMC anchored estimates (daily distribution),0.0,0.0,0.07,0.0,0.0,65.7,53.1,51.8
2026-03-10,2026,3,10,69,Pre-Monsoon,Dhaka,23.71,90.41,28.0,34.17,22.14,12.0,28.0,19.8,59.0,1.96,4.75,238.5,1012.6,17.0,3.9,2,Partly cloudy,28.0,34.17,22.14,1.96,58.97,4.75,238.5,1012.6,NASA POWER MERRA-2 (primary) + ERA5-normals sim (solar/sunshine/weather-code),0,0,0,0,0,0,0.0,DENV-2/DENV-3,No Alert,DGHS/WHO/PMC anchored estimates (daily distribution),0.0,0.0,0.33,0.14,0.0,54.5,52.6,54.7
2026-03-11,2026,3,11,70,Pre-Monsoon,Dhaka,23.71,90.41,28.57,34.52,23.5,11.0,28.3,19.6,55.2,0.25,6.48,224.7,1010.3,22.7,8.6,1,Mainly clear,28.57,34.52,23.5,0.25,55.18,6.48,224.7,1010.3,NASA POWER MERRA-2 (primary) + ERA5-normals sim (solar/sunshine/weather-code),0,0,0,0,0,0,0.0,DENV-2/DENV-3,No Alert,DGHS/WHO/PMC anchored estimates (daily distribution),0.0,0.0,0.0,0.03,0.01,36.3,53.5,49.0
2026-03-12,2026,3,12,71,Pre-Monsoon,Dhaka,23.71,90.41,28.12,34.66,22.33,12.3,27.8,19.0,54.2,0.1,10.66,178.4,1008.5,17.9,6.5,3,Overcast,28.12,34.66,22.33,0.1,54.21,10.66,178.4,1008.5,NASA POWER MERRA-2 (primary) + ERA5-normals sim (solar/sunshine/weather-code),0,0,0,0,0,0,0.0,DENV-2/DENV-3,No Alert,DGHS/WHO/PMC anchored estimates (daily distribution),0.0,0.0,0.0,0.07,0.0,36.0,46.0,45.5
2026-03-13,2026,3,13,72,Pre-Monsoon,Dhaka,23.71,90.41,27.89,34.97,22.92,12.0,28.3,21.7,68.9,3.31,16.81,182.0,1007.7,23.1,6.6,1,Mainly clear,27.89,34.97,22.92,3.31,68.92,16.81,182.0,1007.7,NASA POWER MERRA-2 (primary) + ERA5-normals sim (solar/sunshine/weather-code),0,0,0,0,0,0,0.0,DENV-2/DENV-3,No Alert,DGHS/WHO/PMC anchored estimates (daily distribution),0.0,0.0,0.0,0.0,0.0,36.5,38.8,46.1
2026-03-14,2026,3,14,73,Pre-Monsoon,Dhaka,23.71,90.41,28.1,34.57,23.94,10.6,28.5,21.8,68.6,1.43,21.67,184.6,1009.3,18.9,7.8,1,Mainly clear,28.1,34.57,23.94,1.43,68.63,21.67,184.6,1009.3,NASA POWER MERRA-2 (primary) + ERA5-normals sim (solar/sunshine/weather-code),0,0,0,0,0,0,0.0,DENV-2/DENV-3,No Alert,DGHS/WHO/PMC anchored estimates (daily distribution),0.0,0.0,0.01,0.0,0.0,49.8,39.8,49.3
2026-03-15,2026,3,15,74,Pre-Monsoon,Dhaka,23.71,90.41,27.74,34.2,23.73,10.5,28.1,21.3,67.8,1.98,18.79,183.7,1010.1,22.9,7.1,3,Overcast,27.74,34.2,23.73,1.98,67.8,18.79,183.7,1010.1,NASA POWER MERRA-2 (primary) + ERA5-normals sim (solar/sunshine/weather-code),0,0,0,0,0,0,0.0,DENV-2/DENV-3,No Alert,DGHS/WHO/PMC anchored estimates (daily distribution),0.0,0.0,0.01,0.07,0.0,58.9,58.6,50.4
2026-03-16,2026,3,16,75,Pre-Monsoon,Dhaka,23.71,90.41,27.49,33.11,23.74,9.4,27.9,21.0,67.4,1.67,13.68,183.2,1009.0,26.8,6.8,3,Overcast,27.49,33.11,23.74,1.67,67.35,13.68,183.2,1009.0,NASA POWER MERRA-2 (primary) + ERA5-normals sim (solar/sunshine/weather-code),0,0,0,0,0,0,0.0,DENV-2/DENV-3,No Alert,DGHS/WHO/PMC anchored estimates (daily distribution),0.0,0.0,0.14,0.07,0.0,59.5,65.7,53.1
2026-03-17,2026,3,17,76,Pre-Monsoon,Dhaka,23.71,90.41,27.55,33.69,22.65,11.0,27.9,21.1,67.6,1.69,12.85,195.4,1008.8,24.4,8.4,2,Partly cloudy,27.55,33.69,22.65,1.69,67.56,12.85,195.4,1008.8,NASA POWER MERRA-2 (primary) + ERA5-normals sim (solar/sunshine/weather-code),0,0,0,0,0,0,0.0,DENV-2/DENV-3,No Alert,DGHS/WHO/PMC anchored estimates (daily distribution),0.0,0.0,1.96,0.33,0.14,59.0,54.5,52.6
2026-03-18,2026,3,18,77,Pre-Monsoon,Dhaka,23.71,90.41,27.97,34.7,22.13,12.6,28.3,21.2,66.2,1.84,11.16,184.0,1010.1,19.4,5.5,2,Partly cloudy,27.97,34.7,22.13,1.84,66.2,11.16,184.0,1010.1,NASA POWER MERRA-2 (primary) + ERA5-normals sim (solar/sunshine/weather-code),0,0,0,0,0,0,0.0,DENV-2/DENV-3,No Alert,DGHS/WHO/PMC anchored estimates (daily distribution),0.0,0.0,0.25,0.0,0.03,55.2,36.3,53.5
2026-03-19,2026,3,19,78,Pre-Monsoon,Dhaka,23.71,90.41,28.34,34.97,22.51,12.5,28.3,20.2,59.5,1.49,8.93,191.0,1010.5,20.2,8.1,1,Mainly clear,28.34,34.97,22.51,1.49,59.51,8.93,191.0,1010.5,NASA POWER MERRA-2 (primary) + ERA5-normals sim (solar/sunshine/weather-code),0,0,0,0,0,0,0.0,DENV-2/DENV-3,No Alert,DGHS/WHO/PMC anchored estimates (daily distribution),0.0,0.0,0.1,0.0,0.07,54.2,36.0,46.0
2026-03-20,2026,3,20,79,Pre-Monsoon,Dhaka,23.71,90.41,27.8,33.81,22.86,11.0,27.6,19.1,56.5,1.47,6.05,194.0,1009.4,21.0,7.9,2,Partly cloudy,27.8,33.81,22.86,1.47,56.49,6.05,194.0,1009.4,NASA POWER MERRA-2 (primary) + ERA5-normals sim (solar/sunshine/weather-code),0,0,0,0,0,0,0.0,DENV-2/DENV-3,No Alert,DGHS/WHO/PMC anchored estimates (daily distribution),0.0,0.0,3.31,0.0,0.0,68.9,36.5,38.8
2026-03-21,2026,3,21,80,Pre-Monsoon,Dhaka,23.71,90.41,25.41,30.68,20.9,9.8,25.7,18.4,65.0,10.38,6.84,356.0,1010.7,24.6,6.9,61,Moderate rain,25.41,30.68,20.9,10.38,64.96,6.84,356.0,1010.7,NASA POWER MERRA-2 (primary) + ERA5-normals sim (solar/sunshine/weather-code),0,0,0,0,0,0,0.0,DENV-2/DENV-3,No Alert,DGHS/WHO/PMC anchored estimates (daily distribution),0.0,0.0,1.43,0.01,0.0,68.6,49.8,39.8
2026-03-22,2026,3,22,81,Pre-Monsoon,Dhaka,23.71,90.41,23.82,29.56,19.03,10.5,24.1,17.0,66.0,1.22,6.52,304.7,1010.5,16.5,8.4,2,Partly cloudy,23.82,29.56,19.03,1.22,66.0,6.52,304.7,1010.5,NASA POWER MERRA-2 (primary) + ERA5-normals sim (solar/sunshine/weather-code),0,0,0,0,0,0,0.0,DENV-2/DENV-3,No Alert,DGHS/WHO/PMC anchored estimates (daily distribution),0.0,0.0,1.98,0.01,0.07,67.8,58.9,58.6
2026-03-23,2026,3,23,82,Pre-Monsoon,Dhaka,23.71,90.41,25.98,32.48,19.14,13.3,25.4,15.8,49.3,0.05,6.3,196.8,1010.7,24.6,6.8,2,Partly cloudy,25.98,32.48,19.14,0.05,49.26,6.3,196.8,1010.7,NASA POWER MERRA-2 (primary) + ERA5-normals sim (solar/sunshine/weather-code),0,0,0,0,0,0,0.0,DENV-2/DENV-3,No Alert,DGHS/WHO/PMC anchored estimates (daily distribution),0.0,0.0,1.67,0.14,0.07,67.4,59.5,65.7
2026-03-24,2026,3,24,83,Pre-Monsoon,Dhaka,23.71,90.41,27.31,33.89,21.12,12.8,26.9,17.7,52.0,0.13,6.91,214.0,1008.9,19.4,7.8,51,Light drizzle,27.31,33.89,21.12,0.13,51.95,6.91,214.0,1008.9,NASA POWER MERRA-2 (primary) + ERA5-normals sim (solar/sunshine/weather-code),0,0,0,0,0,0,0.0,DENV-2/DENV-3,No Alert,DGHS/WHO/PMC anchored estimates (daily distribution),0.0,0.0,1.69,1.96,0.33,67.6,59.0,54.5
2026-03-25,2026,3,25,84,Pre-Monsoon,Dhaka,23.71,90.41,28.74,35.53,22.15,13.4,28.4,19.3,52.6,0.27,9.54,198.0,1008.5,23.6,7.4,1,Mainly clear,28.74,35.53,22.15,0.27,52.63,9.54,198.0,1008.5,NASA POWER MERRA-2 (primary) + ERA5-normals sim (solar/sunshine/weather-code),0,0,0,0,0,0,0.0,DENV-2/DENV-3,No Alert,DGHS/WHO/PMC anchored estimates (daily distribution),0.0,0.0,1.84,0.25,0.0,66.2,55.2,36.3
2026-03-26,2026,3,26,85,Pre-Monsoon,Dhaka,23.71,90.41,29.79,36.85,22.78,14.1,29.2,19.3,47.5,0.02,5.26,229.6,1008.9,25.0,7.5,3,Overcast,29.79,36.85,22.78,0.02,47.49,5.26,229.6,1008.9,NASA POWER MERRA-2 (primary) + ERA5-normals sim (solar/sunshine/weather-code),0,0,0,0,0,0,0.0,DENV-2/DENV-3,No Alert,DGHS/WHO/PMC anchored estimates (daily distribution),0.0,0.0,1.49,0.1,0.0,59.5,54.2,36.0
2026-03-27,2026,3,27,86,Pre-Monsoon,Dhaka,23.71,90.41,30.19,37.16,23.96,13.2,29.6,19.7,47.6,0.33,9.22,206.9,1006.6,19.1,9.7,61,Moderate rain,30.19,37.16,23.96,0.33,47.62,9.22,206.9,1006.6,NASA POWER MERRA-2 (primary) + ERA5-normals sim (solar/sunshine/weather-code),0,0,0,0,0,0,0.0,DENV-2/DENV-3,No Alert,DGHS/WHO/PMC anchored estimates (daily distribution),0.0,0.0,1.47,3.31,0.0,56.5,68.9,36.5
2026-03-28,2026,3,28,87,Pre-Monsoon,Dhaka,23.71,90.41,26.55,31.59,23.33,8.3,26.9,19.8,66.2,2.86,9.94,74.0,1006.3,18.2,7.1,1,Mainly clear,26.55,31.59,23.33,2.86,66.23,9.94,74.0,1006.3,NASA POWER MERRA-2 (primary) + ERA5-normals sim (solar/sunshine/weather-code),0,0,0,0,0,0,0.0,DENV-2/DENV-3,No Alert,DGHS/WHO/PMC anchored estimates (daily distribution),0.0,0.0,10.38,1.43,0.01,65.0,68.6,49.8
2026-03-29,2026,3,29,88,Pre-Monsoon,Dhaka,23.71,90.41,27.23,34.62,21.16,13.5,27.3,19.5,61.2,2.6,11.05,160.2,1006.8,19.1,6.7,2,Partly cloudy,27.23,34.62,21.16,2.6,61.24,11.05,160.2,1006.8,NASA POWER MERRA-2 (primary) + ERA5-normals sim (solar/sunshine/weather-code),0,0,0,0,0,0,0.0,DENV-2/DENV-3,No Alert,DGHS/WHO/PMC anchored estimates (daily distribution),0.0,0.0,1.22,1.98,0.01,66.0,67.8,58.9
2026-03-30,2026,3,30,89,Pre-Monsoon,Dhaka,23.71,90.41,28.83,35.74,23.35,12.4,29.2,22.5,68.3,5.65,12.38,187.2,1007.4,22.7,8.4,80,Rain showers,28.83,35.74,23.35,5.65,68.26,12.38,187.2,1007.4,NASA POWER MERRA-2 (primary) + ERA5-normals sim (solar/sunshine/weather-code),0,0,0,0,0,0,0.0,DENV-2/DENV-3,No Alert,DGHS/WHO/PMC anchored estimates (daily distribution),0.0,0.0,0.05,1.67,0.14,49.3,67.4,59.5
2026-03-31,2026,3,31,90,Pre-Monsoon,Dhaka,23.71,90.41,28.66,35.65,23.86,11.8,29.2,22.7,70.2,4.21,10.04,174.7,1008.2,23.9,7.4,1,Mainly clear,28.66,35.65,23.86,4.21,70.19,10.04,174.7,1008.2,NASA POWER MERRA-2 (primary) + ERA5-normals sim (solar/sunshine/weather-code),0,0,0,0,0,0,0.0,DENV-2/DENV-3,No Alert,DGHS/WHO/PMC anchored estimates (daily distribution),0.0,0.0,0.13,1.69,1.96,52.0,67.6,59.0
2026-04-01,2026,4,1,91,Pre-Monsoon,Dhaka,23.71,90.41,29.62,36.76,23.4,13.4,29.7,22.0,62.1,0.65,11.48,189.3,1008.1,14.8,9.7,51,Light drizzle,29.62,36.76,23.4,0.65,62.14,11.48,189.3,1008.1,NASA POWER MERRA-2 (primary) + ERA5-normals sim (solar/sunshine/weather-code),7,0,0,7,7,0,0.0,DENV-2/DENV-3,Watch,DGHS/WHO/PMC anchored estimates (daily distribution),1.0,0.5,0.27,1.84,0.25,52.6,66.2,55.2
2026-04-02,2026,4,2,92,Pre-Monsoon,Dhaka,23.71,90.41,30.67,38.19,23.86,14.3,30.6,22.6,59.4,0.06,12.96,196.2,1007.3,15.4,6.3,2,Partly cloudy,30.67,38.19,23.86,0.06,59.37,12.96,196.2,1007.3,NASA POWER MERRA-2 (primary) + ERA5-normals sim (solar/sunshine/weather-code),10,0,7,17,17,0,0.0,DENV-2/DENV-3,Watch,DGHS/WHO/PMC anchored estimates (daily distribution),2.4,1.2,0.02,1.49,0.1,47.5,59.5,54.2
2026-04-03,2026,4,3,93,Pre-Monsoon,Dhaka,23.71,90.41,31.93,39.51,24.89,14.6,31.6,22.7,53.7,0.21,11.95,194.6,1006.3,20.7,7.5,51,Light drizzle,31.93,39.51,24.89,0.21,53.72,11.95,194.6,1006.3,NASA POWER MERRA-2 (primary) + ERA5-normals sim (solar/sunshine/weather-code),16,0,17,33,33,0,0.0,DENV-2/DENV-3,Watch,DGHS/WHO/PMC anchored estimates (daily distribution),4.7,2.4,0.33,1.47,3.31,47.6,56.5,68.9
2026-04-04,2026,4,4,94,Pre-Monsoon,Dhaka,23.71,90.41,31.53,38.48,25.12,13.4,31.1,21.9,52.0,0.0,10.8,202.8,1004.7,17.8,7.5,80,Rain showers,31.53,38.48,25.12,0.0,52.05,10.8,202.8,1004.7,NASA POWER MERRA-2 (primary) + ERA5-normals sim (solar/sunshine/weather-code),9,0,33,42,42,0,0.0,DENV-2/DENV-3,Watch,DGHS/WHO/PMC anchored estimates (daily distribution),6.0,3.0,2.86,10.38,1.43,66.2,65.0,68.6
2026-04-05,2026,4,5,95,Pre-Monsoon,Dhaka,23.71,90.41,30.36,36.95,25.3,11.7,29.8,20.1,48.6,0.05,12.31,236.8,1005.2,18.8,5.7,1,Mainly clear,30.36,36.95,25.3,0.05,48.61,12.31,236.8,1005.2,NASA POWER MERRA-2 (primary) + ERA5-normals sim (solar/sunshine/weather-code),5,0,42,47,47,0,0.0,DENV-2/DENV-3,Watch,DGHS/WHO/PMC anchored estimates (daily distribution),6.7,3.4,2.6,1.22,1.98,61.2,66.0,67.8
2026-04-06,2026,4,6,96,Pre-Monsoon,Dhaka,23.71,90.41,30.74,37.54,24.29,13.2,30.1,20.2,47.5,2.57,8.6,224.3,1006.8,16.6,5.7,61,Moderate rain,30.74,37.54,24.29,2.57,47.48,8.6,224.3,1006.8,NASA POWER MERRA-2 (primary) + ERA5-normals sim (solar/sunshine/weather-code),3,0,40,43,50,0,0.0,DENV-2/DENV-3,Watch,DGHS/WHO/PMC anchored estimates (daily distribution),7.1,3.6,5.65,0.05,1.67,68.3,49.3,67.4
2026-04-07,2026,4,7,97,Pre-Monsoon,Dhaka,23.71,90.41,26.31,30.19,23.81,6.4,26.4,18.8,62.3,4.26,8.64,179.7,1009.0,18.8,6.8,51,Light drizzle,26.31,30.19,23.81,4.26,62.31,8.64,179.7,1009.0,NASA POWER MERRA-2 (primary) + ERA5-normals sim (solar/sunshine/weather-code),2,0,33,35,52,0,0.0,DENV-2/DENV-3,Watch,DGHS/WHO/PMC anchored estimates (daily distribution),7.4,3.7,4.21,0.13,1.69,70.2,52.0,67.6
2026-04-08,2026,4,8,98,Pre-Monsoon,Dhaka,23.71,90.41,26.31,30.19,23.81,6.4,26.4,18.8,62.3,4.26,8.64,179.7,1009.0,19.5,6.7,51,Light drizzle,26.31,30.19,23.81,4.26,62.31,8.64,179.7,1009.0,NASA POWER MERRA-2 (primary) + ERA5-normals sim (solar/sunshine/weather-code),2,0,19,21,54,0,0.0,DENV-2/DENV-3,Watch,DGHS/WHO/PMC anchored estimates (daily distribution),6.7,3.9,0.65,0.27,1.84,62.1,52.6,66.2
